time,pid,process,engine,utilization_pct
2026-10-04T15:19:43,31820,python,3d,183.7
2026-10-04T15:19:52,31820,python,3d,98.6
2026-10-04T15:20:02,31820,python,3d,198.7
2026-10-04T15:20:11,31820,python,3d,36.0
2026-10-04T15:20:21,31820,python,3d,196.7
2026-10-04T15:20:30,31820,python,3d,197.0
2026-10-04T15:20:39,31820,python,3d,99.4
2026-10-04T15:20:49,,,error,The data in one of the performance counter samples is not valid. View the Status property for each PerformanceCounterSample object to make sure it contains valid data.
2026-10-04T15:22:03,23680,python,3d,99.3
2026-10-04T15:24:21,,,error,The data in one of the performance counter samples is not valid. View the Status property for each PerformanceCounterSample object to make sure it contains valid data.
2026-10-04T15:24:40,4,System,copy,6.0
2026-10-04T15:25:08,55148,python,3d,99.0
2026-10-04T15:25:34,55148,python,3d,99.5
2026-10-04T15:25:44,,,none,0
2026-10-04T15:25:53,,,none,0
2026-10-04T15:26:03,,,none,0
2026-10-04T15:26:12,,,none,0
2026-10-04T15:26:21,,,none,0
2026-10-04T15:26:31,4,System,copy,1.1
2026-10-04T15:26:40,,,none,0
2026-10-04T15:26:50,,,none,0
2026-10-04T15:26:59,,,none,0
2026-10-04T15:27:08,,,none,0
2026-10-04T15:27:17,4,System,copy,2.4
2026-10-04T15:27:27,,,none,0
2026-10-04T15:27:36,37116,python,3d,67.0
2026-10-04T15:27:36,4,System,copy,3.6
2026-10-04T15:27:45,,,none,0
2026-10-04T15:27:55,,,none,0
2026-10-04T15:28:04,4,System,copy,4.3
2026-10-04T15:28:13,,,none,0
2026-10-04T15:28:23,,,none,0
2026-10-04T15:28:32,,,none,0
2026-10-04T15:28:41,4,System,copy,1.2
2026-10-04T15:28:50,1892,python,3d,6.3
2026-10-04T15:28:59,1892,python,3d,34.3
2026-10-04T15:29:08,,,none,0
2026-10-04T15:29:18,,,none,0
2026-10-04T15:29:27,,,none,0
2026-10-04T15:29:36,,,none,0
2026-10-04T15:29:45,,,none,0
2026-10-04T15:29:54,,,none,0
2026-10-04T15:30:03,,,none,0
2026-10-04T15:30:12,34436,python,3d,19.7
2026-10-04T15:30:22,49780,python,3d,87.3
2026-10-04T15:30:31,,,none,0
2026-10-04T15:30:40,,,none,0
2026-10-04T15:30:49,4,System,copy,1.1
2026-10-04T15:30:58,56276,python,3d,142.1
2026-10-04T15:31:07,,,none,0
2026-10-04T15:31:16,,,none,0
2026-10-04T15:31:26,34324,python,3d,195.1
2026-10-04T15:31:35,,,none,0
2026-10-04T15:31:44,,,none,0
2026-10-04T15:31:53,2300,python,3d,155.1
2026-10-04T15:32:02,,,none,0
2026-10-04T15:32:11,48556,python,3d,98.0
2026-10-04T15:32:21,,,none,0
2026-10-04T15:32:30,47016,python,3d,97.9
2026-10-04T15:32:39,,,none,0
2026-10-04T15:32:48,,,none,0
2026-10-04T15:32:57,,,none,0
2026-10-04T15:33:06,4,System,copy,1.0
2026-10-04T15:33:15,52768,python,3d,250.5
2026-10-04T15:33:25,52768,python,3d,197.7
2026-10-04T15:33:34,52768,python,3d,195.7
2026-10-04T15:33:43,,,none,0
2026-10-04T15:33:52,55424,python,3d,250.9
2026-10-04T15:34:01,11268,python,3d,69.8
2026-10-04T15:34:10,,,none,0
2026-10-04T15:34:20,11268,python,3d,197.3
2026-10-04T15:34:29,11268,python,3d,100.0
2026-10-04T15:34:38,11268,python,3d,198.4
2026-10-04T15:34:47,4,System,copy,1.1
2026-10-04T15:34:56,5272,python,3d,99.0
2026-10-04T15:35:05,,,none,0
2026-10-04T15:35:15,,,none,0
2026-10-04T15:35:24,,,none,0
2026-10-04T15:35:33,28508,python,3d,197.1
2026-10-04T15:35:42,28508,python,3d,47.6
2026-10-04T15:35:51,28508,python,3d,198.7
2026-10-04T15:36:01,28508,python,3d,99.8
2026-10-04T15:36:10,,,none,0
2026-10-04T15:36:19,28508,python,3d,98.8
2026-10-04T15:36:28,28508,python,3d,99.3
2026-10-04T15:36:38,,,none,0
2026-10-04T15:36:47,,,none,0
2026-10-04T15:36:56,,,none,0
2026-10-04T15:37:05,,,none,0
2026-10-04T15:37:14,4,System,copy,1.2
2026-10-04T15:37:24,31640,python,3d,79.9
2026-10-04T15:37:33,31640,python,3d,56.1
2026-10-04T15:37:33,4,System,copy,1.1
2026-10-04T15:37:42,,,none,0
2026-10-04T15:37:51,52848,python,3d,198.2
2026-10-04T15:38:01,,,none,0
2026-10-04T15:38:10,52848,python,3d,99.2
2026-10-04T15:38:19,52848,python,3d,132.1
2026-10-04T15:38:28,,,none,0
2026-10-04T15:38:37,8528,python,3d,198.2
2026-10-04T15:38:47,,,none,0
2026-10-04T15:38:56,8528,python,3d,99.6
2026-10-04T15:39:05,,,none,0
2026-10-04T15:39:14,8528,python,3d,99.1
2026-10-04T15:39:24,8528,python,3d,128.6
2026-10-04T15:39:33,8528,python,3d,98.6
2026-10-04T15:39:42,8528,python,3d,87.2
2026-10-04T15:39:52,,,none,0
2026-10-04T15:40:01,,,none,0
2026-10-04T15:40:10,,,none,0
2026-10-04T15:40:19,,,none,0
2026-10-04T15:40:29,,,none,0
2026-10-04T15:40:38,,,none,0
2026-10-04T15:40:47,22980,python,3d,98.9
2026-10-04T15:40:56,,,none,0
2026-10-04T15:41:06,4,System,copy,1.1
2026-10-04T15:41:15,,,none,0
2026-10-04T15:41:24,,,none,0
2026-10-04T15:41:33,38104,python,3d,98.9
2026-10-04T15:41:43,38104,python,3d,196.0
2026-10-04T15:41:52,38104,python,3d,198.2
2026-10-04T15:42:02,,,none,0
2026-10-04T15:42:11,38104,python,3d,197.0
2026-10-04T15:42:20,38104,python,3d,99.5
2026-10-04T15:42:30,38104,python,3d,100.5
2026-10-04T15:42:39,38104,python,3d,198.3
2026-10-04T15:42:48,38104,python,3d,97.6
2026-10-04T15:42:57,,,none,0
2026-10-04T15:43:06,41512,python,3d,98.8
2026-10-04T15:43:15,41512,python,3d,153.2
2026-10-04T15:43:24,,,none,0
2026-10-04T15:43:34,41512,python,3d,99.5
2026-10-04T15:43:43,41512,python,3d,198.9
2026-10-04T15:43:52,41512,python,3d,99.2
2026-10-04T15:44:01,41512,python,3d,98.5
2026-10-04T15:44:11,,,none,0
2026-10-04T15:44:20,41512,python,3d,97.9
2026-10-04T15:44:29,,,none,0
2026-10-04T15:44:38,41512,python,3d,197.3
2026-10-04T15:44:47,41512,python,3d,98.0
2026-10-04T15:44:56,41512,python,3d,195.3
2026-10-04T15:45:05,41512,python,3d,98.7
2026-10-04T15:45:15,41512,python,3d,99.2
2026-10-04T15:45:24,41512,python,3d,196.7
2026-10-04T15:45:33,41512,python,3d,98.5
2026-10-04T15:45:43,41512,python,3d,193.9
2026-10-04T15:45:52,41512,python,3d,100.4
2026-10-04T15:46:01,41512,python,3d,77.1
2026-10-04T15:46:10,41512,python,3d,273.5
2026-10-04T15:46:20,41512,python,3d,97.7
2026-10-04T15:46:29,,,none,0
2026-10-04T15:46:38,41512,python,3d,197.2
2026-10-04T15:46:47,,,none,0
2026-10-04T15:46:56,,,none,0
2026-10-04T15:47:05,,,none,0
2026-10-04T15:47:14,4,System,copy,2.0
2026-10-04T15:47:24,,,none,0
2026-10-04T15:47:33,,,none,0
2026-10-04T15:47:42,4,System,copy,1.1
2026-10-04T15:47:51,,,none,0
2026-10-04T15:48:00,,,none,0
2026-10-04T15:48:09,48884,python,3d,196.1
2026-10-04T15:48:18,48884,python,3d,98.6
2026-10-04T15:48:27,48884,python,3d,97.9
2026-10-04T15:48:37,48884,python,3d,75.7
2026-10-04T15:48:46,,,none,0
2026-10-04T15:48:54,,,none,0
2026-10-04T15:49:04,,,none,0
2026-10-04T15:49:13,21704,python,3d,37.0
2026-10-04T15:49:22,21704,python,3d,197.1
2026-10-04T15:49:31,21704,python,3d,98.2
2026-10-04T15:49:41,21704,python,3d,99.3
2026-10-04T15:49:50,,,none,0
2026-10-04T15:49:59,21704,python,3d,98.7
2026-10-04T15:50:08,,,none,0
2026-10-04T15:50:17,4,System,copy,1.1
2026-10-04T15:50:26,,,none,0
2026-10-04T15:50:35,34324,python,3d,187.2
2026-10-04T15:50:44,,,none,0
2026-10-04T15:50:54,35348,python,3d,100.2
2026-10-04T15:51:03,,,none,0
2026-10-04T15:51:12,35348,python,3d,107.0
2026-10-04T15:51:21,50684,python,3d,109.2
2026-10-04T15:51:30,,,none,0
2026-10-04T15:51:39,,,none,0
2026-10-04T15:51:49,,,none,0
2026-10-04T15:51:57,,,none,0
2026-10-04T15:52:07,,,none,0
2026-10-04T15:52:16,,,none,0
2026-10-04T15:52:25,,,none,0
2026-10-04T15:52:34,,,none,0
2026-10-04T15:52:43,45828,python,3d,147.3
2026-10-04T15:52:43,4,System,copy,1.9
2026-10-04T15:52:53,,,none,0
2026-10-04T15:53:02,,,none,0
2026-10-04T15:53:11,56304,python,3d,98.9
2026-10-04T15:53:20,,,none,0
2026-10-04T15:53:29,,,none,0
2026-10-04T15:53:38,4,System,copy,2.3
2026-10-04T15:53:38,56304,python,3d,100.0
2026-10-04T15:53:47,,,none,0
2026-10-04T15:53:56,41500,python,3d,98.9
2026-10-04T15:54:05,41500,python,3d,99.4
2026-10-04T15:54:15,,,none,0
2026-10-04T15:54:24,41500,python,3d,195.3
2026-10-04T15:54:33,41500,python,3d,97.5
2026-10-04T15:54:42,,,none,0
2026-10-04T15:54:52,41500,python,3d,99.8
2026-10-04T15:55:01,4,System,copy,1.1
2026-10-04T15:55:10,41500,python,3d,236.9
2026-10-04T15:55:19,,,none,0
2026-10-04T15:55:28,,,none,0
2026-10-04T15:55:38,41500,python,3d,64.4
2026-10-04T15:55:38,4,System,copy,3.9
2026-10-04T15:55:47,41500,python,3d,97.4
2026-10-04T15:55:56,,,none,0
2026-10-04T15:56:05,41500,python,3d,18.9
2026-10-04T15:56:05,4,System,copy,4.6
2026-10-04T15:56:14,41500,python,3d,37.4
2026-10-04T15:56:23,,,none,0
2026-10-04T15:56:32,4,System,copy,4.0
2026-10-04T15:56:41,41500,python,3d,99.1
2026-10-04T15:56:51,,,none,0
2026-10-04T15:57:00,,,none,0
2026-10-04T15:57:09,50840,python,3d,98.9
2026-10-04T15:57:18,50840,python,3d,99.0
2026-10-04T15:57:27,,,none,0
2026-10-04T15:57:37,50840,python,3d,197.9
2026-10-04T15:57:46,,,none,0
2026-10-04T15:57:55,50840,python,3d,199.6
2026-10-04T15:58:04,50840,python,3d,98.2
2026-10-04T15:58:13,,,none,0
2026-10-04T15:58:23,50840,python,3d,201.1
2026-10-04T15:58:32,50840,python,3d,99.3
2026-10-04T15:58:41,50840,python,3d,203.2
2026-10-04T15:58:50,4,System,copy,3.1
2026-10-04T15:58:59,34304,python,3d,97.3
2026-10-04T15:58:59,4,System,copy,1.7
2026-10-04T15:59:08,34304,python,3d,196.7
2026-10-04T15:59:17,,,none,0
2026-10-04T15:59:27,,,none,0
2026-10-04T15:59:36,4,System,copy,1.7
2026-10-04T15:59:36,55848,python,3d,76.6
2026-10-04T15:59:45,55848,python,3d,99.6
2026-10-04T15:59:54,4,System,copy,1.9
2026-10-04T15:59:54,55848,python,3d,133.4
2026-10-04T16:00:03,4,System,copy,3.1
2026-10-04T16:00:03,55848,python,3d,59.2
2026-10-04T16:00:12,55848,python,3d,99.5
2026-10-04T16:00:21,55000,python,3d,157.3
2026-10-04T16:00:30,55000,python,3d,100.2
2026-10-04T16:00:40,,,none,0
2026-10-04T16:00:49,,,none,0
2026-10-04T16:00:58,55000,python,3d,98.1
2026-10-04T16:01:07,,,none,0
2026-10-04T16:01:16,55000,python,3d,98.6
2026-10-04T16:01:25,55000,python,3d,99.2
2026-10-04T16:01:35,,,none,0
2026-10-04T16:01:44,55000,python,3d,78.1
2026-10-04T16:01:53,,,none,0
2026-10-04T16:02:02,55000,python,3d,195.9
2026-10-04T16:02:11,55000,python,3d,141.7
2026-10-04T16:02:20,55000,python,3d,196.2
2026-10-04T16:02:30,55000,python,3d,99.1
2026-10-04T16:02:39,55000,python,3d,98.2
2026-10-04T16:02:48,,,none,0
2026-10-04T16:02:57,55000,python,3d,100.2
2026-10-04T16:03:06,,,none,0
2026-10-04T16:03:15,55000,python,3d,98.8
2026-10-04T16:03:25,55000,python,3d,98.9
2026-10-04T16:03:34,,,none,0
2026-10-04T16:03:43,55000,python,3d,99.0
2026-10-04T16:03:52,,,none,0
2026-10-04T16:04:01,,,none,0
2026-10-04T16:04:10,,,none,0
2026-10-04T16:04:20,55000,python,3d,99.3
2026-10-04T16:04:29,55000,python,3d,197.6
2026-10-04T16:04:38,55000,python,3d,98.8
2026-10-04T16:04:47,55000,python,3d,198.3
2026-10-04T16:04:57,,,none,0
2026-10-04T16:05:06,,,none,0
2026-10-04T16:05:15,55000,python,3d,198.5
2026-10-04T16:05:24,55000,python,3d,98.8
2026-10-04T16:05:33,55000,python,3d,198.6
2026-10-04T16:05:42,55000,python,3d,99.7
2026-10-04T16:05:52,55000,python,3d,99.1
2026-10-04T16:06:01,,,none,0
2026-10-04T16:06:10,55000,python,3d,198.9
2026-10-04T16:06:19,55000,python,3d,197.8
2026-10-04T16:06:28,55000,python,3d,99.3
2026-10-04T16:06:38,55000,python,3d,97.7
2026-10-04T16:06:47,,,none,0
2026-10-04T16:06:56,55000,python,3d,198.2
2026-10-04T16:07:05,,,none,0
2026-10-04T16:07:14,,,none,0
2026-10-04T16:07:23,,,none,0
2026-10-04T16:07:32,4,System,copy,2.9
2026-10-04T16:07:41,47700,python,3d,197.7
2026-10-04T16:07:51,47700,python,3d,99.4
2026-10-04T16:07:51,4,System,copy,2.9
2026-10-04T16:08:00,47700,python,3d,196.5
2026-10-04T16:08:09,47700,python,3d,98.5
2026-10-04T16:08:18,4,System,copy,2.9
2026-10-04T16:08:27,,,none,0
2026-10-04T16:08:36,47700,python,3d,98.3
2026-10-04T16:08:46,4,System,copy,3.0
2026-10-04T16:08:55,47700,python,3d,98.6
2026-10-04T16:08:55,4,System,copy,3.0
2026-10-04T16:09:04,,,none,0
2026-10-04T16:09:13,47700,python,3d,107.2
2026-10-04T16:09:13,4,System,copy,2.9
2026-10-04T16:09:22,,,none,0
2026-10-04T16:09:31,4,System,copy,2.9
2026-10-04T16:09:40,4,System,copy,2.9
2026-10-04T16:09:50,47700,python,3d,19.4
2026-10-04T16:09:50,4,System,copy,2.9
2026-10-04T16:09:59,,,none,0
2026-10-04T16:10:08,31956,python,3d,101.6
2026-10-04T16:10:08,4,System,copy,3.1
2026-10-04T16:10:17,31956,python,3d,81.8
2026-10-04T16:10:26,31956,python,3d,120.0
2026-10-04T16:10:26,4,System,copy,4.1
2026-10-04T16:10:35,31956,python,3d,98.7
2026-10-04T16:10:45,31956,python,3d,98.3
2026-10-04T16:10:54,,,none,0
2026-10-04T16:11:03,31956,python,3d,98.6
2026-10-04T16:11:12,31956,python,3d,173.6
2026-10-04T16:11:21,31956,python,3d,99.7
2026-10-04T16:11:21,4,System,copy,3.7
2026-10-04T16:11:30,31956,python,3d,98.5
2026-10-04T16:11:30,4,System,copy,3.7
2026-10-04T16:11:40,,,none,0
2026-10-04T16:11:49,31956,python,3d,97.6
2026-10-04T16:11:49,4,System,copy,3.7
2026-10-04T16:11:58,4,System,copy,3.6
2026-10-04T16:12:07,4,System,copy,3.7
2026-10-04T16:12:16,31956,python,3d,64.4
2026-10-04T16:12:16,4,System,copy,1.5
2026-10-04T16:12:25,,,none,0
2026-10-04T16:12:35,19280,python,3d,195.7
2026-10-04T16:12:44,19280,python,3d,99.6
2026-10-04T16:12:53,19280,python,3d,198.0
2026-10-04T16:12:53,4,System,copy,2.9
2026-10-04T16:13:02,19280,python,3d,98.0
2026-10-04T16:13:11,19280,python,3d,99.4
2026-10-04T16:13:20,,,none,0
2026-10-04T16:13:29,19280,python,3d,99.0
2026-10-04T16:13:29,4,System,copy,3.0
2026-10-04T16:13:39,19280,python,3d,202.3
2026-10-04T16:13:48,19280,python,3d,101.6
2026-10-04T16:13:57,19280,python,3d,98.4
2026-10-04T16:13:57,4,System,copy,2.9
2026-10-04T16:14:06,,,none,0
2026-10-04T16:14:15,19280,python,3d,99.2
2026-10-04T16:14:24,,,none,0
2026-10-04T16:14:33,19280,python,3d,99.4
2026-10-04T16:14:43,19280,python,3d,99.2
2026-10-04T16:14:52,19280,python,3d,196.6
2026-10-04T16:15:01,19280,python,3d,196.2
2026-10-04T16:15:10,19280,python,3d,100.1
2026-10-04T16:15:19,19280,python,3d,197.4
2026-10-04T16:15:28,19280,python,3d,99.5
2026-10-04T16:15:37,19280,python,3d,98.9
2026-10-04T16:15:47,,,none,0
2026-10-04T16:15:56,19280,python,3d,99.5
2026-10-04T16:16:05,,,none,0
2026-10-04T16:16:14,,,none,0
2026-10-04T16:16:23,19280,python,3d,99.0
2026-10-04T16:16:32,,,none,0
2026-10-04T16:16:42,19280,python,3d,99.3
2026-10-04T16:16:51,19280,python,3d,68.9
2026-10-04T16:16:51,4,System,copy,1.9
2026-10-04T16:17:00,19280,python,3d,96.3
2026-10-04T16:17:09,19280,python,3d,100.3
2026-10-04T16:17:19,19280,python,3d,96.9
2026-10-04T16:17:28,19280,python,3d,100.7
2026-10-04T16:17:37,19280,python,3d,65.2
2026-10-04T16:17:47,19280,python,3d,137.1
2026-10-04T16:17:56,19280,python,3d,94.5
2026-10-04T16:18:05,19280,python,3d,42.1
2026-10-04T16:18:05,4,System,copy,2.9
2026-10-04T16:18:15,,,none,0
2026-10-04T16:18:24,19280,python,3d,101.5
2026-10-04T16:18:34,19280,python,3d,98.8
2026-10-04T16:18:43,19280,python,3d,97.3
2026-10-04T16:18:43,4,System,copy,2.9
2026-10-04T16:18:53,19280,python,3d,89.6
2026-10-04T16:19:02,19280,python,3d,97.9
2026-10-04T16:19:02,4,System,copy,3.0
2026-10-04T16:19:11,19280,python,3d,21.5
2026-10-04T16:19:20,19280,python,3d,98.5
2026-10-04T16:19:20,4,System,copy,3.0
2026-10-04T16:19:30,19280,python,3d,22.3
2026-10-04T16:19:39,19280,python,3d,51.1
2026-10-04T16:19:48,19280,python,3d,42.5
2026-10-04T16:19:57,19280,python,3d,99.3
2026-10-04T16:20:07,,,none,0
2026-10-04T16:20:16,11632,python,3d,122.7
2026-10-04T16:20:25,11632,python,3d,96.1
2026-10-04T16:20:35,11632,python,3d,100.5
2026-10-04T16:20:44,11632,python,3d,87.9
2026-10-04T16:20:44,4,System,copy,3.7
2026-10-04T16:20:53,11632,python,3d,141.5
2026-10-04T16:21:02,11632,python,3d,99.1
2026-10-04T16:21:02,4,System,copy,1.4
2026-10-04T16:21:12,,,none,0
2026-10-04T16:21:21,14076,python,3d,90.2
2026-10-04T16:21:21,21756,other-process-1,3d,4.5
2026-10-04T16:21:31,14076,python,3d,130.5
2026-10-04T16:21:41,14076,python,3d,103.4
2026-10-04T16:21:41,4,System,copy,3.1
2026-10-04T16:21:50,14076,python,3d,95.1
2026-10-04T16:22:00,14076,python,3d,97.3
2026-10-04T16:22:09,14076,python,3d,99.2
2026-10-04T16:22:18,14076,python,3d,96.3
2026-10-04T16:22:28,14076,python,3d,99.1
2026-10-04T16:22:37,14076,python,3d,113.2
2026-10-04T16:22:47,14076,python,3d,121.8
2026-10-04T16:22:56,14076,python,3d,64.1
2026-10-04T16:23:06,14076,python,3d,134.8
2026-10-04T16:23:06,4,System,copy,2.9
2026-10-04T16:23:15,,,none,0
2026-10-04T16:23:24,14076,python,3d,95.8
2026-10-04T16:23:24,4,System,copy,3.0
2026-10-04T16:23:34,14076,python,3d,92.6
2026-10-04T16:23:34,21756,other-process-1,3d,1.6
2026-10-04T16:23:34,4,System,copy,3.2
2026-10-04T16:23:43,14076,python,3d,95.0
2026-10-04T16:23:43,21756,other-process-1,3d,1.1
2026-10-04T16:23:43,4,System,copy,3.2
2026-10-04T16:23:53,14076,python,3d,56.0
2026-10-04T16:23:53,21756,other-process-1,3d,1.5
2026-10-04T16:24:03,14076,python,3d,95.2
2026-10-04T16:24:03,21756,other-process-1,3d,1.6
2026-10-04T16:24:12,14076,python,3d,92.6
2026-10-04T16:24:12,21756,other-process-1,3d,1.6
2026-10-04T16:24:22,14076,python,3d,1.1
2026-10-04T16:24:22,21756,other-process-1,3d,3.8
2026-10-04T16:24:32,18832,python,3d,90.1
2026-10-04T16:24:32,21756,other-process-1,3d,1.4
2026-10-04T16:24:32,4,System,copy,3.9
2026-10-04T16:24:41,18832,python,3d,90.4
2026-10-04T16:24:41,21756,other-process-1,3d,1.8
2026-10-04T16:24:41,4,System,copy,4.1
2026-10-04T16:24:51,21756,other-process-1,3d,4.7
2026-10-04T16:25:01,18832,python,3d,94.0
2026-10-04T16:25:01,21756,other-process-1,3d,1.8
2026-10-04T16:25:11,18832,python,3d,92.5
2026-10-04T16:25:11,21756,other-process-1,3d,1.6
2026-10-04T16:25:21,18832,python,3d,92.6
2026-10-04T16:25:21,21756,other-process-1,3d,1.6
2026-10-04T16:25:30,18832,python,3d,90.7
2026-10-04T16:25:30,21756,other-process-1,3d,1.6
2026-10-04T16:25:30,4,System,copy,3.9
2026-10-04T16:25:40,18832,python,3d,91.0
2026-10-04T16:25:40,21756,other-process-1,3d,1.8
2026-10-04T16:25:50,18832,python,3d,2.8
2026-10-04T16:25:50,21756,other-process-1,3d,4.3
2026-10-04T16:25:50,4,System,copy,2.7
2026-10-04T16:26:00,18832,python,3d,91.1
2026-10-04T16:26:00,21756,other-process-1,3d,1.6
2026-10-04T16:26:09,18832,python,3d,89.1
2026-10-04T16:26:09,21756,other-process-1,3d,1.6
2026-10-04T16:26:09,4,System,copy,4.0
2026-10-04T16:26:19,18832,python,3d,94.0
2026-10-04T16:26:19,21756,other-process-1,3d,1.5
2026-10-04T16:26:28,18832,python,3d,92.6
2026-10-04T16:26:28,21756,other-process-1,3d,1.7
2026-10-04T16:26:38,18832,python,3d,92.2
2026-10-04T16:26:38,21756,other-process-1,3d,1.2
2026-10-04T16:26:38,4,System,copy,4.1
2026-10-04T16:26:48,18832,python,3d,88.2
2026-10-04T16:26:48,21756,other-process-1,3d,1.7
2026-10-04T16:26:48,4,System,copy,3.9
2026-10-04T16:26:57,18832,python,3d,92.1
2026-10-04T16:26:57,21756,other-process-1,3d,1.7
2026-10-04T16:26:57,4,System,copy,3.8
2026-10-04T16:27:07,21756,other-process-1,3d,4.0
2026-10-04T16:27:17,18832,python,3d,32.5
2026-10-04T16:27:17,21756,other-process-1,3d,3.2
2026-10-04T16:27:17,4,System,copy,2.6
2026-10-04T16:27:26,21756,other-process-1,3d,3.8
2026-10-04T16:27:26,4,System,copy,5.7
2026-10-04T16:27:36,21756,other-process-1,3d,1.8
2026-10-04T16:27:36,38168,python,3d,91.6
2026-10-04T16:27:45,21756,other-process-1,3d,1.7
2026-10-04T16:27:45,38168,python,3d,90.6
2026-10-04T16:27:45,4,System,copy,6.5
2026-10-04T16:27:55,21756,other-process-1,3d,1.7
2026-10-04T16:27:55,38168,python,3d,92.7
2026-10-04T16:28:05,21756,other-process-1,3d,1.6
2026-10-04T16:28:05,38168,python,3d,92.0
2026-10-04T16:28:14,21756,other-process-1,3d,1.6
2026-10-04T16:28:14,38168,python,3d,93.0
2026-10-04T16:28:24,21756,other-process-1,3d,1.7
2026-10-04T16:28:24,38168,python,3d,86.4
2026-10-04T16:28:24,4,System,copy,6.6
2026-10-04T16:28:33,21756,other-process-1,3d,2.0
2026-10-04T16:28:33,38168,python,3d,87.9
2026-10-04T16:28:33,4,System,copy,6.8
2026-10-04T16:28:45,21756,other-process-1,3d,3.2
2026-10-04T16:28:45,38168,python,3d,30.6
2026-10-04T16:28:45,4,System,copy,5.0
2026-10-04T16:28:55,21756,other-process-1,3d,1.8
2026-10-04T16:28:55,38168,python,3d,92.6
2026-10-04T16:29:05,21756,other-process-1,3d,1.9
2026-10-04T16:29:05,38168,python,3d,88.4
2026-10-04T16:29:05,4,System,copy,4.2
2026-10-04T16:29:15,21756,other-process-1,3d,1.4
2026-10-04T16:29:15,38168,python,3d,91.5
2026-10-04T16:29:25,21756,other-process-1,3d,4.2
2026-10-04T16:29:25,38168,python,3d,6.8
2026-10-04T16:29:25,4,System,copy,4.8
2026-10-04T16:29:35,21756,other-process-1,3d,1.5
2026-10-04T16:29:35,38168,python,3d,94.1
2026-10-04T16:29:44,21756,other-process-1,3d,1.8
2026-10-04T16:29:44,38168,python,3d,92.8
2026-10-04T16:29:54,21756,other-process-1,3d,4.5
2026-10-04T16:30:04,21756,other-process-1,3d,1.4
2026-10-04T16:30:04,38168,python,3d,93.4
2026-10-04T16:30:14,21756,other-process-1,3d,1.5
2026-10-04T16:30:14,38168,python,3d,87.5
2026-10-04T16:30:14,4,System,copy,6.4
2026-10-04T16:30:24,21756,other-process-1,3d,5.2
2026-10-04T16:30:33,21756,other-process-1,3d,1.3
2026-10-04T16:30:33,38168,python,3d,91.1
2026-10-04T16:30:33,4,System,copy,3.8
2026-10-04T16:30:43,21756,other-process-1,3d,4.7
2026-10-04T16:30:52,21756,other-process-1,3d,1.9
2026-10-04T16:30:52,38168,python,3d,89.0
2026-10-04T16:30:52,4,System,copy,4.1
2026-10-04T16:31:02,21756,other-process-1,3d,3.0
2026-10-04T16:31:02,38168,python,3d,44.6
2026-10-04T16:31:12,21756,other-process-1,3d,1.3
2026-10-04T16:31:12,38168,python,3d,93.8
2026-10-04T16:31:21,21756,other-process-1,3d,4.2
2026-10-04T16:31:21,4,System,copy,1.3
2026-10-04T16:31:31,21756,other-process-1,3d,1.9
2026-10-04T16:31:31,4092,python,3d,85.5
2026-10-04T16:31:41,21756,other-process-1,3d,1.7
2026-10-04T16:31:41,4092,python,3d,92.8
2026-10-04T16:31:50,21756,other-process-1,3d,1.4
2026-10-04T16:31:50,4092,python,3d,94.0
2026-10-04T16:32:00,21756,other-process-1,3d,1.8
2026-10-04T16:32:00,4092,python,3d,93.6
2026-10-04T16:32:00,4,System,copy,3.2
2026-10-04T16:32:10,21756,other-process-1,3d,1.7
2026-10-04T16:32:10,4092,python,3d,93.9
2026-10-04T16:32:19,21756,other-process-1,3d,1.8
2026-10-04T16:32:19,4092,python,3d,94.6
2026-10-04T16:32:29,21756,other-process-1,3d,1.6
2026-10-04T16:32:29,4092,python,3d,93.5
2026-10-04T16:32:39,21756,other-process-1,3d,1.6
2026-10-04T16:32:39,4092,python,3d,93.8
2026-10-04T16:32:39,4,System,copy,3.0
2026-10-04T16:32:48,21756,other-process-1,3d,1.5
2026-10-04T16:32:48,4092,python,3d,93.2
2026-10-04T16:32:48,4,System,copy,3.1
2026-10-04T16:32:58,21756,other-process-1,3d,1.7
2026-10-04T16:32:58,4092,python,3d,95.6
2026-10-04T16:32:58,4,System,copy,3.2
2026-10-04T16:33:08,21756,other-process-1,3d,1.9
2026-10-04T16:33:08,4092,python,3d,77.3
2026-10-04T16:33:17,21756,other-process-1,3d,1.8
2026-10-04T16:33:17,4092,python,3d,92.7
2026-10-04T16:33:27,21756,other-process-1,3d,1.4
2026-10-04T16:33:27,4092,python,3d,92.9
2026-10-04T16:33:37,21756,other-process-1,3d,4.9
2026-10-04T16:33:46,21756,other-process-1,3d,1.5
2026-10-04T16:33:46,4092,python,3d,91.8
2026-10-04T16:33:46,4,System,copy,3.1
2026-10-04T16:33:56,21756,other-process-1,3d,1.6
2026-10-04T16:33:56,4092,python,3d,92.4
2026-10-04T16:34:06,21756,other-process-1,3d,1.9
2026-10-04T16:34:06,4092,python,3d,91.5
2026-10-04T16:34:06,4,System,copy,3.0
2026-10-04T16:34:16,21756,other-process-1,3d,5.1
2026-10-04T16:34:25,21756,other-process-1,3d,1.6
2026-10-04T16:34:25,4092,python,3d,92.9
2026-10-04T16:34:35,21756,other-process-1,3d,1.7
2026-10-04T16:34:35,4092,python,3d,93.1
2026-10-04T16:34:44,21756,other-process-1,3d,4.4
2026-10-04T16:34:54,21756,other-process-1,3d,2.1
2026-10-04T16:34:54,4,System,copy,4.6
2026-10-04T16:35:04,21756,other-process-1,3d,1.5
2026-10-04T16:35:04,38020,python,3d,92.9
2026-10-04T16:35:04,4,System,copy,3.1
2026-10-04T16:35:13,21756,other-process-1,3d,1.9
2026-10-04T16:35:13,38020,python,3d,92.5
2026-10-04T16:35:23,21756,other-process-1,3d,1.6
2026-10-04T16:35:23,38020,python,3d,93.6
2026-10-04T16:35:33,21756,other-process-1,3d,1.6
2026-10-04T16:35:33,38020,python,3d,94.5
2026-10-04T16:35:33,4,System,copy,2.0
2026-10-04T16:35:43,21756,other-process-1,3d,1.3
2026-10-04T16:35:43,38020,python,3d,94.2
2026-10-04T16:35:54,38020,python,3d,94.2
2026-10-04T16:36:07,21756,other-process-1,3d,1.5
2026-10-04T16:36:07,38020,python,3d,94.4
2026-10-04T16:36:19,21756,other-process-1,3d,1.4
2026-10-04T16:36:19,38020,python,3d,94.0
2026-10-04T16:36:28,21756,other-process-1,3d,1.6
2026-10-04T16:36:28,38020,python,3d,93.1
2026-10-04T16:36:38,21756,other-process-1,3d,1.6
2026-10-04T16:36:38,38020,python,3d,92.5
2026-10-04T16:36:38,4,System,copy,3.3
2026-10-04T16:36:48,21756,other-process-1,3d,4.7
2026-10-04T16:36:57,21756,other-process-1,3d,1.6
2026-10-04T16:36:57,38020,python,3d,92.6
2026-10-04T16:36:57,4,System,copy,3.2
2026-10-04T16:37:07,21756,other-process-1,3d,1.7
2026-10-04T16:37:07,38020,python,3d,93.0
2026-10-04T16:37:07,4,System,copy,3.2
2026-10-04T16:37:17,21756,other-process-1,3d,1.2
2026-10-04T16:37:17,38020,python,3d,94.1
2026-10-04T16:37:27,21756,other-process-1,3d,1.2
2026-10-04T16:37:27,38020,python,3d,93.3
2026-10-04T16:37:27,4,System,copy,3.3
2026-10-04T16:37:36,21756,other-process-1,3d,1.6
2026-10-04T16:37:36,38020,python,3d,92.7
2026-10-04T16:37:36,4,System,copy,3.1
2026-10-04T16:37:46,21756,other-process-1,3d,1.8
2026-10-04T16:37:46,38020,python,3d,95.2
2026-10-04T16:37:56,21756,other-process-1,3d,10.0
2026-10-04T16:37:56,45884,other-process-2,3d,6.4
2026-10-04T16:38:06,21756,other-process-1,3d,1.5
2026-10-04T16:38:06,43872,python,3d,93.4
2026-10-04T16:38:15,21756,other-process-1,3d,1.9
2026-10-04T16:38:15,43872,python,3d,93.8
2026-10-04T16:38:15,4,System,copy,3.0
2026-10-04T16:38:25,21756,other-process-1,3d,1.6
2026-10-04T16:38:25,43872,python,3d,93.3
2026-10-04T16:38:35,21756,other-process-1,3d,1.7
2026-10-04T16:38:35,43872,python,3d,93.1
2026-10-04T16:38:45,21756,other-process-1,3d,1.2
2026-10-04T16:38:45,43872,python,3d,94.2
2026-10-04T16:38:54,21756,other-process-1,3d,1.8
2026-10-04T16:38:54,43872,python,3d,94.6
2026-10-04T16:39:04,21756,other-process-1,3d,1.4
2026-10-04T16:39:04,43872,python,3d,94.3
2026-10-04T16:39:14,21756,other-process-1,3d,1.5
2026-10-04T16:39:14,43872,python,3d,92.4
2026-10-04T16:39:23,21756,other-process-1,3d,1.5
2026-10-04T16:39:23,43872,python,3d,92.8
2026-10-04T16:39:33,21756,other-process-1,3d,1.7
2026-10-04T16:39:33,43872,python,3d,93.3
2026-10-04T16:39:43,21756,other-process-1,3d,1.7
2026-10-04T16:39:43,43872,python,3d,93.9
2026-10-04T16:39:52,21756,other-process-1,3d,1.4
2026-10-04T16:39:52,43872,python,3d,94.3
2026-10-04T16:40:02,21756,other-process-1,3d,1.3
2026-10-04T16:40:02,43872,python,3d,93.8
2026-10-04T16:40:02,4,System,copy,2.9
2026-10-04T16:40:12,21756,other-process-1,3d,1.4
2026-10-04T16:40:12,43872,python,3d,91.6
2026-10-04T16:40:12,4,System,copy,3.1
2026-10-04T16:40:22,21756,other-process-1,3d,1.9
2026-10-04T16:40:22,43872,python,3d,92.6
2026-10-04T16:40:22,4,System,copy,4.9
2026-10-04T16:40:32,21756,other-process-1,3d,1.7
2026-10-04T16:40:32,43872,python,3d,91.5
2026-10-04T16:40:32,4,System,copy,3.0
2026-10-04T16:40:42,21756,other-process-1,3d,1.7
2026-10-04T16:40:42,43872,python,3d,92.3
2026-10-04T16:40:42,4,System,copy,3.2
2026-10-04T16:40:51,21756,other-process-1,3d,4.4
2026-10-04T16:40:51,43872,python,3d,1.4
2026-10-04T16:41:01,21756,other-process-1,3d,4.5
2026-10-04T16:41:11,2172,dwm,3d,1.3
2026-10-04T16:41:11,21756,other-process-1,3d,12.4
2026-10-04T16:41:11,45884,other-process-2,3d,2.8
2026-10-04T16:41:11,4,System,copy,1.6
2026-10-04T16:41:21,21756,other-process-1,3d,5.2
2026-10-04T16:41:21,34792,python,3d,5.3
2026-10-04T16:41:21,4,System,copy,2.7
2026-10-04T16:41:31,21756,other-process-1,3d,4.5
2026-10-04T16:41:40,21756,other-process-1,3d,1.8
2026-10-04T16:41:40,39384,python,3d,87.8
2026-10-04T16:41:40,4,System,copy,3.0
2026-10-04T16:41:50,21756,other-process-1,3d,4.3
2026-10-04T16:42:00,21756,other-process-1,3d,5.4
2026-10-04T16:42:10,21756,other-process-1,3d,5.0
2026-10-04T16:42:20,21756,other-process-1,3d,4.4
2026-10-04T16:42:20,23588,python,3d,26.0
2026-10-04T16:42:20,4,System,copy,5.1
2026-10-04T16:42:30,21756,other-process-1,3d,2.2
2026-10-04T16:42:30,23588,python,3d,78.4
2026-10-04T16:42:30,4,System,copy,3.5
2026-10-04T16:42:40,21756,other-process-1,3d,5.3
2026-10-04T16:42:50,2172,dwm,3d,1.6
2026-10-04T16:42:50,21756,other-process-1,3d,14.6
2026-10-04T16:42:50,45884,other-process-2,3d,3.3
2026-10-04T16:42:59,2172,dwm,3d,2.2
2026-10-04T16:42:59,21756,other-process-1,3d,17.3
2026-10-04T16:42:59,45884,other-process-2,3d,3.8
2026-10-04T16:43:09,2172,dwm,3d,2.0
2026-10-04T16:43:09,21756,other-process-1,3d,17.2
2026-10-04T16:43:09,45884,other-process-2,3d,3.0
2026-10-04T16:43:24,2172,dwm,3d,4.4
2026-10-04T16:43:24,21756,other-process-1,3d,16.0
2026-10-04T16:43:24,45884,other-process-2,3d,5.4
2026-10-04T16:43:34,21756,other-process-1,3d,10.7
2026-10-04T16:43:34,45884,other-process-2,3d,1.5
2026-10-04T16:43:44,21756,other-process-1,3d,3.6
2026-10-04T16:43:54,2172,dwm,3d,2.7
2026-10-04T16:43:54,21756,other-process-1,3d,8.8
2026-10-04T16:43:54,45884,other-process-2,3d,3.5
2026-10-04T16:43:54,4,System,copy,1.5
2026-10-04T16:44:04,21756,other-process-1,3d,7.3
2026-10-04T16:44:04,45884,other-process-2,3d,1.6
2026-10-04T16:44:13,21756,other-process-1,3d,3.6
2026-10-04T16:44:13,40932,python,3d,32.4
2026-10-04T16:44:13,4,System,copy,10.3
2026-10-04T16:44:23,21756,other-process-1,3d,4.5
2026-10-04T16:44:34,2172,dwm,3d,1.5
2026-10-04T16:44:34,21756,other-process-1,3d,8.0
2026-10-04T16:44:34,45884,other-process-2,3d,2.1
2026-10-04T16:44:44,21756,other-process-1,3d,4.9
2026-10-04T16:44:44,31840,python,3d,18.2
2026-10-04T16:44:54,21756,other-process-1,3d,5.1
2026-10-04T16:45:04,21756,other-process-1,3d,11.3
2026-10-04T16:45:04,45884,other-process-2,3d,3.7
2026-10-04T16:45:15,21756,other-process-1,3d,2.0
2026-10-04T16:45:15,45916,python,3d,89.2
2026-10-04T16:45:15,4,System,copy,3.5
2026-10-04T16:45:25,21756,other-process-1,3d,4.1
2026-10-04T16:45:35,21756,other-process-1,3d,5.3
2026-10-04T16:45:35,32032,python,3d,2.3
2026-10-04T16:45:45,21756,other-process-1,3d,2.5
2026-10-04T16:45:45,4,System,copy,2.2
2026-10-04T16:45:55,2172,dwm,3d,1.4
2026-10-04T16:45:55,21756,other-process-1,3d,12.7
2026-10-04T16:45:55,45884,other-process-2,3d,1.1
2026-10-04T16:46:05,13140,python,3d,49.0
2026-10-04T16:46:05,21756,other-process-1,3d,2.5
2026-10-04T16:46:16,21756,other-process-1,3d,3.0
2026-10-04T16:46:16,4,System,copy,6.0
2026-10-04T16:46:26,21756,other-process-1,3d,1.8
2026-10-04T16:46:26,47724,python,3d,92.9
2026-10-04T16:46:37,21756,other-process-1,3d,1.6
2026-10-04T16:46:37,47724,python,3d,94.1
2026-10-04T16:46:47,21756,other-process-1,3d,1.5
2026-10-04T16:46:47,47724,python,3d,94.7
2026-10-04T16:46:57,21756,other-process-1,3d,5.0
2026-10-04T16:47:08,21756,other-process-1,3d,1.8
2026-10-04T16:47:08,4,System,copy,7.2
2026-10-04T16:47:17,21756,other-process-1,3d,1.8
2026-10-04T16:47:17,3376,python,3d,93.2
2026-10-04T16:47:28,21756,other-process-1,3d,1.2
2026-10-04T16:47:28,3376,python,3d,93.5
2026-10-04T16:47:38,21756,other-process-1,3d,6.0
2026-10-04T16:47:38,45884,other-process-2,3d,2.4
2026-10-04T16:47:48,21756,other-process-1,3d,1.7
2026-10-04T16:47:48,33352,python,3d,92.7
2026-10-04T16:47:58,21756,other-process-1,3d,1.2
2026-10-04T16:47:58,33352,python,3d,94.9
2026-10-04T16:48:08,21756,other-process-1,3d,1.6
2026-10-04T16:48:08,33352,python,3d,93.0
2026-10-04T16:48:18,21756,other-process-1,3d,1.5
2026-10-04T16:48:18,33352,python,3d,93.8
2026-10-04T16:48:29,21756,other-process-1,3d,1.9
2026-10-04T16:48:29,33352,python,3d,92.5
2026-10-04T16:48:39,21756,other-process-1,3d,1.6
2026-10-04T16:48:39,33352,python,3d,94.4
2026-10-04T16:48:49,21756,other-process-1,3d,1.8
2026-10-04T16:48:49,33352,python,3d,92.7
2026-10-04T16:48:59,21756,other-process-1,3d,1.9
2026-10-04T16:48:59,33352,python,3d,91.4
2026-10-04T16:49:10,21756,other-process-1,3d,1.8
2026-10-04T16:49:10,33352,python,3d,92.5
2026-10-04T16:49:20,21756,other-process-1,3d,1.5
2026-10-04T16:49:20,33352,python,3d,93.2
2026-10-04T16:49:30,21756,other-process-1,3d,1.9
2026-10-04T16:49:30,33352,python,3d,92.2
2026-10-04T16:49:40,21756,other-process-1,3d,1.6
2026-10-04T16:49:40,33352,python,3d,93.7
2026-10-04T16:49:50,21756,other-process-1,3d,1.7
2026-10-04T16:49:50,33352,python,3d,92.7
2026-10-04T16:50:00,21756,other-process-1,3d,1.8
2026-10-04T16:50:00,33352,python,3d,93.7
2026-10-04T16:50:11,21756,other-process-1,3d,1.7
2026-10-04T16:50:11,33352,python,3d,92.4
2026-10-04T16:50:21,21756,other-process-1,3d,1.7
2026-10-04T16:50:21,33352,python,3d,92.2
2026-10-04T16:50:31,21756,other-process-1,3d,3.8
2026-10-04T16:50:41,21756,other-process-1,3d,1.6
2026-10-04T16:50:41,50600,python,3d,91.6
2026-10-04T16:50:51,21756,other-process-1,3d,1.6
2026-10-04T16:50:51,50600,python,3d,92.5
2026-10-04T16:51:01,21756,other-process-1,3d,1.7
2026-10-04T16:51:01,50600,python,3d,94.0
2026-10-04T16:51:11,21756,other-process-1,3d,2.6
2026-10-04T16:51:11,50600,python,3d,35.4
2026-10-04T16:51:22,21756,other-process-1,3d,1.7
2026-10-04T16:51:32,21756,other-process-1,3d,1.7
2026-10-04T16:51:32,31532,python,3d,92.7
2026-10-04T16:51:42,21756,other-process-1,3d,4.1
2026-10-04T16:51:42,4,System,copy,2.2
2026-10-04T16:51:52,21756,other-process-1,3d,2.5
2026-10-04T16:51:52,29476,python,3d,71.0
2026-10-04T16:52:02,21756,other-process-1,3d,3.1
2026-10-04T16:52:02,4,System,copy,1.9
2026-10-04T16:52:12,21756,other-process-1,3d,1.8
2026-10-04T16:52:12,50508,python,3d,92.5
2026-10-04T16:52:23,21756,other-process-1,3d,1.8
2026-10-04T16:52:23,50508,python,3d,92.4
2026-10-04T16:52:33,21756,other-process-1,3d,1.1
2026-10-04T16:52:33,50508,python,3d,94.7
2026-10-04T16:52:44,2172,dwm,3d,2.4
2026-10-04T16:52:44,21756,other-process-1,3d,12.9
2026-10-04T16:52:44,45884,other-process-2,3d,2.5
2026-10-04T16:52:44,4,System,copy,2.4
2026-10-04T16:52:54,21756,other-process-1,3d,1.8
2026-10-04T16:52:54,40312,python,3d,92.4
2026-10-04T16:53:04,21756,other-process-1,3d,1.7
2026-10-04T16:53:04,40312,python,3d,93.3
2026-10-04T16:53:15,21756,other-process-1,3d,1.7
2026-10-04T16:53:15,40312,python,3d,92.9
2026-10-04T16:53:26,21756,other-process-1,3d,1.9
2026-10-04T16:53:26,40312,python,3d,93.9
2026-10-04T16:53:36,21756,other-process-1,3d,1.7
2026-10-04T16:53:36,40312,python,3d,93.5
2026-10-04T16:53:47,21756,other-process-1,3d,4.3
2026-10-04T16:53:47,4,System,copy,1.2
2026-10-04T16:53:58,21756,other-process-1,3d,1.8
2026-10-04T16:53:58,45024,python,3d,93.6
2026-10-04T16:54:08,21756,other-process-1,3d,1.7
2026-10-04T16:54:08,45024,python,3d,92.7
2026-10-04T16:54:19,21756,other-process-1,3d,3.7
2026-10-04T16:54:19,4,System,copy,1.6
2026-10-04T16:54:29,21756,other-process-1,3d,1.8
2026-10-04T16:54:29,25308,python,3d,92.9
2026-10-04T16:54:40,21756,other-process-1,3d,9.8
2026-10-04T16:54:40,45884,other-process-2,3d,4.5
2026-10-04T16:54:40,4,System,copy,3.8
2026-10-04T16:54:50,21756,other-process-1,3d,1.7
2026-10-04T16:54:50,54124,python,3d,94.5
2026-10-04T16:55:00,21756,other-process-1,3d,1.8
2026-10-04T16:55:00,54124,python,3d,92.6
2026-10-04T16:55:11,21756,other-process-1,3d,1.7
2026-10-04T16:55:11,54124,python,3d,92.7
2026-10-04T16:55:21,21756,other-process-1,3d,1.7
2026-10-04T16:55:21,54124,python,3d,93.4
2026-10-04T16:55:31,21756,other-process-1,3d,1.8
2026-10-04T16:55:31,54124,python,3d,94.1
2026-10-04T16:55:42,21756,other-process-1,3d,1.8
2026-10-04T16:55:42,54124,python,3d,91.1
2026-10-04T16:55:52,54124,python,3d,98.1
2026-10-04T16:56:01,,,none,0
2026-10-04T16:56:11,,,none,0
2026-10-04T16:56:21,,,none,0
2026-10-04T16:56:30,,,none,0
2026-10-04T16:56:40,,,none,0
2026-10-04T16:56:49,1984,python,3d,199.1
2026-10-04T16:56:59,,,none,0
2026-10-04T16:57:08,,,none,0
2026-10-04T16:57:18,,,none,0
2026-10-04T16:57:27,53472,python,3d,97.5
2026-10-04T16:57:37,53472,python,3d,197.8
2026-10-04T16:57:47,53472,python,3d,98.2
2026-10-04T16:57:56,53472,python,3d,100.8
2026-10-04T16:58:06,53472,python,3d,99.6
2026-10-04T16:58:15,53472,python,3d,197.9
2026-10-04T16:58:25,53472,python,3d,98.8
2026-10-04T16:58:35,53472,python,3d,197.5
2026-10-04T16:58:44,53472,python,3d,134.0
2026-10-04T16:58:54,,,none,0
2026-10-04T16:59:04,53472,python,3d,98.6
2026-10-04T16:59:13,53472,python,3d,173.2
2026-10-04T16:59:23,,,none,0
2026-10-04T16:59:33,53472,python,3d,98.6
2026-10-04T16:59:42,53472,python,3d,98.6
2026-10-04T16:59:52,53472,python,3d,98.6
2026-10-04T17:00:02,53472,python,3d,195.3
2026-10-04T17:00:11,53472,python,3d,98.4
2026-10-04T17:00:21,,,none,0
2026-10-04T17:00:30,,,none,0
2026-10-04T17:00:40,,,none,0
2026-10-04T17:00:50,,,none,0
2026-10-04T17:00:59,24532,python,3d,99.2
2026-10-04T17:01:09,24532,python,3d,197.3
2026-10-04T17:01:18,24532,python,3d,99.0
2026-10-04T17:01:28,,,none,0
2026-10-04T17:01:38,24532,python,3d,295.4
2026-10-04T17:01:47,,,none,0
2026-10-04T17:01:57,,,none,0
2026-10-04T17:02:06,24532,python,3d,98.6
2026-10-04T17:02:16,24532,python,3d,111.0
2026-10-04T17:02:26,24532,python,3d,98.9
2026-10-04T17:02:35,,,none,0
2026-10-04T17:02:45,24532,python,3d,36.2
2026-10-04T17:02:54,24532,python,3d,198.5
2026-10-04T17:02:54,4,System,copy,5.7
2026-10-04T17:03:04,,,none,0
2026-10-04T17:03:13,,,none,0
2026-10-04T17:03:23,55436,python,3d,140.2
2026-10-04T17:03:33,,,none,0
2026-10-04T17:03:43,48328,python,3d,160.1
2026-10-04T17:03:53,48328,python,3d,98.1
2026-10-04T17:04:02,,,none,0
2026-10-04T17:04:12,,,none,0
2026-10-04T17:04:21,,,none,0
2026-10-04T17:04:31,4,System,copy,1.9
2026-10-04T17:04:31,56004,python,3d,19.0
2026-10-04T17:04:41,4,System,copy,1.8
2026-10-04T17:04:50,,,none,0
2026-10-04T17:05:00,,,none,0
2026-10-04T17:05:10,,,none,0
2026-10-04T17:05:20,,,none,0
2026-10-04T17:05:29,42308,python,3d,42.5
2026-10-04T17:05:29,4,System,copy,1.6
2026-10-04T17:05:39,,,none,0
2026-10-04T17:05:49,,,none,0
2026-10-04T17:05:59,55928,python,3d,55.5
2026-10-04T17:06:08,,,none,0
2026-10-04T17:06:18,,,none,0
2026-10-04T17:06:28,,,none,0
2026-10-04T17:06:37,4,System,copy,1.2
2026-10-04T17:06:37,50844,python,3d,49.9
2026-10-04T17:06:47,,,none,0
2026-10-04T17:06:57,,,none,0
2026-10-04T17:07:06,4,System,copy,1.9
2026-10-04T17:07:06,50844,python,3d,98.4
2026-10-04T17:07:16,4,System,copy,3.2
2026-10-04T17:07:26,,,none,0
2026-10-04T17:07:35,43356,python,3d,98.5
2026-10-04T17:07:45,43356,python,3d,99.3
2026-10-04T17:07:45,4,System,copy,3.0
2026-10-04T17:07:55,43356,python,3d,194.7
2026-10-04T17:08:04,43356,python,3d,98.4
2026-10-04T17:08:04,4,System,copy,2.8
2026-10-04T17:08:14,,,none,0
2026-10-04T17:08:24,43356,python,3d,98.1
2026-10-04T17:08:34,,,none,0
2026-10-04T17:08:43,4,System,copy,2.8
2026-10-04T17:08:53,4,System,copy,2.9
2026-10-04T17:09:03,43356,python,3d,99.1
2026-10-04T17:09:12,43356,python,3d,31.4
2026-10-04T17:09:12,4,System,copy,2.8
2026-10-04T17:09:22,43356,python,3d,195.6
2026-10-04T17:09:22,4,System,copy,2.9
2026-10-04T17:09:32,4,System,copy,3.0
2026-10-04T17:09:41,4,System,copy,1.2
2026-10-04T17:09:51,43356,python,3d,98.5
2026-10-04T17:10:01,,,none,0
2026-10-04T17:10:11,,,none,0
2026-10-04T17:10:20,48208,python,3d,94.1
2026-10-04T17:10:20,4,System,copy,1.1
2026-10-04T17:10:30,4,System,copy,2.1
2026-10-04T17:10:39,4,System,copy,1.8
2026-10-04T17:10:49,,,none,0
2026-10-04T17:10:59,4,System,copy,1.5
2026-10-04T17:11:08,47392,python,3d,87.0
2026-10-04T17:11:18,47392,python,3d,196.4
2026-10-04T17:11:27,47392,python,3d,195.8
2026-10-04T17:11:37,,,none,0
2026-10-04T17:11:47,4,System,copy,2.7
2026-10-04T17:11:56,56280,python,3d,99.7
2026-10-04T17:12:05,56280,python,3d,98.9
2026-10-04T17:12:15,56280,python,3d,110.6
2026-10-04T17:12:24,,,none,0
2026-10-04T17:12:34,4,System,copy,4.6
2026-10-04T17:12:43,22628,python,3d,97.8
2026-10-04T17:12:52,,,none,0
2026-10-04T17:13:02,22628,python,3d,99.0
2026-10-04T17:13:02,4,System,copy,3.0
2026-10-04T17:13:11,22628,python,3d,96.8
2026-10-04T17:13:21,4,System,copy,2.8
2026-10-04T17:13:30,22628,python,3d,99.2
2026-10-04T17:13:30,4,System,copy,3.0
2026-10-04T17:13:40,22628,python,3d,197.6
2026-10-04T17:13:49,22628,python,3d,98.6
2026-10-04T17:13:59,,,none,0
2026-10-04T17:14:08,22628,python,3d,196.7
2026-10-04T17:14:18,22628,python,3d,85.3
2026-10-04T17:14:18,4,System,copy,2.9
2026-10-04T17:14:27,,,none,0
2026-10-04T17:14:37,22628,python,3d,99.2
2026-10-04T17:14:37,4,System,copy,2.9
2026-10-04T17:14:46,22628,python,3d,182.4
2026-10-04T17:14:46,4,System,copy,3.0
2026-10-04T17:14:56,22628,python,3d,99.4
2026-10-04T17:15:05,22628,python,3d,99.3
2026-10-04T17:15:05,4,System,copy,2.9
2026-10-04T17:15:15,,,none,0
2026-10-04T17:15:24,,,none,0
2026-10-04T17:15:33,,,none,0
2026-10-04T17:15:42,46492,python,3d,172.1
2026-10-04T17:15:52,4,System,copy,1.1
2026-10-04T17:16:01,,,none,0
2026-10-04T17:16:11,52876,python,3d,99.2
2026-10-04T17:16:20,,,none,0
2026-10-04T17:16:30,20816,python,3d,100.2
2026-10-04T17:16:39,20816,python,3d,196.2
2026-10-04T17:16:49,20816,python,3d,98.7
2026-10-04T17:16:58,,,none,0
2026-10-04T17:17:07,45916,python,3d,99.3
2026-10-04T17:17:07,4,System,copy,6.0
2026-10-04T17:17:17,45916,python,3d,93.4
2026-10-04T17:17:26,45916,python,3d,100.0
2026-10-04T17:17:36,,,none,0
2026-10-04T17:17:46,50760,python,3d,99.5
2026-10-04T17:17:55,50760,python,3d,98.5
2026-10-04T17:18:04,,,none,0
2026-10-04T17:18:14,50760,python,3d,98.8
2026-10-04T17:18:23,50760,python,3d,98.4
2026-10-04T17:18:33,50760,python,3d,196.2
2026-10-04T17:18:42,50760,python,3d,94.5
2026-10-04T17:18:51,,,none,0
2026-10-04T17:19:01,50760,python,3d,196.0
2026-10-04T17:19:10,50760,python,3d,99.4
2026-10-04T17:19:20,50760,python,3d,98.7
2026-10-04T17:19:30,50760,python,3d,99.6
2026-10-04T17:19:40,50760,python,3d,197.0
2026-10-04T17:19:50,50760,python,3d,100.3
2026-10-04T17:19:59,,,none,0
2026-10-04T17:20:08,32504,python,3d,98.2
2026-10-04T17:20:18,,,none,0
2026-10-04T17:20:27,32504,python,3d,201.0
2026-10-04T17:20:36,32504,python,3d,98.6
2026-10-04T17:20:46,52796,python,3d,198.3
2026-10-04T17:20:55,52796,python,3d,99.4
2026-10-04T17:21:05,,,none,0
2026-10-04T17:21:14,,,none,0
2026-10-04T17:21:23,41492,python,3d,99.7
2026-10-04T17:21:33,,,none,0
2026-10-04T17:21:43,41492,python,3d,101.4
2026-10-04T17:21:52,,,none,0
2026-10-04T17:22:01,55828,python,3d,98.7
2026-10-04T17:22:11,,,none,0
2026-10-04T17:22:20,55828,python,3d,294.1
2026-10-04T17:22:30,55828,python,3d,98.7
2026-10-04T17:22:40,55828,python,3d,198.0
2026-10-04T17:22:49,,,none,0
2026-10-04T17:22:59,8588,python,3d,72.2
2026-10-04T17:23:08,8588,python,3d,95.1
2026-10-04T17:23:17,,,none,0
2026-10-04T17:23:27,53216,python,3d,198.8
2026-10-04T17:23:37,,,none,0
2026-10-04T17:23:46,,,none,0
2026-10-04T17:23:55,32172,python,3d,98.8
2026-10-04T17:24:05,,,none,0
2026-10-04T17:24:14,32172,python,3d,99.5
2026-10-04T17:24:24,32172,python,3d,97.6
2026-10-04T17:24:33,,,none,0
2026-10-04T17:24:42,32172,python,3d,98.0
2026-10-04T17:24:52,,,none,0
2026-10-04T17:25:01,,,none,0
2026-10-04T17:25:10,,,none,0
2026-10-04T17:25:19,,,none,0
2026-10-04T17:25:28,32480,python,3d,99.2
2026-10-04T17:25:38,4,System,copy,1.6
2026-10-04T17:25:47,56024,python,3d,98.9
2026-10-04T17:25:57,4,System,copy,5.0
2026-10-04T17:26:06,48988,python,3d,150.3
2026-10-04T17:26:15,48988,python,3d,99.3
2026-10-04T17:26:25,48988,python,3d,196.1
2026-10-04T17:26:34,48988,python,3d,99.5
2026-10-04T17:26:44,,,none,0
2026-10-04T17:26:53,48988,python,3d,194.5
2026-10-04T17:27:02,48988,python,3d,98.9
2026-10-04T17:27:12,48988,python,3d,75.8
2026-10-04T17:27:21,48988,python,3d,98.4
2026-10-04T17:27:31,,,none,0
2026-10-04T17:27:40,48988,python,3d,99.9
2026-10-04T17:27:49,48988,python,3d,98.4
2026-10-04T17:27:59,,,none,0
2026-10-04T17:28:08,48988,python,3d,99.5
2026-10-04T17:28:18,48988,python,3d,114.2
2026-10-04T17:28:27,48988,python,3d,98.3
2026-10-04T17:28:36,48988,python,3d,98.9
2026-10-04T17:28:46,48988,python,3d,199.8
2026-10-04T17:28:55,48988,python,3d,98.3
2026-10-04T17:29:05,,,none,0
2026-10-04T17:29:14,36652,python,3d,98.7
2026-10-04T17:29:23,,,none,0
2026-10-04T17:29:33,36652,python,3d,196.8
2026-10-04T17:29:42,36652,python,3d,99.1
2026-10-04T17:29:52,,,none,0
2026-10-04T17:30:01,36652,python,3d,98.3
2026-10-04T17:30:11,36652,python,3d,199.3
2026-10-04T17:30:20,36652,python,3d,98.9
2026-10-04T17:30:29,36652,python,3d,98.4
2026-10-04T17:30:39,,,none,0
2026-10-04T17:30:48,36652,python,3d,98.8
2026-10-04T17:30:57,36652,python,3d,196.8
2026-10-04T17:31:07,36652,python,3d,98.8
2026-10-04T17:31:16,36652,python,3d,87.6
2026-10-04T17:31:26,36652,python,3d,197.2
2026-10-04T17:31:35,,,none,0
2026-10-04T17:31:44,,,none,0
2026-10-04T17:31:54,,,none,0
2026-10-04T17:32:03,,,none,0
2026-10-04T17:32:12,,,none,0
2026-10-04T17:32:21,,,none,0
2026-10-04T17:32:31,,,none,0
2026-10-04T17:32:40,,,none,0
2026-10-04T17:32:49,49756,python,3d,90.8
2026-10-04T17:32:58,,,none,0
2026-10-04T17:33:08,47228,python,3d,99.1
2026-10-04T17:33:17,,,none,0
2026-10-04T17:33:26,,,none,0
2026-10-04T17:33:36,,,none,0
2026-10-04T17:33:46,42956,python,3d,99.5
2026-10-04T17:33:55,42956,python,3d,99.3
2026-10-04T17:34:04,,,none,0
2026-10-04T17:34:14,,,none,0
2026-10-04T17:34:23,55484,python,3d,195.3
2026-10-04T17:34:32,55484,python,3d,195.2
2026-10-04T17:34:42,,,none,0
2026-10-04T17:34:52,44236,python,3d,98.6
2026-10-04T17:35:01,44236,python,3d,99.7
2026-10-04T17:35:10,44236,python,3d,196.5
2026-10-04T17:35:20,44236,python,3d,99.0
2026-10-04T17:35:29,,,none,0
2026-10-04T17:35:38,44236,python,3d,99.1
2026-10-04T17:35:48,44236,python,3d,198.9
2026-10-04T17:35:57,,,none,0
2026-10-04T17:36:06,44236,python,3d,99.4
2026-10-04T17:36:16,,,none,0
2026-10-04T17:36:25,44236,python,3d,198.0
2026-10-04T17:36:35,44236,python,3d,98.4
2026-10-04T17:36:44,44236,python,3d,78.0
2026-10-04T17:36:53,44236,python,3d,98.0
2026-10-04T17:37:02,44236,python,3d,98.8
2026-10-04T17:37:12,,,none,0
2026-10-04T17:37:21,45644,python,3d,98.5
2026-10-04T17:37:30,45644,python,3d,197.2
2026-10-04T17:37:40,45644,python,3d,99.7
2026-10-04T17:37:49,4,System,copy,1.1
2026-10-04T17:37:58,21528,python,3d,197.0
2026-10-04T17:38:08,,,none,0
2026-10-04T17:38:17,18888,python,3d,195.6
2026-10-04T17:38:26,,,none,0
2026-10-04T17:38:36,,,none,0
2026-10-04T17:38:45,47448,python,3d,194.9
2026-10-04T17:38:54,47448,python,3d,98.8
2026-10-04T17:39:03,,,none,0
2026-10-04T17:39:13,51608,python,3d,29.6
2026-10-04T17:39:22,,,none,0
2026-10-04T17:39:32,51608,python,3d,198.5
2026-10-04T17:39:41,51608,python,3d,38.1
2026-10-04T17:39:51,,,none,0
2026-10-04T17:40:00,,,none,0
2026-10-04T17:40:09,,,none,0
2026-10-04T17:40:18,24336,python,3d,129.4
2026-10-04T17:40:28,,,none,0
2026-10-04T17:40:37,,,none,0
2026-10-04T17:40:47,,,none,0
2026-10-04T17:40:56,,,none,0
2026-10-04T17:41:05,22092,python,3d,197.8
2026-10-04T17:41:14,22092,python,3d,98.9
2026-10-04T17:41:24,,,none,0
2026-10-04T17:41:33,22092,python,3d,98.3
2026-10-04T17:41:42,,,none,0
2026-10-04T17:41:51,,,none,0
2026-10-04T17:42:00,54652,python,3d,80.6
2026-10-04T17:42:09,,,none,0
2026-10-04T17:42:19,,,none,0
2026-10-04T17:42:28,54748,python,3d,81.6
2026-10-04T17:42:37,54748,python,3d,195.3
2026-10-04T17:42:46,,,none,0
2026-10-04T17:42:55,,,none,0
2026-10-04T17:43:04,,,none,0
2026-10-04T17:43:13,50008,python,3d,74.6
2026-10-04T17:43:23,,,none,0
2026-10-04T17:43:32,50008,python,3d,98.0
2026-10-04T17:43:41,50008,python,3d,83.6
2026-10-04T17:43:50,,,none,0
2026-10-04T17:43:59,50008,python,3d,98.7
2026-10-04T17:44:08,,,none,0
2026-10-04T17:44:18,50008,python,3d,66.6
2026-10-04T17:44:27,50008,python,3d,98.3
2026-10-04T17:44:36,50008,python,3d,196.8
2026-10-04T17:44:45,50008,python,3d,98.6
2026-10-04T17:44:54,50008,python,3d,99.1
2026-10-04T17:45:03,,,none,0
2026-10-04T17:45:12,50008,python,3d,110.7
2026-10-04T17:45:22,,,none,0
2026-10-04T17:45:31,50008,python,3d,99.8
2026-10-04T17:45:40,50008,python,3d,99.4
2026-10-04T17:45:49,,,none,0
2026-10-04T17:45:59,50008,python,3d,99.5
2026-10-04T17:46:08,,,none,0
2026-10-04T17:46:17,4,System,copy,7.0
2026-10-04T17:46:26,13800,python,3d,98.5
2026-10-04T17:46:36,13800,python,3d,194.8
2026-10-04T17:46:45,13800,python,3d,98.1
2026-10-04T17:46:54,,,none,0
2026-10-04T17:47:03,,,none,0
2026-10-04T17:47:13,13800,python,3d,98.3
2026-10-04T17:47:22,13800,python,3d,195.5
2026-10-04T17:47:31,13800,python,3d,98.5
2026-10-04T17:47:41,13800,python,3d,160.3
2026-10-04T17:47:50,,,none,0
2026-10-04T17:47:59,13800,python,3d,99.1
2026-10-04T17:48:09,13800,python,3d,197.4
2026-10-04T17:48:18,13800,python,3d,94.4
2026-10-04T17:48:27,13800,python,3d,99.7
2026-10-04T17:48:36,,,none,0
2026-10-04T17:48:46,,,none,0
2026-10-04T17:48:55,,,none,0
2026-10-04T17:53:01,4,System,copy,22.4
2026-10-04T17:53:10,56304,python,3d,197.1
2026-10-04T17:53:20,4,System,copy,3.0
2026-10-04T17:53:30,4,System,copy,2.8
2026-10-04T17:53:30,56304,python,3d,98.9
2026-10-04T17:53:40,,,none,0
2026-10-04T17:53:49,4,System,copy,3.0
2026-10-04T17:53:49,56304,python,3d,195.6
2026-10-04T17:53:59,56304,python,3d,89.2
2026-10-04T17:54:08,56304,python,3d,99.8
2026-10-04T17:54:18,4,System,copy,2.8
2026-10-04T17:54:18,56304,python,3d,99.2
2026-10-04T17:54:28,56304,python,3d,198.0
2026-10-04T17:54:38,4,System,copy,2.9
2026-10-04T17:54:38,56304,python,3d,98.3
2026-10-04T17:54:47,56304,python,3d,198.8
2026-10-04T17:54:57,4,System,copy,2.8
2026-10-04T17:54:57,56304,python,3d,98.7
2026-10-04T17:55:07,4,System,copy,3.0
2026-10-04T17:55:07,56304,python,3d,197.5
2026-10-04T17:55:16,4,System,copy,2.9
2026-10-04T17:55:16,56304,python,3d,441.8
2026-10-04T17:55:26,,,none,0
2026-10-04T17:55:36,4,System,copy,2.9
2026-10-04T17:55:36,56304,python,3d,98.8
2026-10-04T17:55:46,,,none,0
2026-10-04T17:55:55,,,none,0
2026-10-04T17:56:04,,,none,0
2026-10-04T17:56:14,54368,python,3d,198.5
2026-10-04T17:56:23,4,System,copy,2.2
2026-10-04T17:56:23,54368,python,3d,98.9
2026-10-04T17:56:32,4,System,copy,3.7
2026-10-04T17:56:32,54368,python,3d,97.4
2026-10-04T17:56:42,4,System,copy,1.5
2026-10-04T17:56:51,,,none,0
2026-10-04T17:57:00,4,System,copy,2.5
2026-10-04T17:57:00,54368,python,3d,198.3
2026-10-04T17:57:10,4,System,copy,3.7
2026-10-04T17:57:10,54368,python,3d,98.5
2026-10-04T17:57:19,4,System,copy,1.4
2026-10-04T17:57:19,54368,python,3d,98.1
2026-10-04T17:57:29,4,System,copy,3.7
2026-10-04T17:57:29,54368,python,3d,194.9
2026-10-04T17:57:38,4,System,copy,3.7
2026-10-04T17:57:38,54368,python,3d,98.6
2026-10-04T17:57:47,4,System,copy,3.7
2026-10-04T17:57:47,54368,python,3d,197.7
2026-10-04T17:57:57,4,System,copy,3.8
2026-10-04T17:57:57,54368,python,3d,98.8
2026-10-04T17:58:06,,,none,0
2026-10-04T17:58:15,35452,python,3d,196.9
2026-10-04T17:58:25,35452,python,3d,197.3
2026-10-04T17:58:34,,,none,0
2026-10-04T17:58:44,35452,python,3d,48.6
2026-10-04T17:58:53,35452,python,3d,182.5
2026-10-04T17:59:03,35452,python,3d,294.7
2026-10-04T17:59:12,35452,python,3d,125.2
2026-10-04T17:59:21,35452,python,3d,195.7
2026-10-04T17:59:31,,,none,0
2026-10-04T17:59:40,35452,python,3d,195.8
2026-10-04T17:59:50,35452,python,3d,98.7
2026-10-04T17:59:59,4,System,copy,3.0
2026-10-04T18:00:09,35452,python,3d,196.2
2026-10-04T18:00:18,,,none,0
2026-10-04T18:00:27,,,none,0
2026-10-04T18:00:37,35452,python,3d,98.1
2026-10-04T18:00:46,35452,python,3d,197.9
2026-10-04T18:00:56,35452,python,3d,99.1
2026-10-04T18:01:05,35452,python,3d,98.2
2026-10-04T18:01:14,,,none,0
2026-10-04T18:01:24,35452,python,3d,97.9
2026-10-04T18:01:24,4,System,copy,2.9
2026-10-04T18:01:33,35452,python,3d,198.7
2026-10-04T18:01:43,35452,python,3d,171.8
2026-10-04T18:01:43,4,System,copy,3.0
2026-10-04T18:01:52,,,none,0
2026-10-04T18:02:01,35452,python,3d,198.4
2026-10-04T18:02:11,35452,python,3d,98.3
2026-10-04T18:02:20,35452,python,3d,199.1
2026-10-04T18:02:30,35452,python,3d,98.0
2026-10-04T18:02:39,,,none,0
2026-10-04T18:02:48,35452,python,3d,196.2
2026-10-04T18:02:58,35452,python,3d,99.4
2026-10-04T18:03:07,,,none,0
2026-10-04T18:03:16,35452,python,3d,175.6
2026-10-04T18:03:26,35452,python,3d,198.3
2026-10-04T18:03:35,35452,python,3d,99.3
2026-10-04T18:03:45,35452,python,3d,98.0
2026-10-04T18:03:54,,,none,0
2026-10-04T18:04:03,35452,python,3d,98.9
2026-10-04T18:04:13,35452,python,3d,68.5
2026-10-04T18:04:22,35452,python,3d,44.8
2026-10-04T18:04:32,,,none,0
2026-10-04T18:04:41,35452,python,3d,196.3
2026-10-04T18:04:51,35452,python,3d,77.8
2026-10-04T18:05:00,,,none,0
2026-10-04T18:05:09,4,System,copy,2.9
2026-10-04T18:05:19,35452,python,3d,99.6
2026-10-04T18:05:19,4,System,copy,3.0
2026-10-04T18:05:28,35452,python,3d,198.8
2026-10-04T18:05:38,35452,python,3d,98.2
2026-10-04T18:05:38,4,System,copy,2.9
2026-10-04T18:05:47,4,System,copy,8.0
2026-10-04T18:05:56,34444,python,3d,97.4
2026-10-04T18:05:56,4,System,copy,3.7
2026-10-04T18:06:06,34444,python,3d,196.7
2026-10-04T18:06:15,34444,python,3d,100.1
2026-10-04T18:06:15,4,System,copy,3.8
2026-10-04T18:06:25,,,none,0
2026-10-04T18:06:34,34444,python,3d,199.5
2026-10-04T18:06:34,4,System,copy,3.8
2026-10-04T18:06:43,34444,python,3d,98.4
2026-10-04T18:06:53,4,System,copy,21.5
2026-10-04T18:07:02,4,System,copy,3.0
2026-10-04T18:07:02,52700,python,3d,99.2
2026-10-04T18:07:11,4,System,copy,2.9
2026-10-04T18:07:11,52700,python,3d,135.3
2026-10-04T18:07:21,,,none,0
2026-10-04T18:07:30,,,none,0
2026-10-04T18:07:40,,,none,0
2026-10-04T18:07:50,52700,python,3d,98.6
2026-10-04T18:07:59,52700,python,3d,198.4
2026-10-04T18:08:08,52700,python,3d,99.7
2026-10-04T18:08:18,52700,python,3d,99.1
2026-10-04T18:08:27,,,none,0
2026-10-04T18:08:37,4,System,copy,2.8
2026-10-04T18:08:37,52700,python,3d,99.2
2026-10-04T18:08:46,4,System,copy,2.9
2026-10-04T18:08:46,52700,python,3d,98.4
2026-10-04T18:08:56,52700,python,3d,98.5
2026-10-04T18:09:05,4,System,copy,3.0
2026-10-04T18:09:05,52700,python,3d,198.6
2026-10-04T18:09:15,4,System,copy,3.0
2026-10-04T18:09:15,52700,python,3d,100.0
2026-10-04T18:09:24,4,System,copy,5.8
2026-10-04T18:09:24,52700,python,3d,196.4
2026-10-04T18:09:34,4,System,copy,2.9
2026-10-04T18:09:34,52700,python,3d,196.8
2026-10-04T18:09:43,52700,python,3d,98.5
2026-10-04T18:09:53,,,none,0
2026-10-04T18:10:02,4,System,copy,6.2
2026-10-04T18:10:12,4,System,copy,1.5
2026-10-04T18:10:12,52856,python,3d,258.4
2026-10-04T18:10:21,,,none,0
2026-10-04T18:10:31,,,none,0
2026-10-04T18:10:40,52856,python,3d,97.6
2026-10-04T18:10:50,52856,python,3d,99.2
2026-10-04T18:10:59,4,System,copy,2.3
2026-10-04T18:10:59,52856,python,3d,99.8
2026-10-04T18:11:09,4,System,copy,3.7
2026-10-04T18:11:09,52856,python,3d,98.2
2026-10-04T18:11:18,52856,python,3d,94.5
2026-10-04T18:11:28,52856,python,3d,99.0
2026-10-04T18:11:37,4,System,copy,2.6
2026-10-04T18:11:47,4,System,copy,3.8
2026-10-04T18:11:47,52856,python,3d,99.7
2026-10-04T18:11:56,4,System,copy,3.7
2026-10-04T18:11:56,52856,python,3d,97.2
2026-10-04T18:12:06,4,System,copy,5.9
2026-10-04T18:12:06,52856,python,3d,196.0
2026-10-04T18:12:15,4,System,copy,5.9
2026-10-04T18:12:15,52856,python,3d,99.1
2026-10-04T18:12:25,4,System,copy,2.6
2026-10-04T18:12:25,52856,python,3d,197.1
2026-10-04T18:12:34,52856,python,3d,97.9
2026-10-04T18:12:44,4,System,copy,2.5
2026-10-04T18:12:53,19376,python,3d,196.2
2026-10-04T18:13:03,19376,python,3d,97.7
2026-10-04T18:13:03,4,System,copy,2.7
2026-10-04T18:13:12,19376,python,3d,51.4
2026-10-04T18:13:12,4,System,copy,2.7
2026-10-04T18:13:22,19376,python,3d,98.0
2026-10-04T18:13:31,19376,python,3d,196.4
2026-10-04T18:13:41,19376,python,3d,98.1
2026-10-04T18:13:50,,,none,0
2026-10-04T18:14:00,19376,python,3d,198.7
2026-10-04T18:14:09,19376,python,3d,98.9
2026-10-04T18:14:19,,,none,0
2026-10-04T18:14:28,,,none,0
2026-10-04T18:14:37,19376,python,3d,198.7
2026-10-04T18:14:47,19376,python,3d,98.4
2026-10-04T18:14:56,4,System,copy,4.6
2026-10-04T18:15:06,19376,python,3d,197.9
2026-10-04T18:15:15,19376,python,3d,99.6
2026-10-04T18:15:15,4,System,copy,6.4
2026-10-04T18:15:25,4,System,copy,6.4
2026-10-04T18:15:34,4,System,copy,6.4
2026-10-04T18:15:44,19376,python,3d,126.6
2026-10-04T18:15:44,4,System,copy,5.6
2026-10-04T18:15:53,19376,python,3d,99.0
2026-10-04T18:16:03,19376,python,3d,98.5
2026-10-04T18:16:12,19376,python,3d,197.1
2026-10-04T18:16:12,4,System,copy,1.5
2026-10-04T18:16:22,,,none,0
2026-10-04T18:16:31,15792,python,3d,197.9
2026-10-04T18:16:40,15792,python,3d,110.2
2026-10-04T18:16:50,,,none,0
2026-10-04T18:16:59,15792,python,3d,293.8
2026-10-04T18:17:09,15792,python,3d,99.6
2026-10-04T18:17:18,15792,python,3d,102.7
2026-10-04T18:17:28,15792,python,3d,98.9
2026-10-04T18:17:37,15792,python,3d,198.1
2026-10-04T18:17:37,4,System,copy,2.9
2026-10-04T18:17:47,15792,python,3d,98.5
2026-10-04T18:17:56,,,none,0
2026-10-04T18:18:06,15792,python,3d,197.7
2026-10-04T18:18:06,4,System,copy,2.9
2026-10-04T18:18:16,,,none,0
2026-10-04T18:18:25,4,System,copy,2.9
2026-10-04T18:18:34,15792,python,3d,98.2
2026-10-04T18:18:44,15792,python,3d,102.6
2026-10-04T18:18:44,4,System,copy,2.8
2026-10-04T18:18:53,15792,python,3d,97.4
2026-10-04T18:19:03,4,System,copy,3.0
2026-10-04T18:19:12,15792,python,3d,199.3
2026-10-04T18:19:22,,,none,0
2026-10-04T18:19:31,4,System,copy,2.9
2026-10-04T18:19:31,56184,python,3d,98.6
2026-10-04T18:19:41,56184,python,3d,136.8
2026-10-04T18:19:50,,,none,0
2026-10-04T18:20:00,56184,python,3d,99.3
2026-10-04T18:20:09,56184,python,3d,197.9
2026-10-04T18:20:19,56184,python,3d,181.6
2026-10-04T18:20:28,4,System,copy,2.9
2026-10-04T18:20:28,56184,python,3d,99.8
2026-10-04T18:20:38,4,System,copy,2.9
2026-10-04T18:20:38,56184,python,3d,99.2
2026-10-04T18:20:47,4,System,copy,2.8
2026-10-04T18:20:47,56184,python,3d,98.7
2026-10-04T18:20:57,,,none,0
2026-10-04T18:21:06,56184,python,3d,99.0
2026-10-04T18:21:16,,,none,0
2026-10-04T18:21:25,4,System,copy,2.4
2026-10-04T18:21:25,56184,python,3d,198.2
2026-10-04T18:21:35,4,System,copy,4.1
2026-10-04T18:21:35,56184,python,3d,90.6
2026-10-04T18:21:44,56184,python,3d,71.3
2026-10-04T18:21:54,4,System,copy,2.9
2026-10-04T18:21:54,56184,python,3d,99.3
2026-10-04T18:22:03,56184,python,3d,99.9
2026-10-04T18:22:12,,,none,0
2026-10-04T18:22:22,,,none,0
2026-10-04T18:22:32,27228,python,3d,100.0
2026-10-04T18:22:41,27228,python,3d,91.5
2026-10-04T18:22:41,4,System,copy,3.3
2026-10-04T18:22:51,27228,python,3d,195.5
2026-10-04T18:23:00,27228,python,3d,99.5
2026-10-04T18:23:00,4,System,copy,3.0
2026-10-04T18:23:10,27228,python,3d,194.9
2026-10-04T18:23:19,27228,python,3d,99.0
2026-10-04T18:23:29,4,System,copy,3.0
2026-10-04T18:23:38,27228,python,3d,49.0
2026-10-04T18:23:38,4,System,copy,1.0
2026-10-04T18:23:48,27228,python,3d,99.7
2026-10-04T18:23:48,4,System,copy,3.0
2026-10-04T18:23:57,,,none,0
2026-10-04T18:24:07,27228,python,3d,98.6
2026-10-04T18:24:16,27228,python,3d,196.6
2026-10-04T18:24:26,27228,python,3d,98.8
2026-10-04T18:24:26,4,System,copy,5.8
2026-10-04T18:24:35,4,System,copy,2.8
2026-10-04T18:24:45,27228,python,3d,72.1
2026-10-04T18:24:54,,,none,0
2026-10-04T18:25:04,,,none,0
2026-10-04T18:25:13,4,System,copy,1.1
2026-10-04T18:25:22,54260,python,3d,98.3
2026-10-04T18:25:32,,,none,0
2026-10-04T18:25:41,38320,python,3d,94.6
2026-10-04T18:25:41,4,System,copy,2.7
2026-10-04T18:25:50,,,none,0
2026-10-04T18:26:00,4,System,copy,3.9
2026-10-04T18:26:09,,,none,0
2026-10-04T18:26:18,,,none,0
2026-10-04T18:26:28,41444,python,3d,98.7
2026-10-04T18:26:37,4,System,copy,1.1
2026-10-04T18:26:46,4,System,copy,18.6
2026-10-04T18:26:55,51728,python,3d,196.7
2026-10-04T18:27:05,51728,python,3d,98.3
2026-10-04T18:27:14,51728,python,3d,99.7
2026-10-04T18:27:23,51728,python,3d,197.9
2026-10-04T18:27:33,51728,python,3d,98.3
2026-10-04T18:27:42,51728,python,3d,116.5
2026-10-04T18:27:52,4,System,copy,5.7
2026-10-04T18:28:01,2248,python,3d,98.3
2026-10-04T18:28:10,2248,python,3d,99.7
2026-10-04T18:28:20,2248,python,3d,99.1
2026-10-04T18:28:29,2248,python,3d,198.0
2026-10-04T18:28:38,2248,python,3d,99.4
2026-10-04T18:28:48,,,none,0
2026-10-04T18:28:57,2248,python,3d,97.5
2026-10-04T18:29:07,2248,python,3d,100.3
2026-10-04T18:29:16,,,none,0
2026-10-04T18:29:25,2248,python,3d,99.2
2026-10-04T18:29:35,2248,python,3d,198.4
2026-10-04T18:29:44,2248,python,3d,98.8
2026-10-04T18:29:54,2248,python,3d,99.5
2026-10-04T18:30:03,2248,python,3d,98.3
2026-10-04T18:30:13,2248,python,3d,65.9
2026-10-04T18:30:22,,,none,0
2026-10-04T19:31:18,21756,other-process-1,3d,3.8
2026-10-04T19:31:28,2172,dwm,3d,1.6
2026-10-04T19:31:28,21756,other-process-1,3d,12.3
2026-10-04T19:31:28,45884,other-process-2,3d,1.1
2026-10-04T19:31:39,21756,other-process-1,3d,4.5
2026-10-04T19:31:39,55308,python,3d,5.5
2026-10-04T19:31:50,21756,other-process-1,3d,2.9
2026-10-04T19:32:01,21756,other-process-1,3d,4.5
2026-10-04T19:32:01,5956,python,3d,3.5
2026-10-04T19:32:12,21756,other-process-1,3d,1.5
2026-10-04T19:32:12,5956,python,3d,93.4
2026-10-04T19:32:23,21756,other-process-1,3d,3.0
2026-10-04T19:32:23,45884,other-process-2,3d,1.3
2026-10-04T19:32:34,2172,dwm,3d,1.7
2026-10-04T19:32:34,21756,other-process-1,3d,4.0
2026-10-04T19:32:34,37588,python,3d,23.3
2026-10-04T19:32:34,45884,other-process-2,3d,1.7
2026-10-04T19:32:44,21756,other-process-1,3d,1.6
2026-10-04T19:32:44,37588,python,3d,94.2
2026-10-04T19:32:55,21756,other-process-1,3d,1.7
2026-10-04T19:32:55,37588,python,3d,93.4
2026-10-04T19:33:05,21756,other-process-1,3d,1.7
2026-10-04T19:33:05,37588,python,3d,92.4
2026-10-04T19:33:16,21756,other-process-1,3d,1.6
2026-10-04T19:33:16,37588,python,3d,93.3
2026-10-04T19:33:26,21756,other-process-1,3d,1.6
2026-10-04T19:33:26,37588,python,3d,93.8
2026-10-04T19:33:37,21756,other-process-1,3d,1.5
2026-10-04T19:33:37,37588,python,3d,94.4
2026-10-04T19:33:47,21756,other-process-1,3d,1.9
2026-10-04T19:33:47,37588,python,3d,93.4
2026-10-04T19:33:57,21756,other-process-1,3d,5.2
2026-10-04T19:34:08,21756,other-process-1,3d,1.7
2026-10-04T19:34:08,32332,python,3d,93.5
2026-10-04T19:34:18,21756,other-process-1,3d,1.8
2026-10-04T19:34:18,32332,python,3d,94.2
2026-10-04T19:34:28,21756,other-process-1,3d,1.7
2026-10-04T19:34:28,32332,python,3d,93.1
2026-10-04T19:34:39,21756,other-process-1,3d,1.7
2026-10-04T19:34:39,32332,python,3d,92.2
2026-10-04T19:34:49,21756,other-process-1,3d,1.6
2026-10-04T19:34:49,32332,python,3d,94.3
2026-10-04T19:34:59,21756,other-process-1,3d,1.6
2026-10-04T19:34:59,32332,python,3d,92.2
2026-10-04T19:35:09,21756,other-process-1,3d,1.7
2026-10-04T19:35:09,32332,python,3d,93.7
2026-10-04T19:35:19,21756,other-process-1,3d,1.5
2026-10-04T19:35:19,32332,python,3d,94.4
2026-10-04T19:35:29,21756,other-process-1,3d,1.6
2026-10-04T19:35:29,32332,python,3d,95.2
2026-10-04T19:35:39,21756,other-process-1,3d,1.2
2026-10-04T19:35:39,32332,python,3d,95.3
2026-10-04T19:35:50,21756,other-process-1,3d,1.4
2026-10-04T19:35:50,32332,python,3d,93.8
2026-10-04T19:36:03,21756,other-process-1,3d,1.6
2026-10-04T19:36:03,32332,python,3d,93.2
2026-10-04T19:36:13,,,none,0
2026-10-04T19:36:23,,,none,0
2026-10-04T19:36:32,,,none,0
2026-10-04T19:36:42,,,none,0
2026-10-04T19:36:52,,,none,0
2026-10-04T19:37:01,,,none,0
2026-10-04T19:37:11,,,none,0
2026-10-04T19:37:21,,,none,0
2026-10-04T19:37:31,,,none,0
2026-10-04T19:37:40,,,none,0
2026-10-04T19:37:50,,,none,0
2026-10-04T19:38:00,,,none,0
2026-10-04T19:38:09,,,none,0
2026-10-04T19:38:19,,,none,0
2026-10-04T19:38:29,,,none,0
2026-10-04T19:38:38,,,none,0
2026-10-04T19:38:48,,,none,0
2026-10-04T19:38:58,,,none,0
2026-10-04T19:39:07,,,none,0
2026-10-04T19:39:17,,,none,0
2026-10-04T19:39:27,,,none,0
2026-10-04T19:39:36,,,none,0
2026-10-04T19:39:46,,,none,0
2026-10-04T19:39:56,,,none,0
2026-10-04T19:40:05,,,none,0
2026-10-04T19:40:15,,,none,0
2026-10-04T19:40:25,,,none,0
2026-10-04T19:40:34,,,none,0
2026-10-04T19:40:44,,,none,0
2026-10-04T19:40:54,,,none,0
2026-10-04T19:41:04,,,none,0
2026-10-04T19:41:13,,,none,0
2026-10-04T19:41:23,,,none,0
2026-10-04T19:41:33,,,none,0
2026-10-04T19:41:42,,,none,0
2026-10-04T19:41:52,,,none,0
2026-10-04T19:42:02,,,none,0
2026-10-04T19:42:11,,,none,0
2026-10-04T19:42:21,,,none,0
2026-10-04T19:42:31,,,none,0
2026-10-04T19:42:40,,,none,0
2026-10-04T19:42:50,,,none,0
2026-10-04T19:43:00,,,none,0
2026-10-04T19:43:09,,,none,0
2026-10-04T19:43:19,,,none,0
2026-10-04T19:43:29,,,none,0
2026-10-04T19:43:38,,,none,0
2026-10-04T19:43:48,,,none,0
2026-10-04T19:43:58,,,none,0
2026-10-04T19:44:07,,,none,0
2026-10-04T19:44:17,,,none,0
2026-10-04T19:44:27,,,none,0
2026-10-04T19:44:37,,,none,0
2026-10-04T19:44:46,,,none,0
2026-10-04T19:44:56,,,none,0
2026-10-04T19:45:06,,,none,0
2026-10-04T19:45:16,,,none,0
2026-10-04T19:45:25,,,none,0
2026-10-04T19:45:35,,,none,0
2026-10-04T19:45:45,,,none,0
2026-10-04T19:45:55,,,none,0
2026-10-04T19:46:04,,,none,0
2026-10-04T19:46:14,,,none,0
2026-10-04T19:46:24,,,none,0
2026-10-04T19:46:34,,,none,0
2026-10-04T19:46:43,,,none,0
2026-10-04T19:46:53,,,none,0
2026-10-04T19:47:03,,,none,0
2026-10-04T19:47:13,,,none,0
2026-10-04T19:47:22,,,none,0
2026-10-04T19:47:32,,,none,0
2026-10-04T19:47:42,,,none,0
2026-10-04T19:47:52,,,none,0
2026-10-04T19:52:02,17768,other-process-2,3d,20.0
2026-10-04T19:52:02,2420,dwm,3d,35.4
2026-10-04T19:52:10,17768,other-process-2,3d,19.8
2026-10-04T19:52:10,2420,dwm,3d,10.0
2026-10-04T19:52:10,4,System,copy,8.7
2026-10-04T19:52:10,9324,python,3d,73.0
2026-10-04T19:52:17,17768,other-process-2,3d,17.3
2026-10-04T19:52:17,9324,python,3d,99.9
2026-10-04T19:52:24,17768,other-process-2,3d,18.1
2026-10-04T19:52:24,2420,dwm,3d,8.9
2026-10-04T19:52:24,9324,python,3d,89.4
2026-10-04T19:52:32,17768,other-process-2,3d,19.8
2026-10-04T19:52:32,2420,dwm,3d,9.6
2026-10-04T19:52:32,9324,python,3d,87.8
2026-10-04T19:52:39,17768,other-process-2,3d,18.6
2026-10-04T19:52:39,2420,dwm,3d,10.0
2026-10-04T19:52:39,9324,python,3d,87.5
2026-10-04T19:52:46,17768,other-process-2,3d,20.5
2026-10-04T19:52:46,2420,dwm,3d,9.9
2026-10-04T19:52:46,9324,python,3d,87.6
2026-10-04T19:52:53,17768,other-process-2,3d,20.0
2026-10-04T19:52:53,2420,dwm,3d,10.5
2026-10-04T19:52:53,9324,python,3d,87.7
2026-10-04T19:53:01,17768,other-process-2,3d,18.6
2026-10-04T19:53:01,2420,dwm,3d,10.6
2026-10-04T19:53:01,9324,python,3d,87.4
2026-10-04T19:53:08,17768,other-process-2,3d,17.3
2026-10-04T19:53:08,2420,dwm,3d,7.8
2026-10-04T19:53:08,9324,python,3d,91.0
2026-10-04T19:53:15,17768,other-process-2,3d,17.9
2026-10-04T19:53:15,2420,dwm,3d,9.4
2026-10-04T19:53:15,9324,python,3d,86.7
2026-10-04T19:53:22,17768,other-process-2,3d,17.8
2026-10-04T19:53:22,2420,dwm,3d,8.8
2026-10-04T19:53:22,9324,python,3d,89.1
2026-10-04T19:53:30,17768,other-process-2,3d,18.1
2026-10-04T19:53:30,2420,dwm,3d,9.9
2026-10-04T19:53:30,9324,python,3d,88.7
2026-10-04T19:53:37,17768,other-process-2,3d,17.7
2026-10-04T19:53:37,2420,dwm,3d,10.3
2026-10-04T19:53:37,9324,python,3d,88.3
2026-10-04T19:53:44,17768,other-process-2,3d,17.6
2026-10-04T19:53:44,2420,dwm,3d,10.5
2026-10-04T19:53:44,9324,python,3d,86.8
2026-10-04T19:53:52,17768,other-process-2,3d,17.4
2026-10-04T19:53:52,2420,dwm,3d,11.0
2026-10-04T19:53:52,9324,python,3d,86.7
2026-10-04T19:53:59,17768,other-process-2,3d,17.5
2026-10-04T19:53:59,2420,dwm,3d,11.0
2026-10-04T19:53:59,9324,python,3d,87.1
2026-10-04T19:54:06,17768,other-process-2,3d,17.3
2026-10-04T19:54:06,2420,dwm,3d,11.4
2026-10-04T19:54:06,9324,python,3d,85.7
2026-10-04T19:54:13,17768,other-process-2,3d,17.6
2026-10-04T19:54:13,2420,dwm,3d,10.8
2026-10-04T19:54:13,9324,python,3d,89.0
2026-10-04T19:54:20,17768,other-process-2,3d,17.4
2026-10-04T19:54:20,2420,dwm,3d,10.7
2026-10-04T19:54:20,9324,python,3d,86.7
2026-10-04T19:54:28,17768,other-process-2,3d,17.9
2026-10-04T19:54:28,2420,dwm,3d,10.3
2026-10-04T19:54:28,9324,python,3d,87.3
2026-10-04T19:54:35,17768,other-process-2,3d,17.2
2026-10-04T19:54:35,2420,dwm,3d,10.7
2026-10-04T19:54:35,9324,python,3d,89.2
2026-10-04T19:54:42,17768,other-process-2,3d,18.0
2026-10-04T19:54:42,2420,dwm,3d,10.7
2026-10-04T19:54:42,9324,python,3d,86.6
2026-10-04T19:54:49,17768,other-process-2,3d,18.3
2026-10-04T19:54:49,2420,dwm,3d,10.0
2026-10-04T19:54:49,9324,python,3d,86.5
2026-10-04T19:54:57,17768,other-process-2,3d,17.5
2026-10-04T19:54:57,2420,dwm,3d,10.8
2026-10-04T19:54:57,9324,python,3d,86.2
2026-10-04T19:55:04,17768,other-process-2,3d,17.2
2026-10-04T19:55:04,2420,dwm,3d,11.3
2026-10-04T19:55:04,9324,python,3d,85.5
2026-10-04T19:55:11,17768,other-process-2,3d,17.4
2026-10-04T19:55:11,2420,dwm,3d,10.7
2026-10-04T19:55:11,9324,python,3d,87.1
2026-10-04T19:55:18,17768,other-process-2,3d,16.9
2026-10-04T19:55:18,2420,dwm,3d,10.5
2026-10-04T19:55:18,9324,python,3d,87.0
2026-10-04T19:55:25,17768,other-process-2,3d,18.1
2026-10-04T19:55:25,2420,dwm,3d,10.1
2026-10-04T19:55:33,17768,other-process-2,3d,17.0
2026-10-04T19:55:33,2420,dwm,3d,10.7
2026-10-04T19:55:40,17768,other-process-2,3d,17.4
2026-10-04T19:55:40,2420,dwm,3d,11.0
2026-10-04T19:55:40,25676,python,3d,86.5
2026-10-04T19:55:47,17768,other-process-2,3d,17.5
2026-10-04T19:55:47,2420,dwm,3d,11.7
2026-10-04T19:55:54,13000,python,3d,83.0
2026-10-04T19:55:54,17768,other-process-2,3d,18.1
2026-10-04T19:55:54,2420,dwm,3d,9.2
2026-10-04T19:55:54,4,System,copy,1.2
2026-10-04T19:56:01,13000,python,3d,84.2
2026-10-04T19:56:01,17768,other-process-2,3d,18.3
2026-10-04T19:56:01,2420,dwm,3d,9.7
2026-10-04T19:56:01,4,System,copy,1.2
2026-10-04T19:56:09,13000,python,3d,32.3
2026-10-04T19:56:09,17768,other-process-2,3d,17.6
2026-10-04T19:56:09,2420,dwm,3d,8.7
2026-10-04T19:56:16,13000,python,3d,87.9
2026-10-04T19:56:16,17768,other-process-2,3d,17.6
2026-10-04T19:56:16,2420,dwm,3d,10.4
2026-10-04T19:56:23,13000,python,3d,86.9
2026-10-04T19:56:23,17768,other-process-2,3d,17.3
2026-10-04T19:56:23,2420,dwm,3d,10.6
2026-10-04T19:56:30,13000,python,3d,87.4
2026-10-04T19:56:30,17768,other-process-2,3d,18.2
2026-10-04T19:56:30,2420,dwm,3d,10.0
2026-10-04T19:56:38,17768,other-process-2,3d,17.7
2026-10-04T19:56:38,2420,dwm,3d,10.3
2026-10-04T19:56:45,17768,other-process-2,3d,18.3
2026-10-04T19:56:45,2420,dwm,3d,27.8
2026-10-04T19:56:52,17768,other-process-2,3d,17.2
2026-10-04T19:56:52,2420,dwm,3d,39.1
2026-10-04T19:56:59,17768,other-process-2,3d,17.2
2026-10-04T19:56:59,2420,dwm,3d,45.9
2026-10-04T19:57:06,17768,other-process-2,3d,18.1
2026-10-04T19:57:06,2420,dwm,3d,23.5
2026-10-04T19:57:13,17768,other-process-2,3d,19.7
2026-10-04T19:57:13,2420,dwm,3d,14.1
2026-10-04T19:57:20,17768,other-process-2,3d,17.4
2026-10-04T19:57:20,2420,dwm,3d,29.3
2026-10-04T19:57:28,17768,other-process-2,3d,17.5
2026-10-04T19:57:28,2420,dwm,3d,21.7
2026-10-04T19:57:35,17768,other-process-2,3d,18.2
2026-10-04T19:57:35,2420,dwm,3d,40.4
2026-10-04T19:57:42,17768,other-process-2,3d,18.1
2026-10-04T19:57:42,2420,dwm,3d,37.6
2026-10-04T19:57:49,17768,other-process-2,3d,17.3
2026-10-04T19:57:49,2420,dwm,3d,28.4
2026-10-04T19:57:56,17768,other-process-2,3d,17.6
2026-10-04T19:57:56,2420,dwm,3d,10.8
2026-10-04T19:58:03,17768,other-process-2,3d,17.0
2026-10-04T19:58:03,2420,dwm,3d,39.2
2026-10-04T19:58:03,24400,python,3d,2.6
2026-10-04T19:58:11,17768,other-process-2,3d,16.9
2026-10-04T19:58:11,2420,dwm,3d,11.4
2026-10-04T19:58:11,24400,python,3d,3.3
2026-10-04T19:58:18,17768,other-process-2,3d,17.8
2026-10-04T19:58:18,2420,dwm,3d,37.1
2026-10-04T19:58:25,17768,other-process-2,3d,17.5
2026-10-04T19:58:25,2420,dwm,3d,11.4
2026-10-04T19:58:32,17768,other-process-2,3d,17.6
2026-10-04T19:58:32,2420,dwm,3d,32.4
2026-10-04T19:58:39,17768,other-process-2,3d,18.4
2026-10-04T19:58:39,2420,dwm,3d,10.4
2026-10-04T19:58:39,4948,python,3d,2.2
2026-10-04T19:58:46,17768,other-process-2,3d,16.5
2026-10-04T19:58:46,2420,dwm,3d,18.9
2026-10-04T19:58:46,4948,python,3d,3.0
2026-10-04T19:58:54,17768,other-process-2,3d,14.8
2026-10-04T19:58:54,2420,dwm,3d,38.3
2026-10-04T19:58:54,4948,python,3d,6.7
2026-10-04T19:59:01,17768,other-process-2,3d,15.5
2026-10-04T19:59:01,2420,dwm,3d,39.3
2026-10-04T19:59:08,10396,python,3d,3.0
2026-10-04T19:59:08,17768,other-process-2,3d,14.8
2026-10-04T19:59:08,2420,dwm,3d,10.2
2026-10-04T19:59:15,10396,python,3d,6.8
2026-10-04T19:59:15,17768,other-process-2,3d,4.5
2026-10-04T19:59:15,2420,dwm,3d,25.4
2026-10-04T19:59:22,10396,python,3d,6.9
2026-10-04T19:59:22,17768,other-process-2,3d,2.9
2026-10-04T19:59:22,2420,dwm,3d,34.3
2026-10-04T19:59:30,17768,other-process-2,3d,2.2
2026-10-04T19:59:30,2420,dwm,3d,33.8
2026-10-04T19:59:37,10720,python,3d,4.8
2026-10-04T19:59:37,17768,other-process-2,3d,4.1
2026-10-04T19:59:37,2420,dwm,3d,11.1
2026-10-04T19:59:37,4,System,copy,1.7
2026-10-04T19:59:44,10720,python,3d,13.4
2026-10-04T19:59:44,17768,other-process-2,3d,2.5
2026-10-04T19:59:44,2420,dwm,3d,17.0
2026-10-04T19:59:44,4,System,copy,2.0
2026-10-04T19:59:51,10720,python,3d,18.3
2026-10-04T19:59:51,17768,other-process-2,3d,3.5
2026-10-04T19:59:51,2420,dwm,3d,20.7
2026-10-04T19:59:51,4,System,copy,2.2
2026-10-04T19:59:58,17768,other-process-2,3d,3.2
2026-10-04T19:59:58,2420,dwm,3d,30.3
2026-10-04T19:59:58,4,System,copy,4.9
2026-10-04T20:00:05,10224,python,3d,7.3
2026-10-04T20:00:05,17768,other-process-2,3d,2.4
2026-10-04T20:00:05,2420,dwm,3d,10.9
2026-10-04T20:00:05,4,System,copy,2.0
2026-10-04T20:00:13,10224,python,3d,24.9
2026-10-04T20:00:13,17768,other-process-2,3d,4.4
2026-10-04T20:00:13,2420,dwm,3d,11.2
2026-10-04T20:00:13,4,System,copy,2.3
2026-10-04T20:00:20,10224,python,3d,19.0
2026-10-04T20:00:20,17768,other-process-2,3d,2.4
2026-10-04T20:00:20,2420,dwm,3d,10.9
2026-10-04T20:00:27,17768,other-process-2,3d,3.3
2026-10-04T20:00:27,2420,dwm,3d,15.0
2026-10-04T20:00:27,4,System,copy,11.3
2026-10-04T20:00:34,11600,other-process-1,3d,5.9
2026-10-04T20:00:34,17768,other-process-2,3d,15.4
2026-10-04T20:00:34,2420,dwm,3d,10.2
2026-10-04T20:00:34,4,System,copy,3.2
2026-10-04T20:00:42,11600,other-process-1,3d,6.8
2026-10-04T20:00:42,17768,other-process-2,3d,4.3
2026-10-04T20:00:42,2420,dwm,3d,11.1
2026-10-04T20:00:42,4,System,copy,6.2
2026-10-04T20:00:50,11600,other-process-1,3d,7.0
2026-10-04T20:00:50,17768,other-process-2,3d,2.2
2026-10-04T20:00:50,2420,dwm,3d,11.1
2026-10-04T20:00:58,11600,other-process-1,3d,6.6
2026-10-04T20:00:58,17768,other-process-2,3d,4.5
2026-10-04T20:00:58,2420,dwm,3d,11.1
2026-10-04T20:01:05,11600,other-process-1,3d,7.0
2026-10-04T20:01:05,17768,other-process-2,3d,2.1
2026-10-04T20:01:05,2420,dwm,3d,11.2
2026-10-04T20:01:05,4,System,copy,7.8
2026-10-04T20:01:13,11600,other-process-1,3d,6.2
2026-10-04T20:01:13,17768,other-process-2,3d,2.8
2026-10-04T20:01:13,22852,python,3d,49.3
2026-10-04T20:01:13,2420,dwm,3d,11.1
2026-10-04T20:01:13,4,System,copy,7.8
2026-10-04T20:01:20,11600,other-process-1,3d,6.2
2026-10-04T20:01:20,17768,other-process-2,3d,1.9
2026-10-04T20:01:20,2420,dwm,3d,11.2
2026-10-04T20:01:28,11600,other-process-1,3d,13.1
2026-10-04T20:01:28,17768,other-process-2,3d,4.2
2026-10-04T20:01:28,2420,dwm,3d,20.3
2026-10-04T20:01:35,11600,other-process-1,3d,6.0
2026-10-04T20:01:35,17768,other-process-2,3d,15.4
2026-10-04T20:01:35,2420,dwm,3d,10.0
2026-10-04T20:01:43,11600,other-process-1,3d,9.4
2026-10-04T20:01:43,17768,other-process-2,3d,15.6
2026-10-04T20:01:43,2420,dwm,3d,17.1
2026-10-04T20:01:51,11600,other-process-1,3d,6.0
2026-10-04T20:01:51,17768,other-process-2,3d,12.6
2026-10-04T20:01:51,2420,dwm,3d,10.5
2026-10-04T20:01:58,11600,other-process-1,3d,11.7
2026-10-04T20:01:58,17768,other-process-2,3d,15.2
2026-10-04T20:01:58,2420,dwm,3d,19.5
2026-10-04T20:02:05,11600,other-process-1,3d,6.8
2026-10-04T20:02:05,17768,other-process-2,3d,15.7
2026-10-04T20:02:05,2420,dwm,3d,11.3
2026-10-04T20:02:13,11600,other-process-1,3d,12.4
2026-10-04T20:02:13,17768,other-process-2,3d,9.6
2026-10-04T20:02:13,2420,dwm,3d,19.8
2026-10-04T20:02:20,11600,other-process-1,3d,6.2
2026-10-04T20:02:20,17768,other-process-2,3d,19.7
2026-10-04T20:02:20,2420,dwm,3d,11.0
2026-10-04T20:02:28,11600,other-process-1,3d,6.8
2026-10-04T20:02:28,17768,other-process-2,3d,9.2
2026-10-04T20:02:28,2420,dwm,3d,15.8
2026-10-04T20:02:35,11600,other-process-1,3d,4.6
2026-10-04T20:02:35,14020,python,3d,6.6
2026-10-04T20:02:35,17768,other-process-2,3d,13.9
2026-10-04T20:02:35,2420,dwm,3d,10.8
2026-10-04T20:02:42,11600,other-process-1,3d,9.7
2026-10-04T20:02:42,14020,python,3d,2.8
2026-10-04T20:02:42,17768,other-process-2,3d,11.4
2026-10-04T20:02:42,2420,dwm,3d,19.9
2026-10-04T20:02:50,11600,other-process-1,3d,5.7
2026-10-04T20:02:50,14020,python,3d,2.9
2026-10-04T20:02:50,17768,other-process-2,3d,15.1
2026-10-04T20:02:50,2420,dwm,3d,15.4
2026-10-04T20:02:57,11600,other-process-1,3d,5.2
2026-10-04T20:02:57,14020,python,3d,2.9
2026-10-04T20:02:57,17768,other-process-2,3d,11.8
2026-10-04T20:02:57,2420,dwm,3d,10.7
2026-10-04T20:03:05,11600,other-process-1,3d,8.7
2026-10-04T20:03:05,14020,python,3d,2.9
2026-10-04T20:03:05,17768,other-process-2,3d,13.8
2026-10-04T20:03:05,2420,dwm,3d,21.2
2026-10-04T20:03:12,11600,other-process-1,3d,5.7
2026-10-04T20:03:12,17768,other-process-2,3d,9.9
2026-10-04T20:03:12,2420,dwm,3d,10.7
2026-10-04T20:03:19,11600,other-process-1,3d,7.3
2026-10-04T20:03:19,17768,other-process-2,3d,13.0
2026-10-04T20:03:19,2420,dwm,3d,16.2
2026-10-04T20:03:27,11600,other-process-1,3d,4.6
2026-10-04T20:03:27,17768,other-process-2,3d,14.1
2026-10-04T20:03:27,2420,dwm,3d,11.0
2026-10-04T20:03:34,11600,other-process-1,3d,4.8
2026-10-04T20:03:34,17768,other-process-2,3d,15.7
2026-10-04T20:03:34,2420,dwm,3d,11.0
2026-10-04T20:03:41,11600,other-process-1,3d,7.8
2026-10-04T20:03:41,17768,other-process-2,3d,14.2
2026-10-04T20:03:41,2420,dwm,3d,18.7
2026-10-04T20:03:49,11600,other-process-1,3d,6.6
2026-10-04T20:03:49,17768,other-process-2,3d,18.5
2026-10-04T20:03:49,2420,dwm,3d,16.4
2026-10-04T20:03:49,8076,python,3d,2.8
2026-10-04T20:03:56,11600,other-process-1,3d,4.1
2026-10-04T20:03:56,17768,other-process-2,3d,19.1
2026-10-04T20:03:56,2420,dwm,3d,11.5
2026-10-04T20:03:56,8076,python,3d,2.3
2026-10-04T20:04:04,11600,other-process-1,3d,4.6
2026-10-04T20:04:04,17768,other-process-2,3d,18.5
2026-10-04T20:04:04,2420,dwm,3d,12.7
2026-10-04T20:04:04,8076,python,3d,2.5
2026-10-04T20:04:11,11600,other-process-1,3d,8.5
2026-10-04T20:04:11,17768,other-process-2,3d,15.1
2026-10-04T20:04:11,2420,dwm,3d,21.3
2026-10-04T20:04:18,11600,other-process-1,3d,4.7
2026-10-04T20:04:18,17768,other-process-2,3d,14.8
2026-10-04T20:04:18,2420,dwm,3d,10.9
2026-10-04T20:04:26,11600,other-process-1,3d,10.1
2026-10-04T20:04:26,17768,other-process-2,3d,15.1
2026-10-04T20:04:26,1948,python,3d,3.2
2026-10-04T20:04:26,2420,dwm,3d,21.7
2026-10-04T20:04:33,11600,other-process-1,3d,5.6
2026-10-04T20:04:33,17768,other-process-2,3d,4.1
2026-10-04T20:04:33,1948,python,3d,2.3
2026-10-04T20:04:33,2420,dwm,3d,11.3
2026-10-04T20:04:41,11600,other-process-1,3d,8.3
2026-10-04T20:04:41,17768,other-process-2,3d,5.2
2026-10-04T20:04:41,2420,dwm,3d,16.1
2026-10-04T20:04:48,11600,other-process-1,3d,5.1
2026-10-04T20:04:48,17768,other-process-2,3d,4.5
2026-10-04T20:04:48,1948,python,3d,4.0
2026-10-04T20:04:48,2420,dwm,3d,11.3
2026-10-04T20:04:55,11600,other-process-1,3d,8.6
2026-10-04T20:04:55,17768,other-process-2,3d,3.5
2026-10-04T20:04:55,2420,dwm,3d,15.6
2026-10-04T20:05:03,11600,other-process-1,3d,6.0
2026-10-04T20:05:03,17768,other-process-2,3d,3.4
2026-10-04T20:05:03,2420,dwm,3d,11.2
2026-10-04T20:05:10,11600,other-process-1,3d,6.1
2026-10-04T20:05:10,17768,other-process-2,3d,2.5
2026-10-04T20:05:10,2420,dwm,3d,11.3
2026-10-04T20:05:17,11600,other-process-1,3d,5.4
2026-10-04T20:05:17,17768,other-process-2,3d,4.6
2026-10-04T20:05:17,2420,dwm,3d,11.5
2026-10-04T20:05:17,4,System,copy,1.8
2026-10-04T20:05:17,5788,python,3d,5.6
2026-10-04T20:05:25,11600,other-process-1,3d,5.1
2026-10-04T20:05:25,17768,other-process-2,3d,3.7
2026-10-04T20:05:25,2420,dwm,3d,11.4
2026-10-04T20:05:25,4,System,copy,1.9
2026-10-04T20:05:25,5788,python,3d,6.1
2026-10-04T20:05:32,11600,other-process-1,3d,5.2
2026-10-04T20:05:32,17768,other-process-2,3d,5.3
2026-10-04T20:05:32,2420,dwm,3d,11.5
2026-10-04T20:05:32,4,System,copy,1.8
2026-10-04T20:05:32,5788,python,3d,6.3
2026-10-04T20:05:39,11600,other-process-1,3d,8.5
2026-10-04T20:05:39,17768,other-process-2,3d,3.5
2026-10-04T20:05:39,2420,dwm,3d,16.1
2026-10-04T20:05:47,11600,other-process-1,3d,6.3
2026-10-04T20:05:47,17768,other-process-2,3d,5.1
2026-10-04T20:05:47,2420,dwm,3d,11.2
2026-10-04T20:05:54,11600,other-process-1,3d,4.8
2026-10-04T20:05:54,11948,python,3d,5.9
2026-10-04T20:05:54,17768,other-process-2,3d,5.1
2026-10-04T20:05:54,2420,dwm,3d,11.4
2026-10-04T20:05:54,4,System,copy,2.1
2026-10-04T20:06:02,11600,other-process-1,3d,5.5
2026-10-04T20:06:02,17768,other-process-2,3d,5.4
2026-10-04T20:06:02,2420,dwm,3d,11.3
2026-10-04T20:06:02,4,System,copy,1.9
2026-10-04T20:06:09,11600,other-process-1,3d,5.9
2026-10-04T20:06:09,11948,python,3d,8.3
2026-10-04T20:06:09,17768,other-process-2,3d,4.7
2026-10-04T20:06:09,2420,dwm,3d,11.4
2026-10-04T20:06:09,4,System,copy,2.3
2026-10-04T20:06:16,11600,other-process-1,3d,4.7
2026-10-04T20:06:16,11948,python,3d,20.5
2026-10-04T20:06:16,17768,other-process-2,3d,2.7
2026-10-04T20:06:16,2420,dwm,3d,11.4
2026-10-04T20:06:16,4,System,copy,2.0
2026-10-04T20:06:24,11600,other-process-1,3d,6.1
2026-10-04T20:06:24,11948,python,3d,9.7
2026-10-04T20:06:24,17768,other-process-2,3d,3.3
2026-10-04T20:06:24,2420,dwm,3d,11.2
2026-10-04T20:06:24,4,System,copy,1.9
2026-10-04T20:06:31,11600,other-process-1,3d,8.3
2026-10-04T20:06:31,17768,other-process-2,3d,2.9
2026-10-04T20:06:31,2420,dwm,3d,15.9
2026-10-04T20:06:38,11600,other-process-1,3d,3.9
2026-10-04T20:06:38,17768,other-process-2,3d,6.1
2026-10-04T20:06:38,2420,dwm,3d,11.3
2026-10-04T20:06:38,24972,python,3d,19.1
2026-10-04T20:06:38,4,System,copy,6.3
2026-10-04T20:06:46,11600,other-process-1,3d,5.2
2026-10-04T20:06:46,17768,other-process-2,3d,3.8
2026-10-04T20:06:46,2420,dwm,3d,11.4
2026-10-04T20:06:46,24972,python,3d,8.9
2026-10-04T20:06:46,4,System,copy,6.4
2026-10-04T20:06:53,11600,other-process-1,3d,4.2
2026-10-04T20:06:53,17768,other-process-2,3d,5.3
2026-10-04T20:06:53,2420,dwm,3d,11.4
2026-10-04T20:06:53,24972,python,3d,9.6
2026-10-04T20:06:53,4,System,copy,6.5
2026-10-04T20:07:00,11600,other-process-1,3d,5.1
2026-10-04T20:07:00,17768,other-process-2,3d,3.6
2026-10-04T20:07:00,2420,dwm,3d,11.0
2026-10-04T20:07:00,24972,python,3d,5.7
2026-10-04T20:07:08,11600,other-process-1,3d,4.6
2026-10-04T20:07:08,17768,other-process-2,3d,6.5
2026-10-04T20:07:08,2420,dwm,3d,11.5
2026-10-04T20:07:08,24972,python,3d,11.9
2026-10-04T20:07:08,4,System,copy,6.4
2026-10-04T20:07:15,11600,other-process-1,3d,5.3
2026-10-04T20:07:15,17768,other-process-2,3d,4.5
2026-10-04T20:07:15,2420,dwm,3d,11.2
2026-10-04T20:07:22,11600,other-process-1,3d,7.5
2026-10-04T20:07:22,17768,other-process-2,3d,4.6
2026-10-04T20:07:22,2420,dwm,3d,13.4
2026-10-04T20:07:22,4,System,copy,11.2
2026-10-04T20:07:30,11600,other-process-1,3d,5.5
2026-10-04T20:07:30,14832,python,3d,8.5
2026-10-04T20:07:30,17768,other-process-2,3d,3.4
2026-10-04T20:07:30,2420,dwm,3d,11.1
2026-10-04T20:07:37,11600,other-process-1,3d,5.3
2026-10-04T20:07:37,14832,python,3d,15.1
2026-10-04T20:07:37,17768,other-process-2,3d,2.6
2026-10-04T20:07:37,2420,dwm,3d,11.3
2026-10-04T20:07:37,4,System,copy,7.7
2026-10-04T20:07:44,11600,other-process-1,3d,4.4
2026-10-04T20:07:44,14832,python,3d,15.3
2026-10-04T20:07:44,17768,other-process-2,3d,4.6
2026-10-04T20:07:44,2420,dwm,3d,11.2
2026-10-04T20:07:44,4,System,copy,7.8
2026-10-04T20:07:52,11600,other-process-1,3d,3.2
2026-10-04T20:07:52,14832,python,3d,56.6
2026-10-04T20:07:52,17768,other-process-2,3d,3.2
2026-10-04T20:07:52,2420,dwm,3d,11.5
2026-10-04T20:07:59,11600,other-process-1,3d,3.1
2026-10-04T20:07:59,14832,python,3d,51.3
2026-10-04T20:07:59,17768,other-process-2,3d,6.0
2026-10-04T20:07:59,2420,dwm,3d,11.5
2026-10-04T20:07:59,4,System,copy,7.6
2026-10-04T20:08:07,11600,other-process-1,3d,5.3
2026-10-04T20:08:07,14832,python,3d,7.2
2026-10-04T20:08:07,17768,other-process-2,3d,3.8
2026-10-04T20:08:07,2420,dwm,3d,11.3
2026-10-04T20:08:14,11600,other-process-1,3d,2.3
2026-10-04T20:08:14,14832,python,3d,70.7
2026-10-04T20:08:14,17768,other-process-2,3d,5.7
2026-10-04T20:08:14,2420,dwm,3d,11.3
2026-10-04T20:08:14,4,System,copy,7.5
2026-10-04T20:08:21,11600,other-process-1,3d,5.7
2026-10-04T20:08:21,17768,other-process-2,3d,3.2
2026-10-04T20:08:21,2420,dwm,3d,11.4
2026-10-04T20:08:29,11600,other-process-1,3d,6.3
2026-10-04T20:08:29,17768,other-process-2,3d,14.3
2026-10-04T20:08:29,2420,dwm,3d,17.3
2026-10-04T20:08:36,11600,other-process-1,3d,5.9
2026-10-04T20:08:36,17768,other-process-2,3d,10.6
2026-10-04T20:08:36,2420,dwm,3d,10.9
2026-10-04T20:08:43,11600,other-process-1,3d,4.2
2026-10-04T20:08:43,17768,other-process-2,3d,15.6
2026-10-04T20:08:43,2420,dwm,3d,11.0
2026-10-04T20:08:51,11600,other-process-1,3d,4.7
2026-10-04T20:08:51,17768,other-process-2,3d,15.3
2026-10-04T20:08:51,2420,dwm,3d,11.3
2026-10-04T20:08:58,11600,other-process-1,3d,6.1
2026-10-04T20:08:58,17768,other-process-2,3d,14.1
2026-10-04T20:08:58,2420,dwm,3d,15.0
2026-10-04T20:09:05,11600,other-process-1,3d,6.1
2026-10-04T20:09:05,17768,other-process-2,3d,13.5
2026-10-04T20:09:05,2420,dwm,3d,20.3
2026-10-04T20:09:13,11600,other-process-1,3d,4.4
2026-10-04T20:09:13,17768,other-process-2,3d,17.8
2026-10-04T20:09:13,2420,dwm,3d,10.8
2026-10-04T20:09:20,11600,other-process-1,3d,5.1
2026-10-04T20:09:20,17768,other-process-2,3d,16.5
2026-10-04T20:09:20,2420,dwm,3d,11.2
2026-10-04T20:09:28,11600,other-process-1,3d,5.8
2026-10-04T20:09:28,17768,other-process-2,3d,16.3
2026-10-04T20:09:28,2420,dwm,3d,15.7
2026-10-04T20:09:35,11600,other-process-1,3d,6.6
2026-10-04T20:09:35,17768,other-process-2,3d,15.5
2026-10-04T20:09:35,2420,dwm,3d,15.5
2026-10-04T20:09:42,11600,other-process-1,3d,6.7
2026-10-04T20:09:42,17768,other-process-2,3d,15.5
2026-10-04T20:09:42,2420,dwm,3d,16.7
2026-10-04T20:09:50,11600,other-process-1,3d,4.6
2026-10-04T20:09:50,17768,other-process-2,3d,16.0
2026-10-04T20:09:50,2420,dwm,3d,11.3
2026-10-04T20:09:57,11600,other-process-1,3d,6.5
2026-10-04T20:09:57,17768,other-process-2,3d,15.2
2026-10-04T20:09:57,2420,dwm,3d,16.0
2026-10-04T20:10:05,11600,other-process-1,3d,5.1
2026-10-04T20:10:05,17768,other-process-2,3d,14.8
2026-10-04T20:10:05,2420,dwm,3d,14.1
2026-10-04T20:10:12,11600,other-process-1,3d,4.5
2026-10-04T20:10:12,17768,other-process-2,3d,15.8
2026-10-04T20:10:12,2420,dwm,3d,11.8
2026-10-04T20:10:20,11600,other-process-1,3d,6.1
2026-10-04T20:10:20,17768,other-process-2,3d,17.2
2026-10-04T20:10:20,2420,dwm,3d,16.5
2026-10-04T20:10:27,11600,other-process-1,3d,4.9
2026-10-04T20:10:27,17768,other-process-2,3d,17.3
2026-10-04T20:10:27,2420,dwm,3d,10.6
2026-10-04T20:10:34,11600,other-process-1,3d,6.2
2026-10-04T20:10:34,17768,other-process-2,3d,16.5
2026-10-04T20:10:34,2420,dwm,3d,16.5
2026-10-04T20:10:42,11600,other-process-1,3d,4.9
2026-10-04T20:10:42,17768,other-process-2,3d,15.8
2026-10-04T20:10:42,2420,dwm,3d,11.2
2026-10-04T20:10:49,11600,other-process-1,3d,7.4
2026-10-04T20:10:49,17768,other-process-2,3d,18.5
2026-10-04T20:10:49,2420,dwm,3d,21.3
2026-10-04T20:10:57,11600,other-process-1,3d,5.9
2026-10-04T20:10:57,17768,other-process-2,3d,15.9
2026-10-04T20:10:57,2420,dwm,3d,15.6
2026-10-04T20:11:04,11600,other-process-1,3d,4.1
2026-10-04T20:11:04,17768,other-process-2,3d,15.5
2026-10-04T20:11:04,2420,dwm,3d,11.7
2026-10-04T20:11:11,11600,other-process-1,3d,7.9
2026-10-04T20:11:11,17768,other-process-2,3d,14.9
2026-10-04T20:11:11,2420,dwm,3d,21.9
2026-10-04T20:11:19,11600,other-process-1,3d,3.9
2026-10-04T20:11:19,17768,other-process-2,3d,15.0
2026-10-04T20:11:19,2420,dwm,3d,11.0
2026-10-04T20:11:26,11600,other-process-1,3d,5.0
2026-10-04T20:11:26,17768,other-process-2,3d,14.5
2026-10-04T20:11:26,2420,dwm,3d,11.2
2026-10-04T20:11:34,11600,other-process-1,3d,8.8
2026-10-04T20:11:34,17768,other-process-2,3d,8.3
2026-10-04T20:11:34,2420,dwm,3d,16.3
2026-10-04T20:11:41,11600,other-process-1,3d,7.6
2026-10-04T20:11:41,17768,other-process-2,3d,9.8
2026-10-04T20:11:41,2420,dwm,3d,16.4
2026-10-04T20:11:48,11600,other-process-1,3d,5.5
2026-10-04T20:11:48,17768,other-process-2,3d,7.7
2026-10-04T20:11:48,2420,dwm,3d,12.1
2026-10-04T20:11:56,11600,other-process-1,3d,6.7
2026-10-04T20:11:56,17768,other-process-2,3d,14.8
2026-10-04T20:11:56,2420,dwm,3d,16.9
2026-10-04T20:12:03,11600,other-process-1,3d,6.5
2026-10-04T20:12:03,17768,other-process-2,3d,12.0
2026-10-04T20:12:03,2420,dwm,3d,16.2
2026-10-04T20:12:10,11600,other-process-1,3d,6.2
2026-10-04T20:12:10,17768,other-process-2,3d,15.2
2026-10-04T20:12:10,2420,dwm,3d,15.6
2026-10-04T20:12:18,11600,other-process-1,3d,4.4
2026-10-04T20:12:18,17768,other-process-2,3d,16.4
2026-10-04T20:12:18,2420,dwm,3d,10.3
2026-10-04T20:12:25,11600,other-process-1,3d,9.3
2026-10-04T20:12:25,17768,other-process-2,3d,10.4
2026-10-04T20:12:25,2420,dwm,3d,16.1
2026-10-04T20:12:32,11600,other-process-1,3d,4.0
2026-10-04T20:12:32,17768,other-process-2,3d,18.0
2026-10-04T20:12:32,2420,dwm,3d,9.2
2026-10-04T20:12:39,11600,other-process-1,3d,8.6
2026-10-04T20:12:39,17768,other-process-2,3d,7.9
2026-10-04T20:12:39,2420,dwm,3d,16.0
2026-10-04T20:12:47,11600,other-process-1,3d,4.0
2026-10-04T20:12:47,17768,other-process-2,3d,16.3
2026-10-04T20:12:47,2420,dwm,3d,11.3
2026-10-04T20:12:54,11600,other-process-1,3d,9.4
2026-10-04T20:12:54,17768,other-process-2,3d,8.9
2026-10-04T20:12:54,2420,dwm,3d,21.2
2026-10-04T20:13:02,11600,other-process-1,3d,3.5
2026-10-04T20:13:02,17768,other-process-2,3d,18.8
2026-10-04T20:13:02,2420,dwm,3d,10.3
2026-10-04T20:13:09,11600,other-process-1,3d,4.0
2026-10-04T20:13:09,2420,dwm,3d,6.9
2026-10-04T20:13:16,11600,other-process-1,3d,9.8
2026-10-04T20:13:16,17768,other-process-2,3d,2.3
2026-10-04T20:13:16,2420,dwm,3d,18.2
2026-10-04T20:13:23,11600,other-process-1,3d,6.1
2026-10-04T20:13:23,2420,dwm,3d,11.1
2026-10-04T20:13:31,11600,other-process-1,3d,8.3
2026-10-04T20:13:31,2420,dwm,3d,11.7
2026-10-04T20:13:38,11600,other-process-1,3d,6.6
2026-10-04T20:13:38,2420,dwm,3d,11.3
2026-10-04T20:13:45,11600,other-process-1,3d,7.6
2026-10-04T20:13:45,2420,dwm,3d,15.6
2026-10-04T20:13:53,11600,other-process-1,3d,8.3
2026-10-04T20:13:53,2420,dwm,3d,14.5
2026-10-04T20:14:01,11600,other-process-1,3d,7.3
2026-10-04T20:14:01,2420,dwm,3d,16.4
2026-10-04T20:14:08,11600,other-process-1,3d,6.5
2026-10-04T20:14:08,2420,dwm,3d,11.9
2026-10-04T20:14:16,11600,other-process-1,3d,12.7
2026-10-04T20:14:16,2420,dwm,3d,21.6
2026-10-04T20:14:23,11600,other-process-1,3d,6.6
2026-10-04T20:14:23,2420,dwm,3d,11.4
2026-10-04T20:14:31,11600,other-process-1,3d,13.8
2026-10-04T20:14:31,2420,dwm,3d,24.3
2026-10-04T20:14:38,11600,other-process-1,3d,5.4
2026-10-04T20:14:38,2420,dwm,3d,9.7
2026-10-04T20:14:46,11600,other-process-1,3d,11.8
2026-10-04T20:14:46,2420,dwm,3d,20.9
2026-10-04T20:14:54,11600,other-process-1,3d,6.9
2026-10-04T20:14:54,2420,dwm,3d,9.2
2026-10-04T20:15:01,11600,other-process-1,3d,7.8
2026-10-04T20:15:01,2420,dwm,3d,14.2
2026-10-04T20:15:09,11600,other-process-1,3d,5.3
2026-10-04T20:15:09,2420,dwm,3d,6.8
2026-10-04T20:15:17,11600,other-process-1,3d,8.6
2026-10-04T20:15:17,2420,dwm,3d,17.3
2026-10-04T20:15:24,11600,other-process-1,3d,9.2
2026-10-04T20:15:24,2420,dwm,3d,13.8
2026-10-04T20:15:32,11600,other-process-1,3d,10.0
2026-10-04T20:15:32,2420,dwm,3d,18.6
2026-10-04T20:15:40,11600,other-process-1,3d,11.5
2026-10-04T20:15:40,2420,dwm,3d,20.2
2026-10-04T20:15:47,11600,other-process-1,3d,6.0
2026-10-04T20:15:47,2420,dwm,3d,11.0
2026-10-04T20:15:55,11600,other-process-1,3d,11.5
2026-10-04T20:15:55,2420,dwm,3d,19.0
2026-10-04T20:16:02,11600,other-process-1,3d,4.6
2026-10-04T20:16:02,2420,dwm,3d,8.2
2026-10-04T20:16:10,11600,other-process-1,3d,17.3
2026-10-04T20:16:10,2420,dwm,3d,33.0
2026-10-04T20:16:18,11600,other-process-1,3d,3.3
2026-10-04T20:16:18,2420,dwm,3d,5.5
2026-10-04T20:16:25,11600,other-process-1,3d,13.5
2026-10-04T20:16:25,2420,dwm,3d,25.5
2026-10-04T20:16:33,11600,other-process-1,3d,2.7
2026-10-04T20:16:33,2420,dwm,3d,3.3
2026-10-04T20:16:41,11600,other-process-1,3d,6.6
2026-10-04T20:16:41,2420,dwm,3d,11.3
2026-10-04T20:16:48,11600,other-process-1,3d,10.0
2026-10-04T20:16:48,2420,dwm,3d,15.6
2026-10-04T20:16:56,11600,other-process-1,3d,6.4
2026-10-04T20:16:56,2420,dwm,3d,11.2
2026-10-04T20:17:04,11600,other-process-1,3d,13.7
2026-10-04T20:17:04,2420,dwm,3d,21.8
2026-10-04T20:17:11,11600,other-process-1,3d,4.9
2026-10-04T20:17:11,2420,dwm,3d,8.9
2026-10-04T20:17:19,11600,other-process-1,3d,16.5
2026-10-04T20:17:19,2420,dwm,3d,30.7
2026-10-04T20:17:27,11600,other-process-1,3d,4.1
2026-10-04T20:17:27,2420,dwm,3d,7.1
2026-10-04T20:17:34,11600,other-process-1,3d,17.0
2026-10-04T20:17:34,2420,dwm,3d,33.5
2026-10-04T20:17:42,11600,other-process-1,3d,2.7
2026-10-04T20:17:42,2420,dwm,3d,4.2
2026-10-04T20:17:50,11600,other-process-1,3d,6.5
2026-10-04T20:17:50,2420,dwm,3d,11.5
2026-10-04T20:17:57,11600,other-process-1,3d,6.4
2026-10-04T20:17:57,2420,dwm,3d,10.3
2026-10-04T20:18:05,11600,other-process-1,3d,6.2
2026-10-04T20:18:05,2420,dwm,3d,11.1
2026-10-04T20:18:12,11600,other-process-1,3d,10.8
2026-10-04T20:18:12,2420,dwm,3d,17.8
2026-10-04T20:18:20,11600,other-process-1,3d,7.8
2026-10-04T20:18:20,2420,dwm,3d,13.5
2026-10-04T20:18:28,11600,other-process-1,3d,12.4
2026-10-04T20:18:28,2420,dwm,3d,22.0
2026-10-04T20:18:35,11600,other-process-1,3d,4.9
2026-10-04T20:18:35,2420,dwm,3d,8.7
2026-10-04T20:18:43,11600,other-process-1,3d,10.5
2026-10-04T20:18:43,2420,dwm,3d,18.8
2026-10-04T20:18:51,11600,other-process-1,3d,3.7
2026-10-04T20:18:51,2420,dwm,3d,6.2
2026-10-04T20:18:58,11600,other-process-1,3d,9.0
2026-10-04T20:18:58,2420,dwm,3d,15.0
2026-10-04T20:19:06,11600,other-process-1,3d,7.2
2026-10-04T20:19:06,2420,dwm,3d,9.8
2026-10-04T20:19:14,11600,other-process-1,3d,9.3
2026-10-04T20:19:14,2420,dwm,3d,16.9
2026-10-04T20:19:22,11600,other-process-1,3d,9.8
2026-10-04T20:19:22,2420,dwm,3d,17.0
2026-10-04T20:19:29,11600,other-process-1,3d,4.1
2026-10-04T20:19:29,2420,dwm,3d,7.6
2026-10-04T20:19:37,11600,other-process-1,3d,11.2
2026-10-04T20:19:37,2420,dwm,3d,19.5
2026-10-04T20:19:45,11600,other-process-1,3d,3.2
2026-10-04T20:19:45,2420,dwm,3d,4.4
2026-10-04T20:19:53,11600,other-process-1,3d,7.2
2026-10-04T20:19:53,2420,dwm,3d,12.5
2026-10-04T20:20:00,11600,other-process-1,3d,10.6
2026-10-04T20:20:00,2420,dwm,3d,16.4
2026-10-04T20:20:08,11600,other-process-1,3d,5.5
2026-10-04T20:20:08,2420,dwm,3d,10.3
2026-10-04T20:20:16,11600,other-process-1,3d,16.6
2026-10-04T20:20:16,2420,dwm,3d,27.1
2026-10-04T20:20:24,11600,other-process-1,3d,4.8
2026-10-04T20:20:24,2420,dwm,3d,6.6
2026-10-04T20:20:31,11600,other-process-1,3d,10.2
2026-10-04T20:20:31,2420,dwm,3d,20.6
2026-10-04T20:20:39,11600,other-process-1,3d,10.4
2026-10-04T20:20:39,2420,dwm,3d,14.0
2026-10-04T20:20:47,11600,other-process-1,3d,6.0
2026-10-04T20:20:47,2420,dwm,3d,11.2
2026-10-04T20:20:55,11600,other-process-1,3d,15.8
2026-10-04T20:20:55,2420,dwm,3d,25.8
2026-10-04T20:21:02,11600,other-process-1,3d,3.7
2026-10-04T20:21:02,2420,dwm,3d,6.9
2026-10-04T20:21:10,11600,other-process-1,3d,13.5
2026-10-04T20:21:10,2420,dwm,3d,24.6
2026-10-04T20:21:18,11600,other-process-1,3d,4.6
2026-10-04T20:21:18,2420,dwm,3d,6.5
2026-10-04T20:21:26,11600,other-process-1,3d,7.5
2026-10-04T20:21:26,2420,dwm,3d,12.4
2026-10-04T20:21:34,11600,other-process-1,3d,15.1
2026-10-04T20:21:34,2420,dwm,3d,24.4
2026-10-04T20:21:41,11600,other-process-1,3d,4.5
2026-10-04T20:21:41,2420,dwm,3d,7.3
2026-10-04T20:21:49,11600,other-process-1,3d,12.8
2026-10-04T20:21:49,2420,dwm,3d,21.9
2026-10-04T20:21:57,11600,other-process-1,3d,2.0
2026-10-04T20:21:57,2420,dwm,3d,4.6
2026-10-04T20:22:05,11600,other-process-1,3d,6.5
2026-10-04T20:22:05,2420,dwm,3d,14.1
2026-10-04T20:22:12,11600,other-process-1,3d,13.6
2026-10-04T20:22:12,2420,dwm,3d,20.5
2026-10-04T20:22:20,11600,other-process-1,3d,5.8
2026-10-04T20:22:20,2420,dwm,3d,9.3
2026-10-04T20:22:28,11600,other-process-1,3d,15.3
2026-10-04T20:22:28,2420,dwm,3d,25.7
2026-10-04T20:22:36,11600,other-process-1,3d,2.3
2026-10-04T20:22:36,2420,dwm,3d,4.1
2026-10-04T20:22:43,11600,other-process-1,3d,7.7
2026-10-04T20:22:43,2420,dwm,3d,12.8
2026-10-04T20:22:51,11600,other-process-1,3d,11.4
2026-10-04T20:22:51,2420,dwm,3d,17.3
2026-10-04T20:22:59,11600,other-process-1,3d,5.8
2026-10-04T20:22:59,2420,dwm,3d,10.8
2026-10-04T20:23:07,11600,other-process-1,3d,12.6
2026-10-04T20:23:07,2420,dwm,3d,21.9
2026-10-04T20:23:15,11600,other-process-1,3d,3.4
2026-10-04T20:23:15,2420,dwm,3d,5.9
2026-10-04T20:23:22,11600,other-process-1,3d,6.8
2026-10-04T20:23:22,2420,dwm,3d,11.9
2026-10-04T20:23:30,11600,other-process-1,3d,7.8
2026-10-04T20:23:30,2420,dwm,3d,11.2
2026-10-04T20:23:38,11600,other-process-1,3d,6.3
2026-10-04T20:23:38,2420,dwm,3d,11.0
2026-10-04T20:23:46,11600,other-process-1,3d,15.2
2026-10-04T20:23:46,2420,dwm,3d,29.7
2026-10-04T20:23:53,11600,other-process-1,3d,4.3
2026-10-04T20:23:53,2420,dwm,3d,6.8
2026-10-04T20:24:01,11600,other-process-1,3d,12.8
2026-10-04T20:24:01,2420,dwm,3d,22.1
2026-10-04T20:24:09,11600,other-process-1,3d,5.6
2026-10-04T20:24:09,2420,dwm,3d,8.9
2026-10-04T20:24:17,11600,other-process-1,3d,6.2
2026-10-04T20:24:17,2420,dwm,3d,11.0
2026-10-04T20:24:25,11600,other-process-1,3d,11.9
2026-10-04T20:24:25,2420,dwm,3d,18.6
2026-10-04T20:24:32,11600,other-process-1,3d,4.6
2026-10-04T20:24:32,2420,dwm,3d,7.9
2026-10-04T20:24:40,11600,other-process-1,3d,15.4
2026-10-04T20:24:40,2420,dwm,3d,29.1
2026-10-04T20:24:48,11600,other-process-1,3d,4.6
2026-10-04T20:24:48,2420,dwm,3d,7.3
2026-10-04T20:24:56,11600,other-process-1,3d,6.1
2026-10-04T20:24:56,2420,dwm,3d,11.8
2026-10-04T20:25:03,11600,other-process-1,3d,12.2
2026-10-04T20:25:03,2420,dwm,3d,19.7
2026-10-04T20:25:11,11600,other-process-1,3d,5.2
2026-10-04T20:25:11,2420,dwm,3d,9.2
2026-10-04T20:25:19,11600,other-process-1,3d,15.2
2026-10-04T20:25:19,2420,dwm,3d,28.1
2026-10-04T20:25:27,11600,other-process-1,3d,2.6
2026-10-04T20:25:27,2420,dwm,3d,4.9
2026-10-04T20:25:34,11600,other-process-1,3d,9.4
2026-10-04T20:25:34,2420,dwm,3d,16.6
2026-10-04T20:25:42,11600,other-process-1,3d,10.9
2026-10-04T20:25:42,2420,dwm,3d,15.6
2026-10-04T20:25:50,11600,other-process-1,3d,5.6
2026-10-04T20:25:50,2420,dwm,3d,10.6
2026-10-04T20:25:58,11600,other-process-1,3d,16.7
2026-10-04T20:25:58,2420,dwm,3d,29.2
2026-10-04T20:26:06,11600,other-process-1,3d,5.1
2026-10-04T20:26:06,2420,dwm,3d,8.7
2026-10-04T20:26:13,11600,other-process-1,3d,10.0
2026-10-04T20:26:13,2420,dwm,3d,20.2
2026-10-04T20:26:21,11600,other-process-1,3d,7.7
2026-10-04T20:26:21,2420,dwm,3d,11.4
2026-10-04T20:26:29,11600,other-process-1,3d,6.2
2026-10-04T20:26:29,2420,dwm,3d,11.0
2026-10-04T20:26:37,11600,other-process-1,3d,10.6
2026-10-04T20:26:37,2420,dwm,3d,17.9
2026-10-04T20:26:44,11600,other-process-1,3d,3.5
2026-10-04T20:26:44,2420,dwm,3d,7.4
2026-10-04T20:26:52,11600,other-process-1,3d,13.0
2026-10-04T20:26:52,2420,dwm,3d,29.3
2026-10-04T20:27:00,11600,other-process-1,3d,2.8
2026-10-04T20:27:00,2420,dwm,3d,4.3
2026-10-04T20:27:08,11600,other-process-1,3d,6.5
2026-10-04T20:27:08,2420,dwm,3d,11.3
2026-10-04T20:27:15,11600,other-process-1,3d,13.4
2026-10-04T20:27:15,2420,dwm,3d,20.7
2026-10-04T20:27:23,11600,other-process-1,3d,5.2
2026-10-04T20:27:23,2420,dwm,3d,9.1
2026-10-04T20:27:31,11600,other-process-1,3d,10.2
2026-10-04T20:27:31,2420,dwm,3d,18.3
2026-10-04T20:27:39,11600,other-process-1,3d,2.7
2026-10-04T20:27:39,2420,dwm,3d,4.3
2026-10-04T20:27:47,11600,other-process-1,3d,8.1
2026-10-04T20:27:47,2420,dwm,3d,14.2
2026-10-04T20:27:54,11600,other-process-1,3d,5.9
2026-10-04T20:27:54,2420,dwm,3d,15.1
2026-10-04T20:28:02,11600,other-process-1,3d,6.6
2026-10-04T20:28:02,2420,dwm,3d,10.6
2026-10-04T20:28:10,11600,other-process-1,3d,12.6
2026-10-04T20:28:10,2420,dwm,3d,23.7
2026-10-04T20:28:18,11600,other-process-1,3d,3.6
2026-10-04T20:28:18,2420,dwm,3d,5.8
2026-10-04T20:28:25,11600,other-process-1,3d,16.0
2026-10-04T20:28:25,2420,dwm,3d,28.7
2026-10-04T20:28:33,,,none,0
2026-10-04T20:28:41,,,none,0
2026-10-04T20:28:48,,,none,0
2026-10-04T20:28:56,,,none,0
2026-10-04T20:29:04,,,none,0
2026-10-04T20:29:11,,,none,0
2026-10-04T20:29:19,,,none,0
2026-10-04T20:29:27,,,none,0
2026-10-04T20:29:34,,,none,0
2026-10-04T20:29:42,,,none,0
2026-10-04T20:29:49,,,none,0
2026-10-04T20:29:57,,,none,0
2026-10-04T20:30:05,,,none,0
2026-10-04T20:30:12,,,none,0
2026-10-04T20:30:20,,,none,0
2026-10-04T20:30:27,,,none,0
2026-10-04T20:30:35,,,none,0
2026-10-04T20:30:43,,,none,0
2026-10-04T20:30:50,,,none,0
2026-10-04T20:30:58,,,none,0
2026-10-04T20:31:06,,,none,0
2026-10-04T20:31:13,,,none,0
2026-10-04T20:31:21,,,none,0
2026-10-04T20:31:28,,,none,0
2026-10-04T20:31:36,,,none,0
2026-10-04T20:31:44,,,none,0
2026-10-04T20:31:51,,,none,0
2026-10-04T20:31:59,,,none,0
2026-10-04T20:32:07,,,none,0
2026-10-04T20:32:14,,,none,0
2026-10-04T20:32:22,,,none,0
2026-10-04T20:32:29,,,none,0
2026-10-04T20:32:37,,,none,0
2026-10-04T20:32:45,,,none,0
2026-10-04T20:32:52,,,none,0
2026-10-04T20:33:00,,,none,0
2026-10-04T20:33:07,,,none,0
2026-10-04T20:33:15,,,none,0
2026-10-04T20:33:23,,,none,0
2026-10-04T20:33:30,,,none,0
2026-10-04T20:33:38,,,none,0
2026-10-04T20:33:45,,,none,0
2026-10-04T20:33:53,,,none,0
2026-10-04T20:34:01,,,none,0
2026-10-04T20:34:08,,,none,0
2026-10-04T20:34:16,,,none,0
2026-10-04T20:34:24,,,none,0
2026-10-04T20:34:31,,,none,0
2026-10-04T20:34:39,,,none,0
2026-10-04T20:34:46,,,none,0
2026-10-04T20:34:54,,,none,0
2026-10-04T20:35:02,,,none,0
2026-10-04T20:35:09,,,none,0
2026-10-04T20:35:17,,,none,0
2026-10-04T20:35:25,,,none,0
2026-10-04T20:35:32,,,none,0
2026-10-04T20:35:40,,,none,0
2026-10-04T20:35:47,,,none,0
2026-10-04T20:35:55,,,none,0
2026-10-04T20:36:03,,,none,0
2026-10-04T20:36:10,,,none,0
2026-10-04T20:36:18,,,none,0
2026-10-04T20:36:26,,,none,0
2026-10-04T20:36:33,,,none,0
2026-10-04T20:36:41,,,none,0
2026-10-04T20:36:48,,,none,0
2026-10-04T20:36:56,,,none,0
2026-10-04T20:37:04,,,none,0
2026-10-04T20:37:11,,,none,0
2026-10-04T20:37:19,,,none,0
2026-10-04T20:37:26,,,none,0
2026-10-04T20:37:34,,,none,0
2026-10-04T20:37:42,,,none,0
2026-10-04T20:37:49,,,none,0
2026-10-04T20:37:57,,,none,0
2026-10-04T20:38:04,,,none,0
2026-10-04T20:38:12,,,none,0
2026-10-04T20:38:20,,,none,0
2026-10-04T20:38:27,,,none,0
2026-10-04T20:38:35,,,none,0
2026-10-04T20:38:42,,,none,0
2026-10-04T20:38:50,,,none,0
2026-10-04T20:38:58,,,none,0
2026-10-04T20:39:05,,,none,0
2026-10-04T20:39:13,,,none,0
2026-10-04T20:39:21,,,none,0
2026-10-04T20:39:28,,,none,0
2026-10-04T20:39:36,,,none,0
2026-10-04T20:39:43,,,none,0
2026-10-04T20:39:51,,,none,0
2026-10-04T20:39:59,,,none,0
2026-10-04T20:40:06,,,none,0
2026-10-04T20:40:14,,,none,0
2026-10-04T20:40:21,,,none,0
2026-10-04T20:40:29,,,none,0
2026-10-04T20:40:37,,,none,0
2026-10-04T20:40:44,,,none,0
2026-10-04T20:40:52,,,none,0
2026-10-04T20:41:00,,,none,0
2026-10-04T20:41:07,,,none,0
2026-10-04T20:41:15,,,none,0
2026-10-04T20:41:22,,,none,0
2026-10-04T20:41:30,,,none,0
2026-10-04T20:41:38,,,none,0
2026-10-04T20:41:45,,,none,0
2026-10-04T20:41:53,,,none,0
2026-10-04T20:42:01,,,none,0
2026-10-04T20:42:08,,,none,0
2026-10-04T20:42:16,,,none,0
2026-10-04T20:42:23,,,none,0
2026-10-04T20:42:31,,,none,0
2026-10-04T20:42:39,,,none,0
2026-10-04T20:42:46,,,none,0
2026-10-04T20:42:54,,,none,0
2026-10-04T20:43:01,,,none,0
2026-10-04T20:43:09,,,none,0
2026-10-04T20:43:17,,,none,0
2026-10-04T20:43:24,,,none,0
2026-10-04T20:43:32,,,none,0
2026-10-04T20:43:40,,,none,0
2026-10-04T20:43:47,,,none,0
2026-10-04T20:43:55,,,none,0
2026-10-04T20:44:02,,,none,0
2026-10-04T20:44:10,,,none,0
2026-10-04T20:44:17,,,none,0
2026-10-04T20:44:25,,,none,0
2026-10-04T20:44:33,,,none,0
2026-10-04T20:44:40,,,none,0
2026-10-04T20:44:48,,,none,0
2026-10-04T20:44:55,,,none,0
2026-10-04T20:45:03,,,none,0
2026-10-04T20:45:10,,,none,0
2026-10-04T20:45:18,,,none,0
2026-10-04T20:45:26,,,none,0
2026-10-04T20:45:33,,,none,0
2026-10-04T20:45:41,,,none,0
2026-10-04T20:45:48,,,none,0
2026-10-04T20:45:56,,,none,0
2026-10-04T20:46:03,,,none,0
2026-10-04T20:46:11,,,none,0
2026-10-04T20:46:18,,,none,0
2026-10-04T20:46:26,,,none,0
2026-10-04T20:46:33,,,none,0
2026-10-04T20:46:41,,,none,0
2026-10-04T20:46:48,,,none,0
2026-10-04T20:46:56,,,none,0
2026-10-04T20:47:04,,,none,0
2026-10-04T20:47:11,,,none,0
2026-10-04T20:47:19,,,none,0
2026-10-04T20:47:26,,,none,0
2026-10-04T20:47:34,11600,other-process-1,3d,13.7
2026-10-04T20:47:34,2420,dwm,3d,20.9
2026-10-04T20:47:41,11600,other-process-1,3d,4.9
2026-10-04T20:47:41,2420,dwm,3d,10.5
2026-10-04T20:47:49,11600,other-process-1,3d,15.1
2026-10-04T20:47:49,17768,other-process-2,3d,1.6
2026-10-04T20:47:49,2420,dwm,3d,28.9
2026-10-04T20:47:57,11600,other-process-1,3d,5.7
2026-10-04T20:47:57,17768,other-process-2,3d,2.6
2026-10-04T20:47:57,2420,dwm,3d,9.0
2026-10-04T20:48:04,11600,other-process-1,3d,4.1
2026-10-04T20:48:04,17768,other-process-2,3d,11.5
2026-10-04T20:48:04,2420,dwm,3d,11.2
2026-10-04T20:48:12,11600,other-process-1,3d,13.4
2026-10-04T20:48:12,2420,dwm,3d,17.8
2026-10-04T20:48:20,11600,other-process-1,3d,6.1
2026-10-04T20:48:20,2420,dwm,3d,7.6
2026-10-04T20:48:28,11600,other-process-1,3d,12.8
2026-10-04T20:48:28,17768,other-process-2,3d,2.3
2026-10-04T20:48:28,2420,dwm,3d,23.5
2026-10-04T20:48:36,11600,other-process-1,3d,5.9
2026-10-04T20:48:36,17768,other-process-2,3d,1.4
2026-10-04T20:48:36,2420,dwm,3d,8.1
2026-10-04T20:48:44,11600,other-process-1,3d,4.3
2026-10-04T20:48:44,17768,other-process-2,3d,15.0
2026-10-04T20:48:44,2420,dwm,3d,10.6
2026-10-04T20:48:52,11600,other-process-1,3d,4.8
2026-10-04T20:48:52,17768,other-process-2,3d,16.6
2026-10-04T20:48:52,2420,dwm,3d,10.9
2026-10-04T20:49:00,11600,other-process-1,3d,4.3
2026-10-04T20:49:00,17768,other-process-2,3d,18.2
2026-10-04T20:49:00,2420,dwm,3d,10.8
2026-10-04T20:49:08,11600,other-process-1,3d,10.1
2026-10-04T20:49:08,17768,other-process-2,3d,17.4
2026-10-04T20:49:08,2420,dwm,3d,6.1
2026-10-04T20:49:08,27056,other-process-3,3d,1.4
2026-10-04T20:49:08,4,System,copy,3.7
2026-10-04T20:49:18,11600,other-process-1,3d,5.0
2026-10-04T20:49:18,17768,other-process-2,3d,6.6
2026-10-04T20:49:18,2420,dwm,3d,4.7
2026-10-04T20:49:18,4,System,copy,1.4
2026-10-04T20:49:26,11600,other-process-1,3d,17.3
2026-10-04T20:49:26,17768,other-process-2,3d,14.8
2026-10-04T20:49:26,2420,dwm,3d,7.3
2026-10-04T20:49:26,4,System,copy,3.8
2026-10-04T20:49:34,11600,other-process-1,3d,9.8
2026-10-04T20:49:34,17768,other-process-2,3d,14.1
2026-10-04T20:49:34,2420,dwm,3d,8.6
2026-10-04T20:49:42,11600,other-process-1,3d,1.3
2026-10-04T20:49:42,17768,other-process-2,3d,9.1
2026-10-04T20:49:50,11600,other-process-1,3d,5.4
2026-10-04T20:49:50,17768,other-process-2,3d,19.5
2026-10-04T20:49:50,2420,dwm,3d,8.9
2026-10-04T20:49:58,11600,other-process-1,3d,16.2
2026-10-04T20:49:58,17768,other-process-2,3d,19.6
2026-10-04T20:49:58,2420,dwm,3d,28.8
2026-10-04T20:50:06,11600,other-process-1,3d,8.7
2026-10-04T20:50:06,2420,dwm,3d,5.4
2026-10-04T20:50:14,11600,other-process-1,3d,2.7
2026-10-04T20:50:14,2420,dwm,3d,1.1
2026-10-04T20:50:22,11600,other-process-1,3d,4.8
2026-10-04T20:50:22,2420,dwm,3d,1.1
2026-10-04T20:50:30,11600,other-process-1,3d,4.7
2026-10-04T20:50:30,2420,dwm,3d,6.4
2026-10-04T20:50:38,11600,other-process-1,3d,6.0
2026-10-04T20:50:38,17768,other-process-2,3d,5.5
2026-10-04T20:50:38,2420,dwm,3d,11.6
2026-10-04T20:50:46,11600,other-process-1,3d,9.5
2026-10-04T20:50:46,17768,other-process-2,3d,1.8
2026-10-04T20:50:46,2420,dwm,3d,22.7
2026-10-04T20:50:54,11600,other-process-1,3d,2.9
2026-10-04T20:50:54,17768,other-process-2,3d,1.6
2026-10-04T20:50:54,2420,dwm,3d,4.0
2026-10-04T20:51:01,11600,other-process-1,3d,5.5
2026-10-04T20:51:01,17768,other-process-2,3d,1.6
2026-10-04T20:51:01,2420,dwm,3d,11.4
2026-10-04T20:51:09,11600,other-process-1,3d,9.1
2026-10-04T20:51:09,17768,other-process-2,3d,1.9
2026-10-04T20:51:09,2420,dwm,3d,20.5
2026-10-04T20:51:17,11600,other-process-1,3d,4.1
2026-10-04T20:51:17,17768,other-process-2,3d,1.2
2026-10-04T20:51:17,2420,dwm,3d,7.7
2026-10-04T20:51:25,11600,other-process-1,3d,6.4
2026-10-04T20:51:25,17768,other-process-2,3d,6.7
2026-10-04T20:51:25,2420,dwm,3d,17.2
2026-10-04T20:51:33,11600,other-process-1,3d,6.7
2026-10-04T20:51:33,17768,other-process-2,3d,2.6
2026-10-04T20:51:33,2420,dwm,3d,17.9
2026-10-04T20:51:41,11600,other-process-1,3d,5.2
2026-10-04T20:51:41,17768,other-process-2,3d,12.5
2026-10-04T20:51:41,2420,dwm,3d,16.1
2026-10-04T20:51:49,11600,other-process-1,3d,4.4
2026-10-04T20:51:49,17768,other-process-2,3d,17.0
2026-10-04T20:51:49,2420,dwm,3d,11.0
2026-10-04T20:51:57,11600,other-process-1,3d,10.2
2026-10-04T20:51:57,17768,other-process-2,3d,11.0
2026-10-04T20:51:57,2420,dwm,3d,5.5
2026-10-04T20:51:57,4,System,copy,1.7
2026-10-04T20:52:05,11600,other-process-1,3d,11.7
2026-10-04T20:52:05,17768,other-process-2,3d,9.1
2026-10-04T20:52:05,2420,dwm,3d,12.5
2026-10-04T20:52:05,27056,other-process-3,3d,1.4
2026-10-04T20:52:05,4,System,copy,1.7
2026-10-04T20:52:13,11600,other-process-1,3d,16.3
2026-10-04T20:52:13,17768,other-process-2,3d,19.2
2026-10-04T20:52:13,2420,dwm,3d,22.2
2026-10-04T20:52:13,4,System,copy,2.2
2026-10-04T20:52:21,11600,other-process-1,3d,2.2
2026-10-04T20:52:21,17768,other-process-2,3d,12.6
2026-10-04T20:52:21,2420,dwm,3d,2.0
2026-10-04T20:52:21,4,System,copy,1.3
2026-10-04T20:52:30,11600,other-process-1,3d,4.6
2026-10-04T20:52:30,17768,other-process-2,3d,9.4
2026-10-04T20:52:30,2420,dwm,3d,2.0
2026-10-04T20:52:38,11600,other-process-1,3d,8.5
2026-10-04T20:52:38,17768,other-process-2,3d,8.8
2026-10-04T20:52:38,2420,dwm,3d,6.0
2026-10-04T20:52:38,4,System,copy,1.2
2026-10-04T20:52:46,11600,other-process-1,3d,4.6
2026-10-04T20:52:46,17768,other-process-2,3d,10.0
2026-10-04T20:52:46,2420,dwm,3d,10.8
2026-10-04T20:52:55,11600,other-process-1,3d,7.3
2026-10-04T20:52:55,17768,other-process-2,3d,15.2
2026-10-04T20:52:55,2420,dwm,3d,19.0
2026-10-04T20:53:03,11600,other-process-1,3d,6.1
2026-10-04T20:53:03,2420,dwm,3d,12.3
2026-10-04T20:53:11,11600,other-process-1,3d,5.0
2026-10-04T20:53:11,2420,dwm,3d,9.0
2026-10-04T20:53:19,11600,other-process-1,3d,7.5
2026-10-04T20:53:19,2420,dwm,3d,17.6
2026-10-04T20:53:27,11600,other-process-1,3d,10.0
2026-10-04T20:53:27,17768,other-process-2,3d,1.2
2026-10-04T20:53:27,2420,dwm,3d,23.6
2026-10-04T20:53:35,11600,other-process-1,3d,5.5
2026-10-04T20:53:35,17768,other-process-2,3d,3.5
2026-10-04T20:53:35,2420,dwm,3d,6.8
2026-10-04T20:53:43,11600,other-process-1,3d,18.7
2026-10-04T20:53:43,17768,other-process-2,3d,1.0
2026-10-04T20:53:43,2420,dwm,3d,4.4
2026-10-04T20:53:43,4,System,copy,8.4
2026-10-04T20:53:52,11600,other-process-1,3d,18.4
2026-10-04T20:53:52,2420,dwm,3d,12.4
2026-10-04T20:53:52,27056,other-process-3,3d,3.0
2026-10-04T20:53:52,4,System,copy,6.5
2026-10-04T20:54:00,11600,other-process-1,3d,5.2
2026-10-04T20:54:00,2420,dwm,3d,9.5
2026-10-04T20:54:00,27056,other-process-3,3d,1.4
2026-10-04T20:54:08,11600,other-process-1,3d,3.6
2026-10-04T20:54:08,2420,dwm,3d,4.2
2026-10-04T20:54:16,11600,other-process-1,3d,20.0
2026-10-04T20:54:16,2420,dwm,3d,4.5
2026-10-04T20:54:16,27056,other-process-3,3d,1.1
2026-10-04T20:54:16,4,System,copy,6.8
2026-10-04T20:54:25,11600,other-process-1,3d,3.9
2026-10-04T20:54:25,2420,dwm,3d,8.0
2026-10-04T20:54:33,11600,other-process-1,3d,20.3
2026-10-04T20:54:33,2420,dwm,3d,1.9
2026-10-04T20:54:33,4,System,copy,3.9
2026-10-04T20:54:42,11600,other-process-1,3d,17.6
2026-10-04T20:54:42,2420,dwm,3d,2.7
2026-10-04T20:54:42,4,System,copy,3.2
2026-10-04T20:54:50,11600,other-process-1,3d,26.8
2026-10-04T20:54:50,1856,other-process-4,3d,1.3
2026-10-04T20:54:50,2420,dwm,3d,4.2
2026-10-04T20:54:50,27056,other-process-3,3d,1.1
2026-10-04T20:54:50,4,System,copy,9.4
2026-10-04T20:54:58,11600,other-process-1,3d,22.0
2026-10-04T20:54:58,2420,dwm,3d,1.4
2026-10-04T20:54:58,4,System,copy,3.1
2026-10-04T20:55:07,11600,other-process-1,3d,6.1
2026-10-04T20:55:07,17768,other-process-2,3d,1.5
2026-10-04T20:55:07,2420,dwm,3d,18.2
2026-10-04T20:55:07,27056,other-process-3,3d,1.1
2026-10-04T20:55:15,11600,other-process-1,3d,8.0
2026-10-04T20:55:15,2420,dwm,3d,20.4
2026-10-04T20:55:15,27056,other-process-3,3d,2.6
2026-10-04T20:55:23,11600,other-process-1,3d,5.8
2026-10-04T20:55:23,17768,other-process-2,3d,3.1
2026-10-04T20:55:23,2420,dwm,3d,7.6
2026-10-04T20:55:31,11600,other-process-1,3d,5.1
2026-10-04T20:55:31,17768,other-process-2,3d,5.0
2026-10-04T20:55:31,2420,dwm,3d,11.8
2026-10-04T20:55:40,11600,other-process-1,3d,5.3
2026-10-04T20:55:40,2420,dwm,3d,13.3
2026-10-04T20:55:48,11600,other-process-1,3d,13.4
2026-10-04T20:55:48,2420,dwm,3d,2.7
2026-10-04T20:55:48,2444,other-process-5,3d,2.9
2026-10-04T20:55:48,27056,other-process-3,3d,2.7
2026-10-04T20:55:48,4,System,copy,2.7
2026-10-04T20:55:58,11600,other-process-1,3d,11.7
2026-10-04T20:55:58,2420,dwm,3d,1.6
2026-10-04T20:55:58,2444,other-process-5,3d,3.0
2026-10-04T20:55:58,27056,other-process-3,3d,1.1
2026-10-04T20:55:58,4,System,copy,1.3
2026-10-04T20:56:08,11600,other-process-1,3d,5.6
2026-10-04T20:56:08,2420,dwm,3d,2.2
2026-10-04T20:56:08,2444,other-process-5,3d,2.0
2026-10-04T20:56:08,27056,other-process-3,3d,2.8
2026-10-04T20:56:08,4,System,copy,3.9
2026-10-04T20:56:19,11600,other-process-1,3d,2.5
2026-10-04T20:56:29,11600,other-process-1,3d,1.5
2026-10-04T20:56:29,27056,other-process-3,3d,1.8
2026-10-04T20:56:39,,,none,0
2026-10-04T20:56:49,11600,other-process-1,3d,15.4
2026-10-04T20:56:49,2420,dwm,3d,4.2
2026-10-04T20:56:49,27056,other-process-3,3d,5.9
2026-10-04T20:56:49,4,System,copy,1.5
2026-10-04T20:57:00,11600,other-process-1,3d,10.9
2026-10-04T20:57:00,2420,dwm,3d,20.2
2026-10-04T20:57:00,27056,other-process-3,3d,3.0
2026-10-04T20:57:00,4,System,copy,3.7
2026-10-04T20:57:08,11600,other-process-1,3d,20.1
2026-10-04T20:57:08,2420,dwm,3d,2.6
2026-10-04T20:57:08,4,System,copy,2.5
2026-10-04T20:57:17,11600,other-process-1,3d,19.6
2026-10-04T20:57:17,2420,dwm,3d,2.7
2026-10-04T20:57:17,4,System,copy,3.5
2026-10-04T20:57:26,11600,other-process-1,3d,2.7
2026-10-04T20:57:26,17768,other-process-2,3d,7.3
2026-10-04T20:57:26,2420,dwm,3d,6.4
2026-10-04T20:57:35,11600,other-process-1,3d,3.6
2026-10-04T20:57:35,17768,other-process-2,3d,3.0
2026-10-04T20:57:35,2420,dwm,3d,7.8
2026-10-04T20:57:43,11600,other-process-1,3d,8.4
2026-10-04T20:57:43,2420,dwm,3d,17.1
2026-10-04T20:57:43,4,System,copy,2.3
2026-10-04T20:57:52,11600,other-process-1,3d,7.1
2026-10-04T20:57:52,2420,dwm,3d,14.4
2026-10-04T20:58:00,11600,other-process-1,3d,14.1
2026-10-04T20:58:00,2420,dwm,3d,29.1
2026-10-04T20:58:09,11600,other-process-1,3d,10.8
2026-10-04T20:58:09,2420,dwm,3d,19.2
2026-10-04T20:58:17,11600,other-process-1,3d,6.9
2026-10-04T20:58:17,2420,dwm,3d,6.8
2026-10-04T20:58:17,4,System,copy,1.1
2026-10-04T20:58:26,11600,other-process-1,3d,4.1
2026-10-04T20:58:26,2420,dwm,3d,7.9
2026-10-04T20:58:34,11600,other-process-1,3d,6.3
2026-10-04T20:58:34,2420,dwm,3d,11.9
2026-10-04T20:58:43,11600,other-process-1,3d,5.8
2026-10-04T20:58:43,2420,dwm,3d,14.2
2026-10-04T20:58:43,4,System,copy,1.0
2026-10-04T20:58:51,11600,other-process-1,3d,7.4
2026-10-04T20:58:51,2420,dwm,3d,23.0
2026-10-04T20:58:51,27056,other-process-3,3d,1.0
2026-10-04T20:59:00,11600,other-process-1,3d,12.7
2026-10-04T20:59:00,2420,dwm,3d,22.9
2026-10-04T20:59:08,11600,other-process-1,3d,8.3
2026-10-04T20:59:08,2420,dwm,3d,10.7
2026-10-04T20:59:17,11600,other-process-1,3d,5.7
2026-10-04T20:59:17,2420,dwm,3d,8.9
2026-10-04T20:59:25,11600,other-process-1,3d,4.6
2026-10-04T20:59:25,2420,dwm,3d,9.0
2026-10-04T20:59:34,11600,other-process-1,3d,6.1
2026-10-04T20:59:34,2420,dwm,3d,11.6
2026-10-04T20:59:43,11600,other-process-1,3d,9.6
2026-10-04T20:59:43,2420,dwm,3d,18.3
2026-10-04T20:59:51,11600,other-process-1,3d,14.0
2026-10-04T20:59:51,2420,dwm,3d,23.3
2026-10-04T21:00:00,11600,other-process-1,3d,12.6
2026-10-04T21:00:00,2420,dwm,3d,20.7
2026-10-04T21:00:08,11600,other-process-1,3d,2.8
2026-10-04T21:00:08,2420,dwm,3d,4.6
2026-10-04T21:00:17,11600,other-process-1,3d,5.4
2026-10-04T21:00:17,2420,dwm,3d,8.4
2026-10-04T21:00:25,11600,other-process-1,3d,6.9
2026-10-04T21:00:25,2420,dwm,3d,11.7
2026-10-04T21:00:34,11600,other-process-1,3d,7.9
2026-10-04T21:00:34,2420,dwm,3d,15.1
2026-10-04T21:00:42,11600,other-process-1,3d,12.9
2026-10-04T21:00:42,2420,dwm,3d,25.0
2026-10-04T21:00:51,11600,other-process-1,3d,10.9
2026-10-04T21:00:51,2420,dwm,3d,20.1
2026-10-04T21:00:59,11600,other-process-1,3d,6.3
2026-10-04T21:00:59,2420,dwm,3d,12.5
2026-10-04T21:01:08,11600,other-process-1,3d,4.3
2026-10-04T21:01:08,2420,dwm,3d,8.2
2026-10-04T21:01:16,11600,other-process-1,3d,5.9
2026-10-04T21:01:16,2420,dwm,3d,10.8
2026-10-04T21:01:25,11600,other-process-1,3d,6.6
2026-10-04T21:01:25,2420,dwm,3d,11.6
2026-10-04T21:01:33,11600,other-process-1,3d,11.0
2026-10-04T21:01:33,2420,dwm,3d,22.0
2026-10-04T21:01:42,11600,other-process-1,3d,13.2
2026-10-04T21:01:42,2420,dwm,3d,25.9
2026-10-04T21:01:50,11600,other-process-1,3d,6.7
2026-10-04T21:01:50,2420,dwm,3d,15.2
2026-10-04T21:01:59,11600,other-process-1,3d,3.3
2026-10-04T21:01:59,2420,dwm,3d,5.2
2026-10-04T21:02:08,11600,other-process-1,3d,5.6
2026-10-04T21:02:08,2420,dwm,3d,10.2
2026-10-04T21:02:16,11600,other-process-1,3d,6.4
2026-10-04T21:02:16,2420,dwm,3d,11.9
2026-10-04T21:02:25,11600,other-process-1,3d,9.4
2026-10-04T21:02:25,2420,dwm,3d,15.0
2026-10-04T21:02:33,11600,other-process-1,3d,16.2
2026-10-04T21:02:33,2420,dwm,3d,26.7
2026-10-04T21:02:42,11600,other-process-1,3d,9.3
2026-10-04T21:02:42,2420,dwm,3d,18.4
2026-10-04T21:02:50,11600,other-process-1,3d,3.1
2026-10-04T21:02:50,2420,dwm,3d,5.5
2026-10-04T21:02:59,11600,other-process-1,3d,4.8
2026-10-04T21:02:59,2420,dwm,3d,8.2
2026-10-04T21:03:07,11600,other-process-1,3d,6.1
2026-10-04T21:03:07,2420,dwm,3d,12.0
2026-10-04T21:03:16,11600,other-process-1,3d,6.7
2026-10-04T21:03:16,2420,dwm,3d,11.8
2026-10-04T21:03:24,11600,other-process-1,3d,12.3
2026-10-04T21:03:24,2420,dwm,3d,22.1
2026-10-04T21:03:33,11600,other-process-1,3d,9.0
2026-10-04T21:03:33,2420,dwm,3d,17.3
2026-10-04T21:03:41,11600,other-process-1,3d,3.1
2026-10-04T21:03:41,2420,dwm,3d,4.9
2026-10-04T21:03:50,11600,other-process-1,3d,4.5
2026-10-04T21:03:50,2420,dwm,3d,8.3
2026-10-04T21:03:58,11600,other-process-1,3d,6.1
2026-10-04T21:03:58,2420,dwm,3d,11.3
2026-10-04T21:04:07,11600,other-process-1,3d,8.4
2026-10-04T21:04:07,2420,dwm,3d,16.9
2026-10-04T21:04:15,11600,other-process-1,3d,9.8
2026-10-04T21:04:15,2420,dwm,3d,17.6
2026-10-04T21:04:24,11600,other-process-1,3d,8.8
2026-10-04T21:04:24,2420,dwm,3d,19.6
2026-10-04T21:04:32,11600,other-process-1,3d,5.9
2026-10-04T21:04:32,2420,dwm,3d,8.9
2026-10-04T21:04:41,11600,other-process-1,3d,3.8
2026-10-04T21:04:41,2420,dwm,3d,8.0
2026-10-04T21:04:49,11600,other-process-1,3d,6.4
2026-10-04T21:04:49,2420,dwm,3d,11.6
2026-10-04T21:04:58,11600,other-process-1,3d,5.6
2026-10-04T21:04:58,2420,dwm,3d,11.5
2026-10-04T21:05:06,11600,other-process-1,3d,9.1
2026-10-04T21:05:06,2420,dwm,3d,18.0
2026-10-04T21:05:15,11600,other-process-1,3d,11.2
2026-10-04T21:05:15,2420,dwm,3d,18.8
2026-10-04T21:05:23,11600,other-process-1,3d,8.5
2026-10-04T21:05:23,2420,dwm,3d,10.8
2026-10-04T21:05:32,11600,other-process-1,3d,4.5
2026-10-04T21:05:32,2420,dwm,3d,6.5
2026-10-04T21:05:40,11600,other-process-1,3d,5.7
2026-10-04T21:05:40,2420,dwm,3d,10.3
2026-10-04T21:05:49,11600,other-process-1,3d,6.0
2026-10-04T21:05:49,2420,dwm,3d,11.7
2026-10-04T21:05:57,11600,other-process-1,3d,6.7
2026-10-04T21:05:57,2420,dwm,3d,14.3
2026-10-04T21:06:06,11600,other-process-1,3d,13.7
2026-10-04T21:06:06,2420,dwm,3d,28.0
2026-10-04T21:06:14,11600,other-process-1,3d,7.0
2026-10-04T21:06:14,2420,dwm,3d,17.4
2026-10-04T21:06:23,11600,other-process-1,3d,5.2
2026-10-04T21:06:23,2420,dwm,3d,6.7
2026-10-04T21:06:31,11600,other-process-1,3d,5.9
2026-10-04T21:06:31,2420,dwm,3d,10.1
2026-10-04T21:06:40,11600,other-process-1,3d,6.2
2026-10-04T21:06:40,2420,dwm,3d,11.5
2026-10-04T21:06:48,11600,other-process-1,3d,12.4
2026-10-04T21:06:48,2420,dwm,3d,21.9
2026-10-04T21:06:57,11600,other-process-1,3d,9.5
2026-10-04T21:06:57,2420,dwm,3d,18.8
2026-10-04T21:07:05,11600,other-process-1,3d,6.6
2026-10-04T21:07:05,2420,dwm,3d,15.1
2026-10-04T21:07:14,11600,other-process-1,3d,3.2
2026-10-04T21:07:14,2420,dwm,3d,4.9
2026-10-04T21:07:23,11600,other-process-1,3d,5.6
2026-10-04T21:07:23,2420,dwm,3d,9.5
2026-10-04T21:07:31,11600,other-process-1,3d,6.1
2026-10-04T21:07:31,2420,dwm,3d,11.9
2026-10-04T21:07:40,11600,other-process-1,3d,12.2
2026-10-04T21:07:40,2420,dwm,3d,25.0
2026-10-04T21:07:48,11600,other-process-1,3d,10.3
2026-10-04T21:07:48,2420,dwm,3d,19.7
2026-10-04T21:07:57,11600,other-process-1,3d,9.5
2026-10-04T21:07:57,2420,dwm,3d,20.0
2026-10-04T21:08:05,11600,other-process-1,3d,2.3
2026-10-04T21:08:05,2420,dwm,3d,5.0
2026-10-04T21:08:14,11600,other-process-1,3d,4.8
2026-10-04T21:08:14,2420,dwm,3d,8.3
2026-10-04T21:08:22,11600,other-process-1,3d,6.5
2026-10-04T21:08:22,2420,dwm,3d,11.9
2026-10-04T21:08:31,11600,other-process-1,3d,7.3
2026-10-04T21:08:31,2420,dwm,3d,12.4
2026-10-04T21:08:39,11600,other-process-1,3d,13.3
2026-10-04T21:08:39,2420,dwm,3d,28.2
2026-10-04T21:08:48,11600,other-process-1,3d,9.3
2026-10-04T21:08:48,2420,dwm,3d,19.9
2026-10-04T21:08:56,11600,other-process-1,3d,2.3
2026-10-04T21:08:56,2420,dwm,3d,5.3
2026-10-04T21:09:05,11600,other-process-1,3d,3.8
2026-10-04T21:09:05,2420,dwm,3d,7.0
2026-10-04T21:09:13,11600,other-process-1,3d,6.7
2026-10-04T21:09:13,2420,dwm,3d,11.9
2026-10-04T21:09:22,11600,other-process-1,3d,6.6
2026-10-04T21:09:22,2420,dwm,3d,11.7
2026-10-04T21:09:30,11600,other-process-1,3d,7.1
2026-10-04T21:09:30,2420,dwm,3d,14.8
2026-10-04T21:09:39,11600,other-process-1,3d,8.6
2026-10-04T21:09:39,2420,dwm,3d,17.3
2026-10-04T21:09:47,11600,other-process-1,3d,7.3
2026-10-04T21:09:47,2420,dwm,3d,15.2
2026-10-04T21:09:56,11600,other-process-1,3d,2.3
2026-10-04T21:09:56,2420,dwm,3d,4.6
2026-10-04T21:10:05,11600,other-process-1,3d,5.2
2026-10-04T21:10:05,2420,dwm,3d,9.6
2026-10-04T21:10:13,11600,other-process-1,3d,6.7
2026-10-04T21:10:13,2420,dwm,3d,11.9
2026-10-04T21:10:21,11600,other-process-1,3d,8.7
2026-10-04T21:10:21,2420,dwm,3d,16.0
2026-10-04T21:10:30,11600,other-process-1,3d,12.9
2026-10-04T21:10:30,2420,dwm,3d,27.6
2026-10-04T21:10:39,11600,other-process-1,3d,9.0
2026-10-04T21:10:39,2420,dwm,3d,18.4
2026-10-04T21:10:47,11600,other-process-1,3d,4.5
2026-10-04T21:10:47,2420,dwm,3d,8.9
2026-10-04T21:10:56,11600,other-process-1,3d,4.3
2026-10-04T21:10:56,2420,dwm,3d,7.6
2026-10-04T21:11:04,11600,other-process-1,3d,5.9
2026-10-04T21:11:04,2420,dwm,3d,10.7
2026-10-04T21:11:13,11600,other-process-1,3d,6.4
2026-10-04T21:11:13,2420,dwm,3d,12.1
2026-10-04T21:11:21,11600,other-process-1,3d,6.3
2026-10-04T21:11:21,2420,dwm,3d,14.1
2026-10-04T21:11:30,11600,other-process-1,3d,12.1
2026-10-04T21:11:30,2420,dwm,3d,23.3
2026-10-04T21:11:39,11600,other-process-1,3d,12.7
2026-10-04T21:11:39,2420,dwm,3d,19.7
2026-10-04T21:11:47,11600,other-process-1,3d,4.6
2026-10-04T21:11:47,2420,dwm,3d,10.1
2026-10-04T21:11:56,11600,other-process-1,3d,5.1
2026-10-04T21:11:56,2420,dwm,3d,9.6
2026-10-04T21:12:04,11600,other-process-1,3d,5.9
2026-10-04T21:12:04,2420,dwm,3d,11.3
2026-10-04T21:12:13,11600,other-process-1,3d,5.3
2026-10-04T21:12:13,2420,dwm,3d,12.2
2026-10-04T21:12:21,11600,other-process-1,3d,4.1
2026-10-04T21:12:21,17768,other-process-2,3d,14.2
2026-10-04T21:12:21,2420,dwm,3d,11.2
2026-10-04T21:12:30,11600,other-process-1,3d,8.1
2026-10-04T21:12:30,17768,other-process-2,3d,1.1
2026-10-04T21:12:30,2420,dwm,3d,16.3
2026-10-04T21:12:39,11600,other-process-1,3d,7.2
2026-10-04T21:12:39,2420,dwm,3d,1.4
2026-10-04T21:12:39,4,System,copy,2.2
2026-10-04T21:12:48,11600,other-process-1,3d,23.2
2026-10-04T21:12:48,2420,dwm,3d,1.8
2026-10-04T21:12:48,4,System,copy,3.5
2026-10-04T21:12:57,11600,other-process-1,3d,18.0
2026-10-04T21:12:57,2420,dwm,3d,2.2
2026-10-04T21:12:57,4,System,copy,5.3
2026-10-04T21:13:05,11600,other-process-1,3d,19.2
2026-10-04T21:13:05,2420,dwm,3d,5.8
2026-10-04T21:13:05,4,System,copy,8.3
2026-10-04T21:13:14,11600,other-process-1,3d,20.2
2026-10-04T21:13:14,2420,dwm,3d,4.1
2026-10-04T21:13:14,4,System,copy,5.5
2026-10-04T21:13:23,11600,other-process-1,3d,4.6
2026-10-04T21:13:23,2420,dwm,3d,2.7
2026-10-04T21:13:32,11600,other-process-1,3d,2.9
2026-10-04T21:13:32,4,System,copy,1.3
2026-10-04T21:13:40,11600,other-process-1,3d,6.7
2026-10-04T21:13:40,2420,dwm,3d,1.4
2026-10-04T21:13:40,4,System,copy,2.8
2026-10-04T21:13:49,11600,other-process-1,3d,8.5
2026-10-04T21:13:49,2420,dwm,3d,1.3
2026-10-04T21:13:49,4,System,copy,2.5
2026-10-04T21:13:58,11600,other-process-1,3d,9.9
2026-10-04T21:13:58,2420,dwm,3d,1.4
2026-10-04T21:13:58,4,System,copy,2.6
2026-10-04T21:14:06,11600,other-process-1,3d,4.9
2026-10-04T21:14:06,17768,other-process-2,3d,1.1
2026-10-04T21:14:06,4,System,copy,1.3
2026-10-04T21:14:16,11600,other-process-1,3d,18.3
2026-10-04T21:14:16,2420,dwm,3d,1.4
2026-10-04T21:14:16,4,System,copy,2.9
2026-10-04T21:14:25,11600,other-process-1,3d,18.6
2026-10-04T21:14:25,2420,dwm,3d,3.1
2026-10-04T21:14:25,4,System,copy,2.6
2026-10-04T21:14:34,11600,other-process-1,3d,5.0
2026-10-04T21:14:34,17768,other-process-2,3d,2.4
2026-10-04T21:14:34,2420,dwm,3d,9.6
2026-10-04T21:14:43,11600,other-process-1,3d,5.4
2026-10-04T21:14:43,17768,other-process-2,3d,4.6
2026-10-04T21:14:43,2420,dwm,3d,12.2
2026-10-04T21:14:52,11600,other-process-1,3d,5.6
2026-10-04T21:14:52,17768,other-process-2,3d,19.3
2026-10-04T21:14:52,2420,dwm,3d,23.3
2026-10-04T21:14:52,27056,other-process-3,3d,1.1
2026-10-04T21:15:01,11600,other-process-1,3d,3.5
2026-10-04T21:15:01,17768,other-process-2,3d,22.6
2026-10-04T21:15:01,2420,dwm,3d,12.2
2026-10-04T21:15:10,11600,other-process-1,3d,7.3
2026-10-04T21:15:10,17768,other-process-2,3d,15.2
2026-10-04T21:15:10,2420,dwm,3d,21.5
2026-10-04T21:15:18,11600,other-process-1,3d,5.5
2026-10-04T21:15:18,17768,other-process-2,3d,14.6
2026-10-04T21:15:18,2420,dwm,3d,18.4
2026-10-04T21:15:27,11600,other-process-1,3d,5.0
2026-10-04T21:15:27,17768,other-process-2,3d,17.5
2026-10-04T21:15:27,2420,dwm,3d,20.8
2026-10-04T21:15:36,11600,other-process-1,3d,3.7
2026-10-04T21:15:36,17768,other-process-2,3d,18.9
2026-10-04T21:15:36,2420,dwm,3d,12.3
2026-10-04T21:15:45,11600,other-process-1,3d,5.2
2026-10-04T21:15:45,17768,other-process-2,3d,23.0
2026-10-04T21:15:45,2420,dwm,3d,17.5
2026-10-04T21:15:45,27056,other-process-3,3d,1.5
2026-10-04T21:15:45,4,System,copy,1.4
2026-10-04T21:15:54,11600,other-process-1,3d,6.3
2026-10-04T21:15:54,17768,other-process-2,3d,21.3
2026-10-04T21:15:54,2420,dwm,3d,13.2
2026-10-04T21:15:54,4,System,copy,1.8
2026-10-04T21:16:03,11600,other-process-1,3d,4.3
2026-10-04T21:16:03,2420,dwm,3d,1.8
2026-10-04T21:16:03,4,System,copy,1.6
2026-10-04T21:16:12,11600,other-process-1,3d,5.3
2026-10-04T21:16:12,2420,dwm,3d,13.7
2026-10-04T21:16:12,27056,other-process-3,3d,2.3
2026-10-04T21:16:12,4,System,copy,1.1
2026-10-04T21:16:21,11600,other-process-1,3d,20.4
2026-10-04T21:16:21,2420,dwm,3d,3.3
2026-10-04T21:16:21,4,System,copy,3.6
2026-10-04T21:16:30,11600,other-process-1,3d,8.4
2026-10-04T21:16:30,17768,other-process-2,3d,6.7
2026-10-04T21:16:30,2420,dwm,3d,19.0
2026-10-04T21:16:30,4,System,copy,1.8
2026-10-04T21:16:39,11600,other-process-1,3d,8.7
2026-10-04T21:16:39,2420,dwm,3d,14.8
2026-10-04T21:16:48,11600,other-process-1,3d,10.4
2026-10-04T21:16:48,2420,dwm,3d,19.7
2026-10-04T21:16:56,11600,other-process-1,3d,10.7
2026-10-04T21:16:56,2420,dwm,3d,22.4
2026-10-04T21:17:05,11600,other-process-1,3d,7.2
2026-10-04T21:17:05,17768,other-process-2,3d,1.3
2026-10-04T21:17:05,2420,dwm,3d,15.5
2026-10-04T21:17:14,11600,other-process-1,3d,18.5
2026-10-04T21:17:14,2420,dwm,3d,2.0
2026-10-04T21:17:14,4,System,copy,3.3
2026-10-04T21:17:23,11600,other-process-1,3d,14.9
2026-10-04T21:17:23,2420,dwm,3d,4.2
2026-10-04T21:17:23,2420,dwm,copy,1.3
2026-10-04T21:17:23,27056,other-process-3,3d,1.1
2026-10-04T21:17:23,4,System,copy,8.7
2026-10-04T21:17:32,11600,other-process-1,3d,7.3
2026-10-04T21:17:32,2420,dwm,3d,1.7
2026-10-04T21:17:32,4,System,copy,2.5
2026-10-04T21:17:42,11600,other-process-1,3d,4.0
2026-10-04T21:17:42,17768,other-process-2,3d,23.7
2026-10-04T21:17:42,2420,dwm,3d,12.7
2026-10-04T21:17:52,11600,other-process-1,3d,7.0
2026-10-04T21:18:02,11600,other-process-1,3d,3.7
2026-10-04T21:18:13,11600,other-process-1,3d,14.6
2026-10-04T21:18:13,13292,other-process-6,3d,3.6
2026-10-04T21:18:13,27056,other-process-3,3d,1.5
2026-10-04T21:18:13,4,System,copy,4.5
2026-10-04T21:18:23,11600,other-process-1,3d,21.4
2026-10-04T21:18:33,11600,other-process-1,3d,23.7
2026-10-04T21:18:44,11600,other-process-1,3d,26.2
2026-10-04T21:18:54,11600,other-process-1,3d,26.6
2026-10-04T21:19:04,11600,other-process-1,3d,21.9
2026-10-04T21:19:04,27056,other-process-3,3d,1.2
2026-10-04T21:19:04,4,System,copy,1.0
2026-10-04T21:19:14,11600,other-process-1,3d,23.0
2026-10-04T21:19:24,11600,other-process-1,3d,24.3
2026-10-04T21:19:24,27056,other-process-3,3d,1.0
2026-10-04T21:19:24,4,System,copy,1.5
2026-10-04T21:19:35,11600,other-process-1,3d,25.1
2026-10-04T21:19:35,2420,dwm,3d,1.0
2026-10-04T21:19:45,11600,other-process-1,3d,29.9
2026-10-04T21:19:55,11600,other-process-1,3d,19.5
2026-10-04T21:19:55,27056,other-process-3,3d,1.1
2026-10-04T21:20:05,11600,other-process-1,3d,25.6
2026-10-04T21:20:16,11600,other-process-1,3d,15.3
2026-10-04T21:20:16,4,System,copy,4.7
2026-10-04T21:20:26,11600,other-process-1,3d,21.5
2026-10-04T21:20:26,27056,other-process-3,3d,1.1
2026-10-04T21:20:36,11600,other-process-1,3d,22.8
2026-10-04T21:20:36,2420,dwm,3d,1.9
2026-10-04T21:20:36,27056,other-process-3,3d,1.2
2026-10-04T21:20:46,11600,other-process-1,3d,21.0
2026-10-04T21:20:57,11600,other-process-1,3d,28.0
2026-10-04T21:20:57,27056,other-process-3,3d,1.1
2026-10-04T21:21:07,11600,other-process-1,3d,26.2
2026-10-04T21:21:07,4,System,copy,1.2
2026-10-04T21:21:17,11600,other-process-1,3d,22.5
2026-10-04T21:21:17,2420,dwm,3d,2.0
2026-10-04T21:21:17,27056,other-process-3,3d,1.7
2026-10-04T21:21:17,4,System,copy,1.6
2026-10-04T21:21:27,11600,other-process-1,3d,26.0
2026-10-04T21:21:27,27056,other-process-3,3d,1.0
2026-10-04T21:21:38,11600,other-process-1,3d,21.4
2026-10-04T21:21:38,2420,dwm,3d,1.3
2026-10-04T21:21:38,27056,other-process-3,3d,1.5
2026-10-04T21:21:38,4,System,copy,1.1
2026-10-04T21:21:48,11600,other-process-1,3d,24.0
2026-10-04T21:21:48,2420,dwm,3d,1.1
2026-10-04T21:21:58,11600,other-process-1,3d,21.6
2026-10-04T21:21:58,2420,dwm,3d,1.0
2026-10-04T21:21:58,4,System,copy,4.6
2026-10-04T21:22:08,11600,other-process-1,3d,23.9
2026-10-04T21:22:08,27056,other-process-3,3d,1.2
2026-10-04T21:22:19,11600,other-process-1,3d,21.8
2026-10-04T21:22:19,27056,other-process-3,3d,1.2
2026-10-04T21:22:29,11600,other-process-1,3d,23.2
2026-10-04T21:22:29,2420,dwm,3d,1.2
2026-10-04T21:22:29,27056,other-process-3,3d,1.5
2026-10-04T21:22:39,11600,other-process-1,3d,21.7
2026-10-04T21:22:39,27056,other-process-3,3d,1.1
2026-10-04T21:22:50,11600,other-process-1,3d,18.7
2026-10-04T21:22:50,27056,other-process-3,3d,1.0
2026-10-04T21:23:00,11600,other-process-1,3d,6.9
2026-10-04T21:23:10,11600,other-process-1,3d,25.4
2026-10-04T21:23:10,27056,other-process-3,3d,1.2
2026-10-04T21:23:21,11600,other-process-1,3d,24.1
2026-10-04T21:23:21,27056,other-process-3,3d,2.1
2026-10-04T21:23:31,11600,other-process-1,3d,26.1
2026-10-04T21:23:31,2420,dwm,3d,1.1
2026-10-04T21:23:31,27056,other-process-3,3d,1.0
2026-10-04T21:23:31,4,System,copy,1.1
2026-10-04T21:23:41,11600,other-process-1,3d,19.2
2026-10-04T21:23:41,27056,other-process-3,3d,1.1
2026-10-04T21:23:52,11600,other-process-1,3d,22.7
2026-10-04T21:23:52,27056,other-process-3,3d,1.1
2026-10-04T21:23:52,4,System,copy,1.0
2026-10-04T21:24:02,11600,other-process-1,3d,26.8
2026-10-04T21:24:02,2420,dwm,3d,1.1
2026-10-04T21:24:13,11600,other-process-1,3d,21.7
2026-10-04T21:24:13,2420,dwm,3d,1.3
2026-10-04T21:24:23,11600,other-process-1,3d,25.3
2026-10-04T21:24:23,2420,dwm,3d,1.2
2026-10-04T21:24:23,27056,other-process-3,3d,1.3
2026-10-04T21:24:23,4,System,copy,1.7
2026-10-04T21:24:34,11600,other-process-1,3d,27.3
2026-10-04T21:24:44,11600,other-process-1,3d,22.8
2026-10-04T21:24:44,2420,dwm,3d,1.4
2026-10-04T21:24:44,4,System,copy,1.4
2026-10-04T21:24:55,11600,other-process-1,3d,21.8
2026-10-04T21:25:05,,,none,0
2026-10-04T21:25:16,,,none,0
2026-10-04T21:25:26,,,none,0
2026-10-04T21:25:36,,,none,0
2026-10-04T21:25:46,,,none,0
2026-10-04T21:25:56,11600,other-process-1,3d,1.9
2026-10-04T21:26:06,,,none,0
2026-10-04T21:26:16,,,none,0
2026-10-04T21:26:26,,,none,0
2026-10-04T21:26:36,,,none,0
2026-10-04T21:26:46,,,none,0
2026-10-04T21:26:56,,,none,0
2026-10-04T21:27:06,,,none,0
2026-10-04T21:27:16,,,none,0
2026-10-04T21:27:26,,,none,0
2026-10-04T21:27:36,11600,other-process-1,3d,1.1
2026-10-04T21:27:36,4,System,copy,1.2
2026-10-04T21:27:46,,,none,0
2026-10-04T21:27:57,,,none,0
2026-10-04T21:28:07,,,none,0
2026-10-04T21:28:17,,,none,0
2026-10-04T21:28:27,,,none,0
2026-10-04T21:28:37,,,none,0
2026-10-04T21:28:47,,,none,0
2026-10-04T21:28:57,,,none,0
2026-10-04T21:29:07,,,none,0
2026-10-04T21:29:17,,,none,0
2026-10-04T21:29:28,,,none,0
2026-10-04T21:29:38,,,none,0
2026-10-04T21:29:48,,,none,0
2026-10-04T21:29:58,,,none,0
2026-10-04T21:30:08,,,none,0
2026-10-04T21:30:18,11600,other-process-1,3d,5.4
2026-10-04T21:30:18,2420,dwm,3d,1.2
2026-10-04T21:30:18,4,System,copy,1.1
2026-10-04T21:30:28,11600,other-process-1,3d,8.5
2026-10-04T21:30:28,2420,dwm,3d,1.7
2026-10-04T21:30:39,11600,other-process-1,3d,12.7
2026-10-04T21:30:39,35428,other-process-6,3d,8.4
2026-10-04T21:30:39,4,System,copy,2.7
2026-10-04T21:30:49,11600,other-process-1,3d,2.4
2026-10-04T21:30:49,35428,other-process-6,3d,1.8
2026-10-04T21:30:59,11600,other-process-1,3d,6.7
2026-10-04T21:31:09,11600,other-process-1,3d,6.8
2026-10-04T21:31:19,11600,other-process-1,3d,23.2
2026-10-04T21:31:30,11600,other-process-1,3d,7.8
2026-10-04T21:31:40,11600,other-process-1,3d,26.0
2026-10-04T21:31:40,2420,dwm,3d,1.3
2026-10-04T21:31:40,27056,other-process-3,3d,1.1
2026-10-04T21:31:51,11600,other-process-1,3d,7.2
2026-10-04T21:32:01,11600,other-process-1,3d,26.2
2026-10-04T21:32:01,27056,other-process-3,3d,2.7
2026-10-04T21:32:11,11600,other-process-1,3d,24.8
2026-10-04T21:32:21,11600,other-process-1,3d,9.9
2026-10-04T21:32:31,11600,other-process-1,3d,22.4
2026-10-04T21:32:31,2420,dwm,3d,1.2
2026-10-04T21:32:31,27056,other-process-3,3d,1.2
2026-10-04T21:32:42,11600,other-process-1,3d,28.5
2026-10-04T21:32:42,2420,dwm,3d,1.1
2026-10-04T21:32:42,27056,other-process-3,3d,1.9
2026-10-04T21:32:52,11600,other-process-1,3d,15.0
2026-10-04T21:32:52,2420,dwm,3d,3.3
2026-10-04T21:32:52,27056,other-process-3,3d,2.2
2026-10-04T21:33:02,11600,other-process-1,3d,2.7
2026-10-04T21:33:13,11600,other-process-1,3d,23.2
2026-10-04T21:33:23,11600,other-process-1,3d,21.6
2026-10-04T21:33:34,11600,other-process-1,3d,26.9
2026-10-04T21:33:34,2420,dwm,3d,1.2
2026-10-04T21:33:44,11600,other-process-1,3d,20.5
2026-10-04T21:33:55,11600,other-process-1,3d,10.1
2026-10-04T21:33:55,2420,dwm,3d,4.1
2026-10-04T21:34:05,11600,other-process-1,3d,10.8
2026-10-04T21:34:05,17768,other-process-2,3d,14.0
2026-10-04T21:34:05,2420,dwm,3d,23.7
2026-10-04T21:34:14,11600,other-process-1,3d,4.9
2026-10-04T21:34:14,17768,other-process-2,3d,5.5
2026-10-04T21:34:14,2420,dwm,3d,9.9
2026-10-04T21:34:23,11600,other-process-1,3d,5.8
2026-10-04T21:34:23,17768,other-process-2,3d,9.7
2026-10-04T21:34:23,2420,dwm,3d,18.6
2026-10-04T21:34:31,11600,other-process-1,3d,6.5
2026-10-04T21:34:31,17768,other-process-2,3d,23.1
2026-10-04T21:34:31,2420,dwm,3d,15.8
2026-10-04T21:34:40,11600,other-process-1,3d,4.3
2026-10-04T21:34:40,17768,other-process-2,3d,21.5
2026-10-04T21:34:40,2420,dwm,3d,10.4
2026-10-04T21:34:49,11600,other-process-1,3d,7.0
2026-10-04T21:34:49,17768,other-process-2,3d,24.7
2026-10-04T21:34:49,2420,dwm,3d,20.9
2026-10-04T21:34:59,11600,other-process-1,3d,8.9
2026-10-04T21:34:59,17768,other-process-2,3d,22.6
2026-10-04T21:34:59,2420,dwm,3d,21.0
2026-10-04T21:35:09,11600,other-process-1,3d,6.9
2026-10-04T21:35:09,17768,other-process-2,3d,23.7
2026-10-04T21:35:09,2420,dwm,3d,18.4
2026-10-04T21:35:18,11600,other-process-1,3d,5.3
2026-10-04T21:35:18,17768,other-process-2,3d,24.3
2026-10-04T21:35:18,2420,dwm,3d,11.8
2026-10-04T21:35:28,11600,other-process-1,3d,5.8
2026-10-04T21:35:28,17768,other-process-2,3d,25.1
2026-10-04T21:35:28,2420,dwm,3d,16.1
2026-10-04T21:35:38,11600,other-process-1,3d,7.3
2026-10-04T21:35:38,17768,other-process-2,3d,22.8
2026-10-04T21:35:38,2420,dwm,3d,15.7
2026-10-04T21:35:48,11600,other-process-1,3d,7.7
2026-10-04T21:35:48,17768,other-process-2,3d,22.6
2026-10-04T21:35:48,2420,dwm,3d,16.2
2026-10-04T21:35:58,11600,other-process-1,3d,7.2
2026-10-04T21:35:58,17768,other-process-2,3d,24.6
2026-10-04T21:35:58,2420,dwm,3d,17.2
2026-10-04T21:36:08,11600,other-process-1,3d,3.8
2026-10-04T21:36:08,17768,other-process-2,3d,18.7
2026-10-04T21:36:08,2420,dwm,3d,13.0
2026-10-04T21:36:17,11600,other-process-1,3d,3.6
2026-10-04T21:36:17,17768,other-process-2,3d,20.0
2026-10-04T21:36:17,2420,dwm,3d,11.9
2026-10-04T21:36:26,11600,other-process-1,3d,4.5
2026-10-04T21:36:26,17768,other-process-2,3d,20.8
2026-10-04T21:36:26,2420,dwm,3d,17.9
2026-10-04T21:36:35,11600,other-process-1,3d,6.4
2026-10-04T21:36:35,2420,dwm,3d,11.8
2026-10-04T21:36:44,11600,other-process-1,3d,5.8
2026-10-04T21:36:44,2420,dwm,3d,11.8
2026-10-04T21:36:52,11600,other-process-1,3d,6.5
2026-10-04T21:36:52,17768,other-process-2,3d,2.3
2026-10-04T21:36:52,2420,dwm,3d,15.3
2026-10-04T21:37:01,11600,other-process-1,3d,9.1
2026-10-04T21:37:01,2420,dwm,3d,16.3
2026-10-04T21:37:11,11600,other-process-1,3d,8.4
2026-10-04T21:37:11,17768,other-process-2,3d,7.3
2026-10-04T21:37:11,2420,dwm,3d,15.0
2026-10-04T21:37:20,11600,other-process-1,3d,5.2
2026-10-04T21:37:20,17768,other-process-2,3d,18.6
2026-10-04T21:37:20,2420,dwm,3d,15.8
2026-10-04T21:37:29,11600,other-process-1,3d,4.2
2026-10-04T21:37:29,17768,other-process-2,3d,12.1
2026-10-04T21:37:29,2420,dwm,3d,11.3
2026-10-04T21:37:38,11600,other-process-1,3d,9.3
2026-10-04T21:37:38,17768,other-process-2,3d,1.9
2026-10-04T21:37:38,2420,dwm,3d,16.7
2026-10-04T21:37:47,11600,other-process-1,3d,6.2
2026-10-04T21:37:47,17768,other-process-2,3d,1.1
2026-10-04T21:37:47,2420,dwm,3d,12.3
2026-10-04T21:37:57,11600,other-process-1,3d,6.3
2026-10-04T21:37:57,17768,other-process-2,3d,14.6
2026-10-04T21:37:57,2420,dwm,3d,19.4
2026-10-04T21:38:05,11600,other-process-1,3d,9.2
2026-10-04T21:38:05,17768,other-process-2,3d,9.2
2026-10-04T21:38:05,2420,dwm,3d,19.2
2026-10-04T21:38:14,11600,other-process-1,3d,5.1
2026-10-04T21:38:14,17768,other-process-2,3d,8.3
2026-10-04T21:38:14,2420,dwm,3d,12.1
2026-10-04T21:38:23,11600,other-process-1,3d,4.7
2026-10-04T21:38:23,17768,other-process-2,3d,8.8
2026-10-04T21:38:23,2420,dwm,3d,11.8
2026-10-04T21:38:32,11600,other-process-1,3d,6.6
2026-10-04T21:38:32,17768,other-process-2,3d,6.1
2026-10-04T21:38:32,2420,dwm,3d,16.5
2026-10-04T21:38:41,11600,other-process-1,3d,5.5
2026-10-04T21:38:41,17768,other-process-2,3d,8.0
2026-10-04T21:38:41,2420,dwm,3d,12.0
2026-10-04T21:38:50,11600,other-process-1,3d,5.6
2026-10-04T21:38:50,17768,other-process-2,3d,6.5
2026-10-04T21:38:50,2420,dwm,3d,12.3
2026-10-04T21:38:59,11600,other-process-1,3d,9.3
2026-10-04T21:38:59,17768,other-process-2,3d,7.3
2026-10-04T21:38:59,2420,dwm,3d,20.8
2026-10-04T21:39:08,11600,other-process-1,3d,8.0
2026-10-04T21:39:08,17768,other-process-2,3d,6.4
2026-10-04T21:39:08,2420,dwm,3d,16.8
2026-10-04T21:39:17,11600,other-process-1,3d,4.8
2026-10-04T21:39:17,17768,other-process-2,3d,9.7
2026-10-04T21:39:17,2420,dwm,3d,12.2
2026-10-04T21:39:26,11600,other-process-1,3d,6.6
2026-10-04T21:39:26,2420,dwm,3d,16.2
2026-10-04T21:39:35,11600,other-process-1,3d,10.4
2026-10-04T21:39:35,17768,other-process-2,3d,2.4
2026-10-04T21:39:35,2420,dwm,3d,20.6
2026-10-04T21:39:44,11600,other-process-1,3d,5.8
2026-10-04T21:39:44,17768,other-process-2,3d,1.5
2026-10-04T21:39:44,2420,dwm,3d,12.0
2026-10-04T21:39:52,11600,other-process-1,3d,7.5
2026-10-04T21:39:52,17768,other-process-2,3d,9.4
2026-10-04T21:39:52,2420,dwm,3d,24.6
2026-10-04T21:40:01,11600,other-process-1,3d,8.0
2026-10-04T21:40:01,17768,other-process-2,3d,17.4
2026-10-04T21:40:01,2420,dwm,3d,23.1
2026-10-04T21:40:10,11600,other-process-1,3d,5.3
2026-10-04T21:40:10,17768,other-process-2,3d,4.3
2026-10-04T21:40:10,2420,dwm,3d,11.6
2026-10-04T21:40:19,11600,other-process-1,3d,8.6
2026-10-04T21:40:19,2420,dwm,3d,16.5
2026-10-04T21:40:28,11600,other-process-1,3d,4.9
2026-10-04T21:40:28,2420,dwm,3d,6.4
2026-10-04T21:40:28,4,System,copy,2.8
2026-10-04T21:40:37,11600,other-process-1,3d,28.3
2026-10-04T21:40:48,11600,other-process-1,3d,23.1
2026-10-04T21:40:58,11600,other-process-1,3d,27.2
2026-10-04T21:41:08,11600,other-process-1,3d,24.8
2026-10-04T21:41:19,11600,other-process-1,3d,24.6
2026-10-04T21:41:29,11600,other-process-1,3d,24.8
2026-10-04T21:41:39,11600,other-process-1,3d,22.0
2026-10-04T21:41:39,2420,dwm,3d,1.5
2026-10-04T21:41:39,4264,other-process-7,3d,1.5
2026-10-04T21:41:39,4,System,copy,1.7
2026-10-04T21:41:49,11600,other-process-1,3d,27.6
2026-10-04T21:41:59,11600,other-process-1,3d,22.7
2026-10-04T21:42:10,11600,other-process-1,3d,27.5
2026-10-04T21:42:20,11600,other-process-1,3d,16.4
2026-10-04T21:42:20,2420,dwm,3d,1.3
2026-10-04T21:42:20,4264,other-process-7,3d,3.4
2026-10-04T21:42:20,4,System,copy,1.0
2026-10-04T21:42:30,11600,other-process-1,3d,24.2
2026-10-04T21:42:40,11600,other-process-1,3d,27.3
2026-10-04T21:42:51,11600,other-process-1,3d,22.3
2026-10-04T21:43:01,11600,other-process-1,3d,27.5
2026-10-04T21:43:11,11600,other-process-1,3d,20.2
2026-10-04T21:43:11,2420,dwm,3d,1.0
2026-10-04T21:43:11,4264,other-process-7,3d,3.0
2026-10-04T21:43:22,11600,other-process-1,3d,24.4
2026-10-04T21:43:32,11600,other-process-1,3d,26.4
2026-10-04T21:43:42,11600,other-process-1,3d,27.3
2026-10-04T21:43:53,11600,other-process-1,3d,24.5
2026-10-04T21:44:03,11600,other-process-1,3d,18.2
2026-10-04T21:44:03,2420,dwm,3d,1.4
2026-10-04T21:44:03,4264,other-process-7,3d,2.2
2026-10-04T21:44:03,4,System,copy,2.8
2026-10-04T21:44:14,11600,other-process-1,3d,18.4
2026-10-04T21:44:14,2420,dwm,3d,1.4
2026-10-04T21:44:14,4264,other-process-7,3d,2.9
2026-10-04T21:44:14,4,System,copy,1.1
2026-10-04T21:44:24,11600,other-process-1,3d,3.6
2026-10-04T21:44:24,17768,other-process-2,3d,17.8
2026-10-04T21:44:24,2420,dwm,3d,12.2
2026-10-04T21:44:33,11600,other-process-1,3d,5.8
2026-10-04T21:44:33,17768,other-process-2,3d,12.7
2026-10-04T21:44:33,2420,dwm,3d,14.1
2026-10-04T21:44:42,11600,other-process-1,3d,4.8
2026-10-04T21:44:42,17768,other-process-2,3d,14.0
2026-10-04T21:44:42,2420,dwm,3d,11.2
2026-10-04T21:44:51,11600,other-process-1,3d,9.0
2026-10-04T21:44:51,17768,other-process-2,3d,8.2
2026-10-04T21:44:51,2420,dwm,3d,16.3
2026-10-04T21:45:00,11600,other-process-1,3d,5.9
2026-10-04T21:45:00,17768,other-process-2,3d,12.5
2026-10-04T21:45:00,2420,dwm,3d,14.9
2026-10-04T21:45:09,11600,other-process-1,3d,20.4
2026-10-04T21:45:09,2420,dwm,3d,1.2
2026-10-04T21:45:09,4264,other-process-7,3d,3.5
2026-10-04T21:45:09,4,System,copy,1.5
2026-10-04T21:45:19,11600,other-process-1,3d,28.2
2026-10-04T21:45:30,11600,other-process-1,3d,27.5
2026-10-04T21:45:40,11600,other-process-1,3d,26.2
2026-10-04T21:45:40,4264,other-process-7,3d,1.0
2026-10-04T21:45:51,11600,other-process-1,3d,25.4
2026-10-04T21:46:01,11600,other-process-1,3d,19.0
2026-10-04T21:46:01,4264,other-process-7,3d,1.1
2026-10-04T21:46:12,11600,other-process-1,3d,26.0
2026-10-04T21:46:22,11600,other-process-1,3d,22.0
2026-10-04T21:46:22,2420,dwm,3d,1.4
2026-10-04T21:46:22,4264,other-process-7,3d,2.9
2026-10-04T21:46:22,4,System,copy,1.8
2026-10-04T21:46:32,11600,other-process-1,3d,29.9
2026-10-04T21:46:43,11600,other-process-1,3d,23.2
2026-10-04T21:46:43,4264,other-process-7,3d,2.7
2026-10-04T21:46:53,11600,other-process-1,3d,26.8
2026-10-04T21:47:03,11600,other-process-1,3d,21.3
2026-10-04T21:47:03,2420,dwm,3d,1.1
2026-10-04T21:47:03,4264,other-process-7,3d,2.8
2026-10-04T21:47:03,4,System,copy,1.5
2026-10-04T21:47:14,11600,other-process-1,3d,24.5
2026-10-04T21:47:24,11600,other-process-1,3d,22.3
2026-10-04T21:47:34,11600,other-process-1,3d,24.4
2026-10-04T21:47:45,11600,other-process-1,3d,20.8
2026-10-04T21:47:45,2420,dwm,3d,1.5
2026-10-04T21:47:45,4264,other-process-7,3d,1.6
2026-10-04T21:47:45,4,System,copy,1.9
2026-10-04T21:47:55,11600,other-process-1,3d,21.6
2026-10-04T21:48:05,11600,other-process-1,3d,20.5
2026-10-04T21:48:05,2420,dwm,3d,1.0
2026-10-04T21:48:05,4264,other-process-7,3d,3.6
2026-10-04T21:48:16,11600,other-process-1,3d,19.6
2026-10-04T21:48:26,11600,other-process-1,3d,27.5
2026-10-04T21:48:36,11600,other-process-1,3d,24.6
2026-10-04T21:48:47,11600,other-process-1,3d,17.5
2026-10-04T21:48:47,2420,dwm,3d,1.5
2026-10-04T21:48:47,4264,other-process-7,3d,2.9
2026-10-04T21:48:57,11600,other-process-1,3d,21.6
2026-10-04T21:49:07,11600,other-process-1,3d,21.5
2026-10-04T21:49:07,4264,other-process-7,3d,1.1
2026-10-04T21:49:18,11600,other-process-1,3d,19.3
2026-10-04T21:49:18,2420,dwm,3d,1.5
2026-10-04T21:49:18,4264,other-process-7,3d,2.2
2026-10-04T21:49:18,4,System,copy,1.2
2026-10-04T21:49:28,11600,other-process-1,3d,23.2
2026-10-04T21:49:39,11600,other-process-1,3d,22.4
2026-10-04T21:49:50,11600,other-process-1,3d,24.1
2026-10-04T21:50:00,11600,other-process-1,3d,24.4
2026-10-04T21:50:10,11600,other-process-1,3d,20.9
2026-10-04T21:50:10,2420,dwm,3d,1.3
2026-10-04T21:50:10,4264,other-process-7,3d,2.7
2026-10-04T21:50:10,4,System,copy,1.1
2026-10-04T21:50:21,11600,other-process-1,3d,23.2
2026-10-04T21:50:31,11600,other-process-1,3d,19.9
2026-10-04T21:50:31,2420,dwm,3d,1.4
2026-10-04T21:50:31,4264,other-process-7,3d,3.6
2026-10-04T21:50:41,11600,other-process-1,3d,24.8
2026-10-04T21:50:51,11600,other-process-1,3d,21.4
2026-10-04T21:50:51,4264,other-process-7,3d,2.2
2026-10-04T21:51:02,11600,other-process-1,3d,26.1
2026-10-04T21:51:02,4,System,copy,1.1
2026-10-04T21:51:12,11600,other-process-1,3d,25.0
2026-10-04T21:51:22,11600,other-process-1,3d,19.7
2026-10-04T21:51:22,2420,dwm,3d,1.5
2026-10-04T21:51:22,4264,other-process-7,3d,3.6
2026-10-04T21:51:33,11600,other-process-1,3d,23.1
2026-10-04T21:51:43,11600,other-process-1,3d,24.9
2026-10-04T21:51:54,11600,other-process-1,3d,19.5
2026-10-04T21:51:54,2420,dwm,3d,1.3
2026-10-04T21:51:54,4264,other-process-7,3d,1.5
2026-10-05T09:22:45,11600,other-process-1,3d,3.5
2026-10-05T09:22:45,17768,other-process-2,3d,17.5
2026-10-05T09:22:45,2420,dwm,3d,10.7
2026-10-05T09:22:56,11600,other-process-1,3d,2.0
2026-10-05T09:22:56,17768,other-process-2,3d,10.0
2026-10-05T09:22:56,2420,dwm,3d,11.8
2026-10-05T09:22:56,38772,python,3d,76.9
2026-10-05T09:23:06,11600,other-process-1,3d,9.7
2026-10-05T09:23:06,17768,other-process-2,3d,3.0
2026-10-05T09:23:06,2420,dwm,3d,15.9
2026-10-05T09:23:16,11600,other-process-1,3d,7.7
2026-10-05T09:23:16,17768,other-process-2,3d,3.7
2026-10-05T09:23:16,2420,dwm,3d,16.7
2026-10-05T09:23:26,11600,other-process-1,3d,2.1
2026-10-05T09:23:26,17768,other-process-2,3d,2.5
2026-10-05T09:23:26,2420,dwm,3d,12.5
2026-10-05T09:23:36,11600,other-process-1,3d,4.2
2026-10-05T09:23:36,17768,other-process-2,3d,2.7
2026-10-05T09:23:36,2420,dwm,3d,12.2
2026-10-05T09:23:36,31444,python,3d,13.0
2026-10-05T09:23:45,11600,other-process-1,3d,5.7
2026-10-05T09:23:45,17768,other-process-2,3d,2.7
2026-10-05T09:23:45,2420,dwm,3d,12.3
2026-10-05T09:23:55,11600,other-process-1,3d,6.0
2026-10-05T09:23:55,17768,other-process-2,3d,2.6
2026-10-05T09:23:55,2420,dwm,3d,12.3
2026-10-05T09:24:05,11600,other-process-1,3d,1.9
2026-10-05T09:24:05,17768,other-process-2,3d,2.6
2026-10-05T09:24:05,2420,dwm,3d,12.1
2026-10-05T09:24:15,11600,other-process-1,3d,2.1
2026-10-05T09:24:15,17768,other-process-2,3d,2.8
2026-10-05T09:24:15,2420,dwm,3d,12.3
2026-10-05T09:24:15,38312,python,3d,81.8
2026-10-05T09:24:25,11600,other-process-1,3d,2.1
2026-10-05T09:24:25,17768,other-process-2,3d,2.5
2026-10-05T09:24:25,2420,dwm,3d,12.5
2026-10-05T09:24:25,38312,python,3d,78.8
2026-10-05T09:24:35,11600,other-process-1,3d,2.1
2026-10-05T09:24:35,17768,other-process-2,3d,2.6
2026-10-05T09:24:35,2420,dwm,3d,12.3
2026-10-05T09:24:35,38312,python,3d,78.7
2026-10-05T09:24:45,11600,other-process-1,3d,2.1
2026-10-05T09:24:45,17768,other-process-2,3d,2.4
2026-10-05T09:24:45,2420,dwm,3d,12.0
2026-10-05T09:24:45,38312,python,3d,78.9
2026-10-05T09:24:55,11600,other-process-1,3d,2.3
2026-10-05T09:24:55,17768,other-process-2,3d,2.5
2026-10-05T09:24:55,2420,dwm,3d,12.6
2026-10-05T09:24:55,38312,python,3d,78.3
2026-10-05T09:25:05,11600,other-process-1,3d,5.4
2026-10-05T09:25:05,17768,other-process-2,3d,2.5
2026-10-05T09:25:05,2420,dwm,3d,12.1
2026-10-05T09:25:15,11600,other-process-1,3d,6.3
2026-10-05T09:25:15,17768,other-process-2,3d,2.4
2026-10-05T09:25:15,2420,dwm,3d,12.2
2026-10-05T09:25:25,11600,other-process-1,3d,5.9
2026-10-05T09:25:25,17768,other-process-2,3d,2.5
2026-10-05T09:25:25,2420,dwm,3d,12.2
2026-10-05T09:25:35,11600,other-process-1,3d,5.7
2026-10-05T09:25:35,17768,other-process-2,3d,2.6
2026-10-05T09:25:35,2420,dwm,3d,12.3
2026-10-05T09:25:45,11600,other-process-1,3d,6.6
2026-10-05T09:25:45,17768,other-process-2,3d,2.6
2026-10-05T09:25:45,2420,dwm,3d,14.2
2026-10-05T09:25:54,11600,other-process-1,3d,5.3
2026-10-05T09:25:54,17768,other-process-2,3d,3.7
2026-10-05T09:25:54,2420,dwm,3d,12.2
2026-10-05T09:26:04,11600,other-process-1,3d,7.6
2026-10-05T09:26:04,17768,other-process-2,3d,3.7
2026-10-05T09:26:04,2420,dwm,3d,16.9
2026-10-05T09:26:14,11600,other-process-1,3d,6.1
2026-10-05T09:26:14,17768,other-process-2,3d,2.9
2026-10-05T09:26:14,2420,dwm,3d,12.7
2026-10-05T09:26:14,4,System,copy,1.1
2026-10-05T09:26:24,11600,other-process-1,3d,9.1
2026-10-05T09:26:24,17768,other-process-2,3d,2.7
2026-10-05T09:26:24,2420,dwm,3d,17.3
2026-10-05T09:26:24,4,System,copy,1.9
2026-10-05T09:26:34,11600,other-process-1,3d,9.0
2026-10-05T09:26:34,17768,other-process-2,3d,2.8
2026-10-05T09:26:34,2420,dwm,3d,16.6
2026-10-05T09:26:43,11600,other-process-1,3d,5.2
2026-10-05T09:26:43,17768,other-process-2,3d,2.1
2026-10-05T09:26:43,2420,dwm,3d,12.0
2026-10-05T09:26:53,11600,other-process-1,3d,8.2
2026-10-05T09:26:53,2420,dwm,3d,6.3
2026-10-05T09:27:05,11600,other-process-1,3d,3.1
2026-10-05T09:27:05,17768,other-process-2,3d,17.2
2026-10-05T09:27:05,2420,dwm,3d,9.9
2026-10-05T09:27:14,11600,other-process-1,3d,2.0
2026-10-05T09:27:14,17768,other-process-2,3d,16.5
2026-10-05T09:27:14,2420,dwm,3d,10.2
2026-10-05T09:27:14,30136,python,3d,65.7
2026-10-05T09:27:14,4,System,copy,1.9
2026-10-05T09:27:24,11600,other-process-1,3d,2.1
2026-10-05T09:27:24,17768,other-process-2,3d,21.3
2026-10-05T09:27:24,2420,dwm,3d,7.1
2026-10-05T09:27:24,4,System,copy,1.4
2026-10-05T09:27:34,11600,other-process-1,3d,4.5
2026-10-05T09:27:34,17768,other-process-2,3d,19.6
2026-10-05T09:27:34,2420,dwm,3d,8.0
2026-10-05T09:27:34,4,System,copy,4.0
2026-10-05T09:27:45,11600,other-process-1,3d,1.5
2026-10-05T09:27:45,17768,other-process-2,3d,20.3
2026-10-05T09:27:45,2420,dwm,3d,8.3
2026-10-05T09:27:45,39504,python,3d,86.3
2026-10-05T09:27:56,11600,other-process-1,3d,3.9
2026-10-05T09:27:56,17768,other-process-2,3d,21.2
2026-10-05T09:27:56,2420,dwm,3d,8.3
2026-10-05T09:28:07,11600,other-process-1,3d,1.7
2026-10-05T09:28:07,17768,other-process-2,3d,19.0
2026-10-05T09:28:07,2420,dwm,3d,8.1
2026-10-05T09:28:07,31424,python,3d,84.3
2026-10-05T09:28:17,11600,other-process-1,3d,3.7
2026-10-05T09:28:17,17768,other-process-2,3d,16.8
2026-10-05T09:28:17,2420,dwm,3d,9.5
2026-10-05T09:28:28,11600,other-process-1,3d,1.7
2026-10-05T09:28:28,17768,other-process-2,3d,16.6
2026-10-05T09:28:28,2420,dwm,3d,10.3
2026-10-05T09:28:28,37912,python,3d,69.4
2026-10-05T09:28:28,4,System,copy,20.7
2026-10-05T09:28:37,11600,other-process-1,3d,1.4
2026-10-05T09:28:37,17768,other-process-2,3d,17.4
2026-10-05T09:28:37,2420,dwm,3d,10.5
2026-10-05T09:28:37,37912,python,3d,85.8
2026-10-05T09:28:47,11600,other-process-1,3d,3.0
2026-10-05T09:28:47,17768,other-process-2,3d,17.4
2026-10-05T09:28:47,2420,dwm,3d,11.4
2026-10-05T09:28:47,37912,python,3d,29.3
2026-10-05T09:28:47,4,System,copy,6.1
2026-10-05T09:28:56,11600,other-process-1,3d,3.6
2026-10-05T09:28:56,17768,other-process-2,3d,17.0
2026-10-05T09:28:56,2420,dwm,3d,10.3
2026-10-05T09:28:56,4,System,copy,4.1
2026-10-05T09:29:05,11600,other-process-1,3d,1.3
2026-10-05T09:29:05,17768,other-process-2,3d,16.9
2026-10-05T09:29:05,2420,dwm,3d,10.3
2026-10-05T09:29:05,38864,python,3d,84.4
2026-10-05T09:29:15,11600,other-process-1,3d,1.3
2026-10-05T09:29:15,17768,other-process-2,3d,16.9
2026-10-05T09:29:15,2420,dwm,3d,10.1
2026-10-05T09:29:15,38864,python,3d,84.6
2026-10-05T09:29:24,11600,other-process-1,3d,4.8
2026-10-05T09:29:24,17768,other-process-2,3d,16.9
2026-10-05T09:29:24,2420,dwm,3d,18.0
2026-10-05T09:29:24,4,System,copy,3.5
2026-10-05T09:29:34,11600,other-process-1,3d,1.3
2026-10-05T09:29:34,17768,other-process-2,3d,16.9
2026-10-05T09:29:34,2420,dwm,3d,10.1
2026-10-05T09:29:34,40796,python,3d,84.1
2026-10-05T09:29:34,4,System,copy,1.5
2026-10-05T09:29:44,11600,other-process-1,3d,1.3
2026-10-05T09:29:44,17768,other-process-2,3d,17.0
2026-10-05T09:29:44,2420,dwm,3d,10.3
2026-10-05T09:29:44,40796,python,3d,83.2
2026-10-05T09:29:44,4,System,copy,1.5
2026-10-05T09:29:53,11600,other-process-1,3d,1.4
2026-10-05T09:29:53,17768,other-process-2,3d,17.7
2026-10-05T09:29:53,2420,dwm,3d,10.1
2026-10-05T09:29:53,40796,python,3d,84.6
2026-10-05T09:29:53,4,System,copy,1.6
2026-10-05T09:30:03,11600,other-process-1,3d,1.8
2026-10-05T09:30:03,17768,other-process-2,3d,17.5
2026-10-05T09:30:03,2420,dwm,3d,10.3
2026-10-05T09:30:03,40796,python,3d,67.2
2026-10-05T09:30:03,4,System,copy,1.9
2026-10-05T09:30:13,11600,other-process-1,3d,4.8
2026-10-05T09:30:13,17768,other-process-2,3d,16.9
2026-10-05T09:30:13,2420,dwm,3d,17.2
2026-10-05T09:30:22,11600,other-process-1,3d,1.5
2026-10-05T09:30:22,17768,other-process-2,3d,17.7
2026-10-05T09:30:22,2420,dwm,3d,10.4
2026-10-05T09:30:22,40396,python,3d,78.4
2026-10-05T09:30:22,4,System,copy,2.2
2026-10-05T09:30:32,11600,other-process-1,3d,3.5
2026-10-05T09:30:32,17768,other-process-2,3d,16.9
2026-10-05T09:30:32,2420,dwm,3d,10.6
2026-10-05T09:30:41,11600,other-process-1,3d,2.5
2026-10-05T09:30:41,17768,other-process-2,3d,17.7
2026-10-05T09:30:41,2420,dwm,3d,11.0
2026-10-05T09:30:41,40396,python,3d,34.0
2026-10-05T09:30:41,4,System,copy,1.7
2026-10-05T09:30:51,11600,other-process-1,3d,3.0
2026-10-05T09:30:51,17768,other-process-2,3d,17.1
2026-10-05T09:30:51,2420,dwm,3d,10.5
2026-10-05T09:31:01,11600,other-process-1,3d,1.3
2026-10-05T09:31:01,17768,other-process-2,3d,18.4
2026-10-05T09:31:01,2420,dwm,3d,10.3
2026-10-05T09:31:01,39356,python,3d,84.8
2026-10-05T09:31:10,11600,other-process-1,3d,1.1
2026-10-05T09:31:10,17768,other-process-2,3d,17.3
2026-10-05T09:31:10,2420,dwm,3d,10.4
2026-10-05T09:31:10,39356,python,3d,84.6
2026-10-05T09:31:20,39356,python,3d,102.2
2026-10-05T09:31:29,17768,other-process-2,3d,1.6
2026-10-05T09:31:29,2420,dwm,3d,1.0
2026-10-05T09:31:29,39356,python,3d,102.6
2026-10-05T09:31:38,39356,python,3d,102.9
2026-10-05T09:31:47,39356,python,3d,103.5
2026-10-05T09:31:57,,,none,0
2026-10-05T09:32:06,39356,python,3d,102.8
2026-10-05T09:32:15,17768,other-process-2,3d,1.2
2026-10-05T09:32:15,39356,python,3d,101.9
2026-10-05T09:32:24,39356,python,3d,104.7
2026-10-05T09:32:33,,,none,0
2026-10-05T09:32:42,39356,python,3d,145.8
2026-10-05T09:32:51,39356,python,3d,101.4
2026-10-05T09:33:00,11600,other-process-1,3d,2.5
2026-10-05T09:33:00,17768,other-process-2,3d,12.5
2026-10-05T09:33:00,2420,dwm,3d,10.8
2026-10-05T09:33:10,11600,other-process-1,3d,3.6
2026-10-05T09:33:10,17768,other-process-2,3d,17.8
2026-10-05T09:33:10,2420,dwm,3d,10.4
2026-10-05T09:33:19,30584,python,3d,34.0
2026-10-05T09:33:28,30584,python,3d,100.6
2026-10-05T09:33:38,30584,python,3d,104.3
2026-10-05T09:33:47,30584,python,3d,104.0
2026-10-05T09:33:57,,,none,0
2026-10-05T09:34:06,17768,other-process-2,3d,1.4
2026-10-05T09:34:15,,,none,0
2026-10-05T09:34:24,,,none,0
2026-10-05T09:34:33,11600,other-process-1,3d,1.3
2026-10-05T09:34:33,17768,other-process-2,3d,16.8
2026-10-05T09:34:33,2420,dwm,3d,10.5
2026-10-05T09:34:33,39136,python,3d,84.5
2026-10-05T09:34:33,4,System,copy,1.0
2026-10-05T09:34:43,11600,other-process-1,3d,3.9
2026-10-05T09:34:43,17768,other-process-2,3d,17.7
2026-10-05T09:34:43,2420,dwm,3d,10.8
2026-10-05T09:34:52,11600,other-process-1,3d,1.2
2026-10-05T09:34:52,17768,other-process-2,3d,17.5
2026-10-05T09:34:52,2420,dwm,3d,10.6
2026-10-05T09:34:52,39136,python,3d,84.2
2026-10-05T09:34:52,4,System,copy,2.0
2026-10-05T09:35:02,11600,other-process-1,3d,1.3
2026-10-05T09:35:02,17768,other-process-2,3d,17.6
2026-10-05T09:35:02,2420,dwm,3d,10.3
2026-10-05T09:35:02,39136,python,3d,83.8
2026-10-05T09:35:02,4,System,copy,3.4
2026-10-05T09:35:11,11600,other-process-1,3d,2.9
2026-10-05T09:35:11,17768,other-process-2,3d,10.8
2026-10-05T09:35:11,2420,dwm,3d,6.9
2026-10-05T09:35:21,17768,other-process-2,3d,5.6
2026-10-05T09:35:21,2420,dwm,3d,3.2
2026-10-05T09:35:21,40796,python,3d,95.6
2026-10-05T09:35:21,4,System,copy,2.0
2026-10-05T09:35:30,11600,other-process-1,3d,1.5
2026-10-05T09:35:30,17768,other-process-2,3d,10.3
2026-10-05T09:35:30,2420,dwm,3d,6.6
2026-10-05T09:35:30,40796,python,3d,16.0
2026-10-05T09:35:40,11600,other-process-1,3d,1.7
2026-10-05T09:35:40,17768,other-process-2,3d,19.0
2026-10-05T09:35:40,2420,dwm,3d,11.3
2026-10-05T09:35:40,40796,python,3d,65.9
2026-10-05T09:35:40,4,System,copy,1.5
2026-10-05T09:35:50,11600,other-process-1,3d,2.5
2026-10-05T09:35:50,17768,other-process-2,3d,17.7
2026-10-05T09:35:50,2420,dwm,3d,10.5
2026-10-05T09:35:50,40796,python,3d,24.6
2026-10-05T09:35:59,11600,other-process-1,3d,3.3
2026-10-05T09:35:59,17768,other-process-2,3d,13.2
2026-10-05T09:35:59,2420,dwm,3d,10.4
2026-10-05T09:35:59,4,System,copy,17.3
2026-10-05T09:36:09,17768,other-process-2,3d,5.2
2026-10-05T09:36:09,2420,dwm,3d,3.3
2026-10-05T09:36:09,3408,python,3d,77.5
2026-10-05T09:36:18,17768,other-process-2,3d,7.3
2026-10-05T09:36:18,2420,dwm,3d,4.6
2026-10-05T09:36:18,3408,python,3d,104.2
2026-10-05T09:36:28,11600,other-process-1,3d,3.2
2026-10-05T09:36:28,17768,other-process-2,3d,13.0
2026-10-05T09:36:28,2420,dwm,3d,7.7
2026-10-05T09:36:37,11600,other-process-1,3d,1.4
2026-10-05T09:36:37,17768,other-process-2,3d,17.2
2026-10-05T09:36:37,2420,dwm,3d,10.0
2026-10-05T09:36:37,3408,python,3d,85.0
2026-10-05T09:36:37,4,System,copy,1.6
2026-10-05T09:36:46,11600,other-process-1,3d,1.2
2026-10-05T09:36:46,17768,other-process-2,3d,17.0
2026-10-05T09:36:46,2420,dwm,3d,10.3
2026-10-05T09:36:46,3408,python,3d,85.2
2026-10-05T09:36:56,11600,other-process-1,3d,1.9
2026-10-05T09:36:56,2420,dwm,3d,12.0
2026-10-05T09:36:56,3408,python,3d,82.2
2026-10-05T09:37:05,11600,other-process-1,3d,6.4
2026-10-05T09:37:05,2420,dwm,3d,11.8
2026-10-05T09:37:14,11600,other-process-1,3d,1.9
2026-10-05T09:37:14,2420,dwm,3d,9.9
2026-10-05T09:37:14,3408,python,3d,67.4
2026-10-05T09:37:14,4,System,copy,4.2
2026-10-05T09:37:24,11600,other-process-1,3d,1.0
2026-10-05T09:37:24,2420,dwm,3d,6.9
2026-10-05T09:37:24,3408,python,3d,82.1
2026-10-05T09:37:33,2420,dwm,3d,4.0
2026-10-05T09:37:33,3408,python,3d,68.6
2026-10-05T09:37:33,4,System,copy,4.1
2026-10-05T09:37:42,2420,dwm,3d,3.4
2026-10-05T09:37:42,3408,python,3d,92.9
2026-10-05T09:37:42,4,System,copy,2.6
2026-10-05T09:37:51,2420,dwm,3d,6.0
2026-10-05T09:37:51,3408,python,3d,100.1
2026-10-05T09:37:51,4,System,copy,2.3
2026-10-05T09:38:01,11600,other-process-1,3d,3.5
2026-10-05T09:38:01,2420,dwm,3d,8.5
2026-10-05T09:38:01,3408,python,3d,56.0
2026-10-05T09:38:10,11600,other-process-1,3d,1.9
2026-10-05T09:38:10,2420,dwm,3d,11.2
2026-10-05T09:38:10,3408,python,3d,99.8
2026-10-05T09:38:19,11600,other-process-1,3d,2.1
2026-10-05T09:38:19,2420,dwm,3d,12.1
2026-10-05T09:38:19,3408,python,3d,82.4
2026-10-05T09:38:28,11600,other-process-1,3d,2.1
2026-10-05T09:38:28,2420,dwm,3d,11.7
2026-10-05T09:38:28,3408,python,3d,81.8
2026-10-05T09:38:28,4,System,copy,1.0
2026-10-05T09:38:38,11600,other-process-1,3d,2.2
2026-10-05T09:38:38,2420,dwm,3d,12.0
2026-10-05T09:38:38,3408,python,3d,80.1
2026-10-05T09:38:38,4,System,copy,4.1
2026-10-05T09:38:47,11600,other-process-1,3d,2.1
2026-10-05T09:38:47,2420,dwm,3d,12.0
2026-10-05T09:38:47,3408,python,3d,81.2
2026-10-05T09:38:56,11600,other-process-1,3d,5.5
2026-10-05T09:38:56,2420,dwm,3d,10.1
2026-10-05T09:38:56,3408,python,3d,9.9
2026-10-05T09:38:56,4,System,copy,2.6
2026-10-05T09:39:06,11600,other-process-1,3d,1.5
2026-10-05T09:39:06,2420,dwm,3d,7.3
2026-10-05T09:39:06,3408,python,3d,87.3
2026-10-05T09:39:06,4,System,copy,4.2
2026-10-05T09:39:15,11600,other-process-1,3d,2.5
2026-10-05T09:39:15,2420,dwm,3d,5.1
2026-10-05T09:39:15,4,System,copy,15.3
2026-10-05T09:39:24,2420,dwm,3d,2.9
2026-10-05T09:39:24,38712,python,3d,95.7
2026-10-05T09:39:24,4,System,copy,4.0
2026-10-05T09:39:33,11600,other-process-1,3d,2.7
2026-10-05T09:39:33,2420,dwm,3d,6.3
2026-10-05T09:39:33,38712,python,3d,69.1
2026-10-05T09:39:43,11600,other-process-1,3d,1.5
2026-10-05T09:39:43,2420,dwm,3d,8.4
2026-10-05T09:39:43,38712,python,3d,85.6
2026-10-05T09:39:43,4,System,copy,4.5
2026-10-05T09:39:52,11600,other-process-1,3d,1.7
2026-10-05T09:39:52,2420,dwm,3d,11.7
2026-10-05T09:39:52,38712,python,3d,98.6
2026-10-05T09:40:01,11600,other-process-1,3d,1.7
2026-10-05T09:40:01,2420,dwm,3d,11.9
2026-10-05T09:40:01,38712,python,3d,82.7
2026-10-05T09:40:01,4,System,copy,1.7
2026-10-05T09:40:11,11600,other-process-1,3d,2.1
2026-10-05T09:40:11,2420,dwm,3d,12.1
2026-10-05T09:40:11,38712,python,3d,81.7
2026-10-05T09:40:11,4,System,copy,1.9
2026-10-05T09:40:20,11600,other-process-1,3d,5.3
2026-10-05T09:40:20,2420,dwm,3d,12.0
2026-10-05T09:40:29,11600,other-process-1,3d,2.2
2026-10-05T09:40:29,2420,dwm,3d,11.5
2026-10-05T09:40:29,38712,python,3d,81.0
2026-10-05T09:40:29,4,System,copy,1.9
2026-10-05T09:40:38,11600,other-process-1,3d,2.2
2026-10-05T09:40:38,2420,dwm,3d,8.3
2026-10-05T09:40:38,38712,python,3d,45.6
2026-10-05T09:40:38,4,System,copy,4.5
2026-10-05T09:40:48,2420,dwm,3d,5.1
2026-10-05T09:40:48,38712,python,3d,76.5
2026-10-05T09:40:48,4,System,copy,4.1
2026-10-05T09:40:57,2420,dwm,3d,3.5
2026-10-05T09:40:57,38712,python,3d,93.6
2026-10-05T09:40:57,4,System,copy,8.1
2026-10-05T09:41:06,11600,other-process-1,3d,1.2
2026-10-05T09:41:06,2420,dwm,3d,5.3
2026-10-05T09:41:06,38712,python,3d,71.9
2026-10-05T09:41:06,4,System,copy,4.4
2026-10-05T09:41:16,11600,other-process-1,3d,1.6
2026-10-05T09:41:16,2420,dwm,3d,8.4
2026-10-05T09:41:16,38712,python,3d,87.1
2026-10-05T09:41:25,11600,other-process-1,3d,1.9
2026-10-05T09:41:25,2420,dwm,3d,10.7
2026-10-05T09:41:25,38712,python,3d,104.1
2026-10-05T09:41:25,4,System,copy,4.1
2026-10-05T09:41:34,11600,other-process-1,3d,5.8
2026-10-05T09:41:34,2420,dwm,3d,11.9
2026-10-05T09:41:34,4,System,copy,13.4
2026-10-05T09:41:43,11600,other-process-1,3d,1.9
2026-10-05T09:41:43,2420,dwm,3d,11.9
2026-10-05T09:41:43,30248,python,3d,82.8
2026-10-05T09:41:53,11600,other-process-1,3d,2.0
2026-10-05T09:41:53,2420,dwm,3d,11.9
2026-10-05T09:41:53,30248,python,3d,82.1
2026-10-05T09:42:02,11600,other-process-1,3d,2.2
2026-10-05T09:42:02,2420,dwm,3d,12.0
2026-10-05T09:42:02,30248,python,3d,79.2
2026-10-05T09:42:02,4,System,copy,4.2
2026-10-05T09:42:11,11600,other-process-1,3d,1.6
2026-10-05T09:42:11,2420,dwm,3d,9.6
2026-10-05T09:42:11,30248,python,3d,77.9
2026-10-05T09:42:21,11600,other-process-1,3d,1.2
2026-10-05T09:42:21,2420,dwm,3d,6.3
2026-10-05T09:42:21,30248,python,3d,87.0
2026-10-05T09:42:30,2420,dwm,3d,4.7
2026-10-05T09:42:30,30248,python,3d,86.4
2026-10-05T09:42:30,4,System,copy,4.0
2026-10-05T09:42:39,2420,dwm,3d,3.7
2026-10-05T09:42:39,30248,python,3d,94.0
2026-10-05T09:42:48,2420,dwm,3d,4.6
2026-10-05T09:42:48,30248,python,3d,97.5
2026-10-05T09:42:58,11600,other-process-1,3d,1.3
2026-10-05T09:42:58,2420,dwm,3d,7.1
2026-10-05T09:42:58,30248,python,3d,92.0
2026-10-05T09:43:07,11600,other-process-1,3d,1.7
2026-10-05T09:43:07,2420,dwm,3d,10.2
2026-10-05T09:43:07,30248,python,3d,97.6
2026-10-05T09:43:16,30248,python,3d,88.0
2026-10-05T09:43:25,30248,python,3d,99.1
2026-10-05T09:43:34,,,none,0
2026-10-05T09:43:44,30248,python,3d,116.7
2026-10-05T09:43:44,4,System,copy,4.0
2026-10-05T09:43:53,30248,python,3d,99.6
2026-10-05T09:44:02,,,none,0
2026-10-05T09:44:11,30248,python,3d,98.3
2026-10-05T09:44:20,30248,python,3d,99.3
2026-10-05T09:44:29,30248,python,3d,195.8
2026-10-05T09:44:38,30248,python,3d,99.4
2026-10-05T09:44:47,,,none,0
2026-10-05T09:44:56,,,none,0
2026-10-05T09:45:05,30248,python,3d,98.7
2026-10-05T09:45:14,30248,python,3d,8.9
2026-10-05T09:45:23,30248,python,3d,195.0
2026-10-05T09:45:32,30248,python,3d,97.9
2026-10-05T09:45:41,30248,python,3d,197.9
2026-10-05T09:45:51,30248,python,3d,98.6
2026-10-05T09:46:00,30248,python,3d,18.4
2026-10-05T09:46:09,30248,python,3d,195.5
2026-10-05T09:46:18,30248,python,3d,98.7
2026-10-05T09:46:27,,,none,0
2026-10-05T09:46:36,,,none,0
2026-10-05T09:46:45,30248,python,3d,98.4
2026-10-05T09:46:54,,,none,0
2026-10-05T09:47:03,30248,python,3d,195.8
2026-10-05T09:47:12,30248,python,3d,98.5
2026-10-05T09:47:22,30248,python,3d,198.3
2026-10-05T09:47:22,4,System,copy,1.8
2026-10-05T09:47:31,30248,python,3d,98.8
2026-10-05T09:47:40,30248,python,3d,98.1
2026-10-05T09:47:49,,,none,0
2026-10-05T09:47:58,30248,python,3d,98.6
2026-10-05T09:48:07,,,none,0
2026-10-05T09:48:16,,,none,0
2026-10-05T09:48:25,30248,python,3d,98.6
2026-10-05T09:48:25,4,System,copy,1.8
2026-10-05T09:48:35,,,none,0
2026-10-05T09:48:44,30248,python,3d,70.2
2026-10-05T09:48:44,4,System,copy,1.7
2026-10-05T09:48:53,30248,python,3d,98.4
2026-10-05T09:48:53,4,System,copy,4.0
2026-10-05T09:49:02,30248,python,3d,43.5
2026-10-05T09:49:02,4,System,copy,4.1
2026-10-05T09:49:11,30248,python,3d,99.3
2026-10-05T09:49:20,30248,python,3d,98.3
2026-10-05T09:49:29,,,none,0
2026-10-05T09:49:38,30248,python,3d,99.4
2026-10-05T09:49:47,4,System,copy,16.3
2026-10-05T09:49:56,40036,python,3d,97.9
2026-10-05T09:50:05,40036,python,3d,99.0
2026-10-05T09:50:05,4,System,copy,4.0
2026-10-05T09:50:14,40036,python,3d,98.9
2026-10-05T09:50:23,40036,python,3d,199.2
2026-10-05T09:50:32,40036,python,3d,99.4
2026-10-05T09:50:41,40036,python,3d,198.3
2026-10-05T09:50:50,40036,python,3d,99.0
2026-10-05T09:50:59,40036,python,3d,92.8
2026-10-05T09:51:08,4,System,copy,1.7
2026-10-05T09:51:18,40036,python,3d,98.7
2026-10-05T09:51:27,40036,python,3d,98.2
2026-10-05T09:51:27,4,System,copy,3.9
2026-10-05T09:51:36,40036,python,3d,98.9
2026-10-05T09:51:45,40036,python,3d,98.2
2026-10-05T09:51:45,4,System,copy,4.0
2026-10-05T09:51:54,40036,python,3d,196.4
2026-10-05T09:52:03,40036,python,3d,198.6
2026-10-05T09:52:12,40036,python,3d,98.8
2026-10-05T09:52:21,40036,python,3d,98.6
2026-10-05T09:52:21,4,System,copy,4.0
2026-10-05T09:52:30,40036,python,3d,98.1
2026-10-05T09:52:39,40036,python,3d,98.6
2026-10-05T09:52:49,,,none,0
2026-10-05T09:52:58,40036,python,3d,98.6
2026-10-05T09:53:07,4,System,copy,4.1
2026-10-05T09:53:16,40036,python,3d,99.4
2026-10-05T09:53:25,40036,python,3d,99.0
2026-10-05T09:53:25,4,System,copy,4.0
2026-10-05T09:53:34,40036,python,3d,198.6
2026-10-05T09:53:43,40036,python,3d,39.0
2026-10-05T09:53:43,4,System,copy,4.0
2026-10-05T09:53:52,40036,python,3d,99.0
2026-10-05T09:53:52,4,System,copy,4.7
2026-10-05T09:54:02,40036,python,3d,198.4
2026-10-05T09:54:02,4,System,copy,2.6
2026-10-05T09:54:11,40036,python,3d,99.0
2026-10-05T09:54:20,40036,python,3d,100.1
2026-10-05T09:54:20,4,System,copy,4.1
2026-10-05T09:54:29,,,none,0
2026-10-05T09:54:38,,,none,0
2026-10-05T09:54:47,4,System,copy,4.0
2026-10-05T09:54:56,39792,python,3d,98.8
2026-10-05T09:55:05,39792,python,3d,98.1
2026-10-05T09:55:14,11600,other-process-1,3d,1.8
2026-10-05T09:55:14,17768,other-process-2,3d,3.2
2026-10-05T09:55:14,2420,dwm,3d,12.2
2026-10-05T09:55:14,39792,python,3d,82.1
2026-10-05T09:55:24,11600,other-process-1,3d,2.1
2026-10-05T09:55:24,17768,other-process-2,3d,2.7
2026-10-05T09:55:24,2420,dwm,3d,12.3
2026-10-05T09:55:24,39792,python,3d,80.9
2026-10-05T09:55:33,11600,other-process-1,3d,2.2
2026-10-05T09:55:33,17768,other-process-2,3d,2.4
2026-10-05T09:55:33,2420,dwm,3d,12.3
2026-10-05T09:55:33,39792,python,3d,80.0
2026-10-05T09:55:33,4,System,copy,3.1
2026-10-05T09:55:42,11600,other-process-1,3d,1.8
2026-10-05T09:55:42,17768,other-process-2,3d,7.2
2026-10-05T09:55:42,2420,dwm,3d,11.6
2026-10-05T09:55:42,39792,python,3d,82.8
2026-10-05T09:55:52,11600,other-process-1,3d,2.2
2026-10-05T09:55:52,17768,other-process-2,3d,3.2
2026-10-05T09:55:52,2420,dwm,3d,12.5
2026-10-05T09:55:52,39792,python,3d,81.2
2026-10-05T09:56:01,11600,other-process-1,3d,2.1
2026-10-05T09:56:01,17768,other-process-2,3d,2.9
2026-10-05T09:56:01,2420,dwm,3d,12.2
2026-10-05T09:56:01,39792,python,3d,82.1
2026-10-05T09:56:11,11600,other-process-1,3d,1.9
2026-10-05T09:56:11,17768,other-process-2,3d,3.2
2026-10-05T09:56:11,2420,dwm,3d,12.1
2026-10-05T09:56:11,39792,python,3d,82.4
2026-10-05T09:56:20,11600,other-process-1,3d,2.1
2026-10-05T09:56:20,17768,other-process-2,3d,2.9
2026-10-05T09:56:20,2420,dwm,3d,11.9
2026-10-05T09:56:20,39792,python,3d,81.7
2026-10-05T09:56:30,11600,other-process-1,3d,1.3
2026-10-05T09:56:30,2420,dwm,3d,7.4
2026-10-05T09:56:30,39792,python,3d,54.8
2026-10-05T09:56:39,2420,dwm,3d,5.1
2026-10-05T09:56:39,39792,python,3d,87.0
2026-10-05T09:56:39,4,System,copy,2.2
2026-10-05T09:56:48,2420,dwm,3d,3.7
2026-10-05T09:56:48,39792,python,3d,94.1
2026-10-05T09:56:57,2420,dwm,3d,3.8
2026-10-05T09:56:57,39792,python,3d,98.7
2026-10-05T09:56:57,4,System,copy,4.0
2026-10-05T09:57:07,11600,other-process-1,3d,1.1
2026-10-05T09:57:07,2420,dwm,3d,6.2
2026-10-05T09:57:07,39792,python,3d,116.3
2026-10-05T09:57:16,11600,other-process-1,3d,1.4
2026-10-05T09:57:16,2420,dwm,3d,8.8
2026-10-05T09:57:16,39792,python,3d,103.5
2026-10-05T09:57:25,11600,other-process-1,3d,2.2
2026-10-05T09:57:25,2420,dwm,3d,11.9
2026-10-05T09:57:25,39792,python,3d,79.6
2026-10-05T09:57:25,4,System,copy,4.2
2026-10-05T09:57:35,11600,other-process-1,3d,2.2
2026-10-05T09:57:35,2420,dwm,3d,12.0
2026-10-05T09:57:35,39792,python,3d,79.8
2026-10-05T09:57:35,4,System,copy,4.2
2026-10-05T09:57:44,11600,other-process-1,3d,2.4
2026-10-05T09:57:44,2420,dwm,3d,12.1
2026-10-05T09:57:44,39792,python,3d,79.3
2026-10-05T09:57:44,4,System,copy,4.2
2026-10-05T09:57:53,11600,other-process-1,3d,2.2
2026-10-05T09:57:53,2420,dwm,3d,11.3
2026-10-05T09:57:53,39792,python,3d,81.5
2026-10-05T09:57:53,4,System,copy,2.4
2026-10-05T09:58:02,11600,other-process-1,3d,4.6
2026-10-05T09:58:02,17768,other-process-2,3d,3.4
2026-10-05T09:58:02,2420,dwm,3d,9.3
2026-10-05T09:58:12,11600,other-process-1,3d,1.5
2026-10-05T09:58:12,17768,other-process-2,3d,3.7
2026-10-05T09:58:12,2420,dwm,3d,8.8
2026-10-05T09:58:12,39792,python,3d,87.6
2026-10-05T09:58:12,4,System,copy,2.2
2026-10-05T09:58:21,11600,other-process-1,3d,9.2
2026-10-05T09:58:21,17768,other-process-2,3d,9.9
2026-10-05T09:58:21,2420,dwm,3d,19.6
2026-10-05T09:58:31,11600,other-process-1,3d,1.8
2026-10-05T09:58:31,17768,other-process-2,3d,2.8
2026-10-05T09:58:31,2420,dwm,3d,10.8
2026-10-05T09:58:31,40596,python,3d,96.2
2026-10-05T09:58:40,11600,other-process-1,3d,1.9
2026-10-05T09:58:40,17768,other-process-2,3d,3.2
2026-10-05T09:58:40,2420,dwm,3d,12.1
2026-10-05T09:58:40,40596,python,3d,79.3
2026-10-05T09:58:40,4,System,copy,4.2
2026-10-05T09:58:49,11600,other-process-1,3d,2.0
2026-10-05T09:58:49,17768,other-process-2,3d,3.6
2026-10-05T09:58:49,2420,dwm,3d,12.2
2026-10-05T09:58:49,40596,python,3d,81.5
2026-10-05T09:58:49,4,System,copy,1.8
2026-10-05T09:58:59,11600,other-process-1,3d,2.0
2026-10-05T09:58:59,17768,other-process-2,3d,3.6
2026-10-05T09:58:59,2420,dwm,3d,12.1
2026-10-05T09:58:59,40596,python,3d,81.9
2026-10-05T09:59:08,11600,other-process-1,3d,2.0
2026-10-05T09:59:08,17768,other-process-2,3d,4.1
2026-10-05T09:59:08,2420,dwm,3d,12.2
2026-10-05T09:59:08,40596,python,3d,79.6
2026-10-05T09:59:08,4,System,copy,4.2
2026-10-05T09:59:17,11600,other-process-1,3d,3.6
2026-10-05T09:59:17,17768,other-process-2,3d,3.1
2026-10-05T09:59:17,2420,dwm,3d,11.0
2026-10-05T09:59:17,40596,python,3d,32.3
2026-10-05T09:59:27,11600,other-process-1,3d,1.4
2026-10-05T09:59:27,17768,other-process-2,3d,2.3
2026-10-05T09:59:27,2420,dwm,3d,7.6
2026-10-05T09:59:27,40596,python,3d,74.4
2026-10-05T09:59:36,11600,other-process-1,3d,1.2
2026-10-05T09:59:36,17768,other-process-2,3d,1.6
2026-10-05T09:59:36,2420,dwm,3d,7.7
2026-10-05T09:59:36,40596,python,3d,89.3
2026-10-05T09:59:36,4,System,copy,1.7
2026-10-05T09:59:46,11600,other-process-1,3d,1.6
2026-10-05T09:59:46,17768,other-process-2,3d,2.2
2026-10-05T09:59:46,2420,dwm,3d,9.0
2026-10-05T09:59:46,40596,python,3d,85.7
2026-10-05T09:59:46,4,System,copy,4.1
2026-10-05T09:59:55,11600,other-process-1,3d,1.9
2026-10-05T09:59:55,17768,other-process-2,3d,2.7
2026-10-05T09:59:55,2420,dwm,3d,11.0
2026-10-05T09:59:55,40596,python,3d,85.5
2026-10-05T10:00:04,11600,other-process-1,3d,1.8
2026-10-05T10:00:04,17768,other-process-2,3d,4.1
2026-10-05T10:00:04,2420,dwm,3d,12.1
2026-10-05T10:00:04,40596,python,3d,81.9
2026-10-05T10:00:14,11600,other-process-1,3d,2.1
2026-10-05T10:00:14,17768,other-process-2,3d,4.2
2026-10-05T10:00:14,2420,dwm,3d,12.4
2026-10-05T10:00:14,40596,python,3d,79.9
2026-10-05T10:00:14,4,System,copy,4.3
2026-10-05T10:00:23,11600,other-process-1,3d,6.0
2026-10-05T10:00:23,17768,other-process-2,3d,3.6
2026-10-05T10:00:23,2420,dwm,3d,12.0
2026-10-05T10:00:23,40596,python,3d,2.0
2026-10-05T10:00:23,4,System,copy,2.7
2026-10-05T10:00:32,11600,other-process-1,3d,2.8
2026-10-05T10:00:32,17768,other-process-2,3d,3.3
2026-10-05T10:00:32,2420,dwm,3d,12.0
2026-10-05T10:00:32,40596,python,3d,66.5
2026-10-05T10:00:32,4,System,copy,4.2
2026-10-05T10:00:42,11600,other-process-1,3d,2.1
2026-10-05T10:00:42,17768,other-process-2,3d,2.9
2026-10-05T10:00:42,2420,dwm,3d,11.0
2026-10-05T10:00:42,40596,python,3d,80.6
2026-10-05T10:00:42,4,System,copy,4.2
2026-10-05T10:00:51,11600,other-process-1,3d,1.5
2026-10-05T10:00:51,17768,other-process-2,3d,2.4
2026-10-05T10:00:51,2420,dwm,3d,8.3
2026-10-05T10:00:51,40596,python,3d,81.3
2026-10-05T10:00:51,4,System,copy,4.2
2026-10-05T10:01:00,11600,other-process-1,3d,4.6
2026-10-05T10:01:00,17768,other-process-2,3d,5.2
2026-10-05T10:01:00,2420,dwm,3d,9.8
2026-10-05T10:01:10,11600,other-process-1,3d,5.3
2026-10-05T10:01:10,17768,other-process-2,3d,15.2
2026-10-05T10:01:10,2420,dwm,3d,16.7
2026-10-05T10:01:19,11600,other-process-1,3d,2.7
2026-10-05T10:01:19,17768,other-process-2,3d,14.8
2026-10-05T10:01:19,2420,dwm,3d,12.2
2026-10-05T10:01:19,4,System,copy,3.3
2026-10-05T10:01:28,11600,other-process-1,3d,1.6
2026-10-05T10:01:28,17768,other-process-2,3d,14.7
2026-10-05T10:01:28,2420,dwm,3d,11.6
2026-10-05T10:01:28,38368,python,3d,80.8
2026-10-05T10:01:28,4,System,copy,3.8
2026-10-05T10:01:38,11600,other-process-1,3d,1.5
2026-10-05T10:01:38,17768,other-process-2,3d,14.3
2026-10-05T10:01:38,2420,dwm,3d,11.5
2026-10-05T10:01:38,38368,python,3d,82.0
2026-10-05T10:01:38,4,System,copy,3.8
2026-10-05T10:01:47,11600,other-process-1,3d,1.6
2026-10-05T10:01:47,17768,other-process-2,3d,14.0
2026-10-05T10:01:47,2420,dwm,3d,12.0
2026-10-05T10:01:47,38368,python,3d,83.0
2026-10-05T10:01:57,11600,other-process-1,3d,1.2
2026-10-05T10:01:57,17768,other-process-2,3d,19.5
2026-10-05T10:01:57,2420,dwm,3d,11.4
2026-10-05T10:01:57,38368,python,3d,84.0
2026-10-05T10:02:06,11600,other-process-1,3d,1.2
2026-10-05T10:02:06,17768,other-process-2,3d,19.4
2026-10-05T10:02:06,2420,dwm,3d,12.4
2026-10-05T10:02:06,38368,python,3d,82.1
2026-10-05T10:02:16,11600,other-process-1,3d,1.6
2026-10-05T10:02:16,17768,other-process-2,3d,13.1
2026-10-05T10:02:16,2420,dwm,3d,12.4
2026-10-05T10:02:16,38368,python,3d,82.4
2026-10-05T10:02:25,11600,other-process-1,3d,1.7
2026-10-05T10:02:25,17768,other-process-2,3d,13.6
2026-10-05T10:02:25,2420,dwm,3d,12.2
2026-10-05T10:02:25,38368,python,3d,83.1
2026-10-05T10:02:35,11600,other-process-1,3d,1.4
2026-10-05T10:02:35,17768,other-process-2,3d,14.4
2026-10-05T10:02:35,2420,dwm,3d,11.7
2026-10-05T10:02:35,38368,python,3d,84.0
2026-10-05T10:02:35,4,System,copy,1.9
2026-10-05T10:02:44,11600,other-process-1,3d,1.6
2026-10-05T10:02:44,17768,other-process-2,3d,15.3
2026-10-05T10:02:44,2420,dwm,3d,11.6
2026-10-05T10:02:44,38368,python,3d,80.8
2026-10-05T10:02:44,4,System,copy,3.9
2026-10-05T10:02:54,11600,other-process-1,3d,1.5
2026-10-05T10:02:54,17768,other-process-2,3d,15.7
2026-10-05T10:02:54,2420,dwm,3d,11.0
2026-10-05T10:02:54,38368,python,3d,83.3
2026-10-05T10:03:04,11600,other-process-1,3d,1.8
2026-10-05T10:03:04,17768,other-process-2,3d,9.6
2026-10-05T10:03:04,2420,dwm,3d,11.8
2026-10-05T10:03:04,38368,python,3d,79.2
2026-10-05T10:03:04,4,System,copy,3.8
2026-10-05T10:03:13,11600,other-process-1,3d,1.2
2026-10-05T10:03:13,17768,other-process-2,3d,21.1
2026-10-05T10:03:13,2420,dwm,3d,12.3
2026-10-05T10:03:13,38368,python,3d,82.0
2026-10-05T10:03:23,11600,other-process-1,3d,1.3
2026-10-05T10:03:23,17768,other-process-2,3d,18.5
2026-10-05T10:03:23,2420,dwm,3d,12.6
2026-10-05T10:03:23,38368,python,3d,81.9
2026-10-05T10:03:33,11600,other-process-1,3d,1.3
2026-10-05T10:03:33,17768,other-process-2,3d,19.0
2026-10-05T10:03:33,2420,dwm,3d,12.0
2026-10-05T10:03:33,38368,python,3d,83.6
2026-10-05T10:03:42,11600,other-process-1,3d,1.7
2026-10-05T10:03:42,17768,other-process-2,3d,6.2
2026-10-05T10:03:42,2420,dwm,3d,11.9
2026-10-05T10:03:42,38368,python,3d,82.2
2026-10-05T10:03:52,11600,other-process-1,3d,1.9
2026-10-05T10:03:52,17768,other-process-2,3d,4.0
2026-10-05T10:03:52,2420,dwm,3d,11.9
2026-10-05T10:03:52,38368,python,3d,82.0
2026-10-05T10:04:01,11600,other-process-1,3d,2.1
2026-10-05T10:04:01,17768,other-process-2,3d,4.9
2026-10-05T10:04:01,2420,dwm,3d,12.2
2026-10-05T10:04:01,38368,python,3d,80.7
2026-10-05T10:04:11,11600,other-process-1,3d,1.9
2026-10-05T10:04:11,17768,other-process-2,3d,8.1
2026-10-05T10:04:11,2420,dwm,3d,12.0
2026-10-05T10:04:11,38368,python,3d,81.4
2026-10-05T10:04:20,11600,other-process-1,3d,1.9
2026-10-05T10:04:20,17768,other-process-2,3d,8.6
2026-10-05T10:04:20,2420,dwm,3d,11.8
2026-10-05T10:04:20,38368,python,3d,81.2
2026-10-05T10:04:30,11600,other-process-1,3d,1.3
2026-10-05T10:04:30,17768,other-process-2,3d,6.6
2026-10-05T10:04:30,2420,dwm,3d,7.6
2026-10-05T10:04:30,38368,python,3d,89.1
2026-10-05T10:04:40,11600,other-process-1,3d,2.0
2026-10-05T10:04:40,17768,other-process-2,3d,5.7
2026-10-05T10:04:40,2420,dwm,3d,12.3
2026-10-05T10:04:40,38368,python,3d,80.3
2026-10-05T10:04:50,11600,other-process-1,3d,2.0
2026-10-05T10:04:50,17768,other-process-2,3d,7.8
2026-10-05T10:04:50,2420,dwm,3d,12.1
2026-10-05T10:04:50,38368,python,3d,80.8
2026-10-05T10:04:59,11600,other-process-1,3d,2.1
2026-10-05T10:04:59,17768,other-process-2,3d,8.1
2026-10-05T10:04:59,2420,dwm,3d,12.4
2026-10-05T10:04:59,38368,python,3d,81.1
2026-10-05T10:05:09,11600,other-process-1,3d,1.3
2026-10-05T10:05:09,17768,other-process-2,3d,5.4
2026-10-05T10:05:09,2420,dwm,3d,9.0
2026-10-05T10:05:09,38368,python,3d,86.2
2026-10-05T10:05:19,11600,other-process-1,3d,2.1
2026-10-05T10:05:19,17768,other-process-2,3d,6.1
2026-10-05T10:05:19,2420,dwm,3d,12.0
2026-10-05T10:05:19,38368,python,3d,80.9
2026-10-05T10:05:29,11600,other-process-1,3d,2.0
2026-10-05T10:05:29,17768,other-process-2,3d,7.8
2026-10-05T10:05:29,2420,dwm,3d,12.1
2026-10-05T10:05:29,38368,python,3d,80.5
2026-10-05T10:05:38,11600,other-process-1,3d,2.1
2026-10-05T10:05:38,17768,other-process-2,3d,8.0
2026-10-05T10:05:38,2420,dwm,3d,11.8
2026-10-05T10:05:38,38368,python,3d,81.6
2026-10-05T10:05:48,11600,other-process-1,3d,1.8
2026-10-05T10:05:48,17768,other-process-2,3d,8.0
2026-10-05T10:05:48,2420,dwm,3d,11.3
2026-10-05T10:05:48,38368,python,3d,81.4
2026-10-05T10:05:48,4,System,copy,3.8
2026-10-05T10:05:58,11600,other-process-1,3d,1.9
2026-10-05T10:05:58,17768,other-process-2,3d,5.5
2026-10-05T10:05:58,2420,dwm,3d,11.9
2026-10-05T10:05:58,38368,python,3d,81.4
2026-10-05T10:06:08,11600,other-process-1,3d,2.0
2026-10-05T10:06:08,17768,other-process-2,3d,6.3
2026-10-05T10:06:08,2420,dwm,3d,12.3
2026-10-05T10:06:08,38368,python,3d,81.6
2026-10-05T10:06:17,11600,other-process-1,3d,1.8
2026-10-05T10:06:17,17768,other-process-2,3d,7.6
2026-10-05T10:06:17,2420,dwm,3d,11.6
2026-10-05T10:06:17,38368,python,3d,83.4
2026-10-05T10:06:26,11600,other-process-1,3d,1.6
2026-10-05T10:06:26,17768,other-process-2,3d,7.6
2026-10-05T10:06:26,2420,dwm,3d,12.2
2026-10-05T10:06:26,38368,python,3d,82.5
2026-10-05T10:06:36,11600,other-process-1,3d,1.6
2026-10-05T10:06:36,17768,other-process-2,3d,8.5
2026-10-05T10:06:36,2420,dwm,3d,11.8
2026-10-05T10:06:36,38368,python,3d,82.8
2026-10-05T10:06:45,11600,other-process-1,3d,1.9
2026-10-05T10:06:45,17768,other-process-2,3d,5.6
2026-10-05T10:06:45,2420,dwm,3d,11.9
2026-10-05T10:06:45,38368,python,3d,82.3
2026-10-05T10:06:55,11600,other-process-1,3d,1.7
2026-10-05T10:06:55,17768,other-process-2,3d,4.4
2026-10-05T10:06:55,2420,dwm,3d,11.5
2026-10-05T10:06:55,38368,python,3d,82.9
2026-10-05T10:07:04,11600,other-process-1,3d,1.7
2026-10-05T10:07:04,17768,other-process-2,3d,5.1
2026-10-05T10:07:04,2420,dwm,3d,11.5
2026-10-05T10:07:04,38368,python,3d,82.7
2026-10-05T10:07:13,11600,other-process-1,3d,1.9
2026-10-05T10:07:13,17768,other-process-2,3d,5.1
2026-10-05T10:07:13,2420,dwm,3d,12.0
2026-10-05T10:07:13,38368,python,3d,82.1
2026-10-05T10:07:23,11600,other-process-1,3d,1.9
2026-10-05T10:07:23,17768,other-process-2,3d,7.1
2026-10-05T10:07:23,2420,dwm,3d,11.9
2026-10-05T10:07:23,38368,python,3d,80.3
2026-10-05T10:07:32,11600,other-process-1,3d,1.9
2026-10-05T10:07:32,17768,other-process-2,3d,7.5
2026-10-05T10:07:32,2420,dwm,3d,12.0
2026-10-05T10:07:32,38368,python,3d,81.9
2026-10-05T10:07:42,11600,other-process-1,3d,2.0
2026-10-05T10:07:42,17768,other-process-2,3d,7.9
2026-10-05T10:07:42,2420,dwm,3d,11.9
2026-10-05T10:07:42,38368,python,3d,80.9
2026-10-05T10:07:42,4,System,copy,1.5
2026-10-05T10:07:51,11600,other-process-1,3d,1.9
2026-10-05T10:07:51,17768,other-process-2,3d,6.1
2026-10-05T10:07:51,2420,dwm,3d,11.9
2026-10-05T10:07:51,38368,python,3d,82.6
2026-10-05T10:08:00,11600,other-process-1,3d,1.9
2026-10-05T10:08:00,17768,other-process-2,3d,6.1
2026-10-05T10:08:00,2420,dwm,3d,11.9
2026-10-05T10:08:00,38368,python,3d,79.7
2026-10-05T10:08:00,4,System,copy,3.8
2026-10-05T10:08:10,11600,other-process-1,3d,2.4
2026-10-05T10:08:10,17768,other-process-2,3d,3.5
2026-10-05T10:08:10,2420,dwm,3d,12.0
2026-10-05T10:08:10,38368,python,3d,79.2
2026-10-05T10:08:10,4,System,copy,4.0
2026-10-05T10:08:19,11600,other-process-1,3d,2.0
2026-10-05T10:08:19,17768,other-process-2,3d,5.5
2026-10-05T10:08:19,2420,dwm,3d,12.2
2026-10-05T10:08:19,38368,python,3d,78.7
2026-10-05T10:08:19,4,System,copy,3.7
2026-10-05T10:08:29,11600,other-process-1,3d,5.6
2026-10-05T10:08:29,17768,other-process-2,3d,8.0
2026-10-05T10:08:29,2420,dwm,3d,11.9
2026-10-05T10:08:38,11600,other-process-1,3d,1.7
2026-10-05T10:08:38,17768,other-process-2,3d,7.6
2026-10-05T10:08:38,2420,dwm,3d,12.0
2026-10-05T10:08:38,38368,python,3d,82.7
2026-10-05T10:08:48,11600,other-process-1,3d,4.6
2026-10-05T10:08:48,17768,other-process-2,3d,12.3
2026-10-05T10:08:48,2420,dwm,3d,11.2
2026-10-05T10:08:57,11600,other-process-1,3d,1.7
2026-10-05T10:08:57,17768,other-process-2,3d,12.4
2026-10-05T10:08:57,2420,dwm,3d,11.7
2026-10-05T10:08:57,41928,python,3d,83.1
2026-10-05T10:09:07,11600,other-process-1,3d,1.7
2026-10-05T10:09:07,17768,other-process-2,3d,17.8
2026-10-05T10:09:07,2420,dwm,3d,10.9
2026-10-05T10:09:07,41928,python,3d,82.6
2026-10-05T10:09:18,11600,other-process-1,3d,1.7
2026-10-05T10:09:18,17768,other-process-2,3d,19.3
2026-10-05T10:09:18,2420,dwm,3d,11.2
2026-10-05T10:09:18,41928,python,3d,82.7
2026-10-05T10:09:28,11600,other-process-1,3d,1.6
2026-10-05T10:09:28,17768,other-process-2,3d,19.8
2026-10-05T10:09:28,2420,dwm,3d,10.2
2026-10-05T10:09:28,41928,python,3d,83.0
2026-10-05T10:09:39,11600,other-process-1,3d,1.7
2026-10-05T10:09:39,17768,other-process-2,3d,16.8
2026-10-05T10:09:39,2420,dwm,3d,11.1
2026-10-05T10:09:39,41928,python,3d,83.0
2026-10-05T10:09:50,11600,other-process-1,3d,1.7
2026-10-05T10:09:50,17768,other-process-2,3d,13.8
2026-10-05T10:09:50,2420,dwm,3d,10.9
2026-10-05T10:09:50,41928,python,3d,83.6
2026-10-05T10:09:50,4,System,copy,2.5
2026-10-05T10:10:00,11600,other-process-1,3d,3.1
2026-10-05T10:10:00,17768,other-process-2,3d,16.0
2026-10-05T10:10:00,2420,dwm,3d,10.5
2026-10-05T10:10:00,41928,python,3d,55.0
2026-10-05T10:10:11,11600,other-process-1,3d,1.8
2026-10-05T10:10:11,17768,other-process-2,3d,16.6
2026-10-05T10:10:11,2420,dwm,3d,11.0
2026-10-05T10:10:11,41928,python,3d,84.5
2026-10-05T10:10:21,11600,other-process-1,3d,1.9
2026-10-05T10:10:21,17768,other-process-2,3d,13.2
2026-10-05T10:10:21,2420,dwm,3d,11.6
2026-10-05T10:10:21,41928,python,3d,82.7
2026-10-05T10:10:31,11600,other-process-1,3d,2.1
2026-10-05T10:10:31,17768,other-process-2,3d,15.4
2026-10-05T10:10:31,2420,dwm,3d,10.6
2026-10-05T10:10:31,41928,python,3d,81.0
2026-10-05T10:10:31,4,System,copy,2.8
2026-10-05T10:10:41,11600,other-process-1,3d,1.9
2026-10-05T10:10:41,17768,other-process-2,3d,14.8
2026-10-05T10:10:41,2420,dwm,3d,11.0
2026-10-05T10:10:41,41928,python,3d,82.5
2026-10-05T10:10:51,11600,other-process-1,3d,1.7
2026-10-05T10:10:51,17768,other-process-2,3d,15.7
2026-10-05T10:10:51,2420,dwm,3d,10.9
2026-10-05T10:10:51,41928,python,3d,83.5
2026-10-05T10:11:01,11600,other-process-1,3d,1.8
2026-10-05T10:11:01,17768,other-process-2,3d,15.1
2026-10-05T10:11:01,2420,dwm,3d,10.9
2026-10-05T10:11:01,41928,python,3d,82.2
2026-10-05T10:11:11,11600,other-process-1,3d,1.8
2026-10-05T10:11:11,17768,other-process-2,3d,14.6
2026-10-05T10:11:11,2420,dwm,3d,11.7
2026-10-05T10:11:11,41928,python,3d,82.6
2026-10-05T10:11:22,11600,other-process-1,3d,2.0
2026-10-05T10:11:22,17768,other-process-2,3d,13.9
2026-10-05T10:11:22,2420,dwm,3d,10.9
2026-10-05T10:11:22,41928,python,3d,83.4
2026-10-05T10:11:32,11600,other-process-1,3d,2.0
2026-10-05T10:11:32,17768,other-process-2,3d,15.2
2026-10-05T10:11:32,2420,dwm,3d,11.3
2026-10-05T10:11:32,41928,python,3d,82.5
2026-10-05T10:11:42,11600,other-process-1,3d,1.8
2026-10-05T10:11:42,17768,other-process-2,3d,14.0
2026-10-05T10:11:42,2420,dwm,3d,11.2
2026-10-05T10:11:42,41928,python,3d,83.6
2026-10-05T10:11:52,11600,other-process-1,3d,1.8
2026-10-05T10:11:52,17768,other-process-2,3d,15.3
2026-10-05T10:11:52,2420,dwm,3d,11.1
2026-10-05T10:11:52,41928,python,3d,82.5
2026-10-05T10:12:03,11600,other-process-1,3d,1.6
2026-10-05T10:12:03,17768,other-process-2,3d,19.1
2026-10-05T10:12:03,2420,dwm,3d,9.9
2026-10-05T10:12:03,41928,python,3d,84.4
2026-10-05T10:12:13,11600,other-process-1,3d,3.9
2026-10-05T10:12:13,17768,other-process-2,3d,18.8
2026-10-05T10:12:13,2420,dwm,3d,10.6
2026-10-05T10:12:13,41928,python,3d,45.3
2026-10-05T10:12:13,4,System,copy,4.7
2026-10-05T10:12:24,11600,other-process-1,3d,1.9
2026-10-05T10:12:24,17768,other-process-2,3d,19.1
2026-10-05T10:12:24,2420,dwm,3d,11.3
2026-10-05T10:12:24,41928,python,3d,81.8
2026-10-05T10:12:34,11600,other-process-1,3d,1.8
2026-10-05T10:12:34,17768,other-process-2,3d,18.7
2026-10-05T10:12:34,2420,dwm,3d,11.2
2026-10-05T10:12:34,41928,python,3d,82.0
2026-10-05T10:12:44,11600,other-process-1,3d,1.7
2026-10-05T10:12:44,17768,other-process-2,3d,17.9
2026-10-05T10:12:44,2420,dwm,3d,10.6
2026-10-05T10:12:44,41928,python,3d,83.0
2026-10-05T10:12:55,11600,other-process-1,3d,1.6
2026-10-05T10:12:55,17768,other-process-2,3d,16.7
2026-10-05T10:12:55,2420,dwm,3d,10.4
2026-10-05T10:12:55,41928,python,3d,83.3
2026-10-05T10:13:06,11600,other-process-1,3d,1.7
2026-10-05T10:13:06,17768,other-process-2,3d,14.3
2026-10-05T10:13:06,2420,dwm,3d,11.5
2026-10-05T10:13:06,41928,python,3d,82.1
2026-10-05T10:13:16,11600,other-process-1,3d,1.7
2026-10-05T10:13:16,17768,other-process-2,3d,21.2
2026-10-05T10:13:16,2420,dwm,3d,10.8
2026-10-05T10:13:16,41928,python,3d,83.5
2026-10-05T10:13:27,11600,other-process-1,3d,1.6
2026-10-05T10:13:27,17768,other-process-2,3d,18.8
2026-10-05T10:13:27,2420,dwm,3d,10.6
2026-10-05T10:13:27,41928,python,3d,80.7
2026-10-05T10:13:27,4,System,copy,3.9
2026-10-05T10:13:38,11600,other-process-1,3d,1.8
2026-10-05T10:13:38,17768,other-process-2,3d,19.4
2026-10-05T10:13:38,2420,dwm,3d,10.7
2026-10-05T10:13:38,41928,python,3d,83.0
2026-10-05T10:13:49,11600,other-process-1,3d,1.6
2026-10-05T10:13:49,17768,other-process-2,3d,16.3
2026-10-05T10:13:49,2420,dwm,3d,10.5
2026-10-05T10:13:49,41928,python,3d,83.9
2026-10-05T10:14:00,11600,other-process-1,3d,2.0
2026-10-05T10:14:00,17768,other-process-2,3d,15.3
2026-10-05T10:14:00,2420,dwm,3d,11.4
2026-10-05T10:14:00,41928,python,3d,82.0
2026-10-05T10:14:10,11600,other-process-1,3d,2.0
2026-10-05T10:14:10,17768,other-process-2,3d,14.0
2026-10-05T10:14:10,2420,dwm,3d,10.9
2026-10-05T10:14:10,41928,python,3d,82.7
2026-10-05T10:14:21,11600,other-process-1,3d,1.7
2026-10-05T10:14:21,17768,other-process-2,3d,18.3
2026-10-05T10:14:21,2420,dwm,3d,11.0
2026-10-05T10:14:21,41928,python,3d,83.8
2026-10-05T10:14:32,11600,other-process-1,3d,1.7
2026-10-05T10:14:32,17768,other-process-2,3d,16.1
2026-10-05T10:14:32,2420,dwm,3d,10.4
2026-10-05T10:14:32,41928,python,3d,83.6
2026-10-05T10:14:42,11600,other-process-1,3d,1.8
2026-10-05T10:14:42,17768,other-process-2,3d,16.5
2026-10-05T10:14:42,2420,dwm,3d,11.4
2026-10-05T10:14:42,41928,python,3d,82.3
2026-10-05T10:14:52,11600,other-process-1,3d,1.7
2026-10-05T10:14:52,17768,other-process-2,3d,19.4
2026-10-05T10:14:52,2420,dwm,3d,10.9
2026-10-05T10:14:52,41928,python,3d,82.4
2026-10-05T10:15:03,11600,other-process-1,3d,1.9
2026-10-05T10:15:03,17768,other-process-2,3d,15.3
2026-10-05T10:15:03,2420,dwm,3d,11.8
2026-10-05T10:15:03,41928,python,3d,81.1
2026-10-05T10:15:14,11600,other-process-1,3d,2.0
2026-10-05T10:15:14,17768,other-process-2,3d,19.9
2026-10-05T10:15:14,2420,dwm,3d,10.2
2026-10-05T10:15:14,41928,python,3d,70.8
2026-10-05T10:15:24,11600,other-process-1,3d,1.5
2026-10-05T10:15:24,17768,other-process-2,3d,19.0
2026-10-05T10:15:24,2420,dwm,3d,11.0
2026-10-05T10:15:24,41928,python,3d,83.9
2026-10-05T10:15:35,11600,other-process-1,3d,2.0
2026-10-05T10:15:35,17768,other-process-2,3d,6.4
2026-10-05T10:15:35,2420,dwm,3d,12.3
2026-10-05T10:15:35,41928,python,3d,80.9
2026-10-05T10:15:45,17768,other-process-2,3d,4.0
2026-10-05T10:15:45,2420,dwm,3d,5.8
2026-10-05T10:15:45,41928,python,3d,69.3
2026-10-05T10:15:54,11600,other-process-1,3d,1.2
2026-10-05T10:15:54,17768,other-process-2,3d,5.3
2026-10-05T10:15:54,2420,dwm,3d,7.4
2026-10-05T10:15:54,41928,python,3d,89.2
2026-10-05T10:16:04,11600,other-process-1,3d,2.1
2026-10-05T10:16:04,17768,other-process-2,3d,6.4
2026-10-05T10:16:04,2420,dwm,3d,12.3
2026-10-05T10:16:04,41928,python,3d,80.6
2026-10-05T10:16:14,11600,other-process-1,3d,1.9
2026-10-05T10:16:14,17768,other-process-2,3d,6.1
2026-10-05T10:16:14,2420,dwm,3d,12.2
2026-10-05T10:16:14,41928,python,3d,81.9
2026-10-05T10:16:24,11600,other-process-1,3d,1.2
2026-10-05T10:16:24,17768,other-process-2,3d,4.2
2026-10-05T10:16:24,2420,dwm,3d,7.4
2026-10-05T10:16:24,41928,python,3d,89.0
2026-10-05T10:16:33,17768,other-process-2,3d,5.3
2026-10-05T10:16:33,2420,dwm,3d,6.2
2026-10-05T10:16:33,41928,python,3d,114.4
2026-10-05T10:16:43,11600,other-process-1,3d,1.8
2026-10-05T10:16:43,17768,other-process-2,3d,6.4
2026-10-05T10:16:43,2420,dwm,3d,11.7
2026-10-05T10:16:43,41928,python,3d,108.6
2026-10-05T10:16:43,4,System,copy,2.5
2026-10-05T10:16:53,11600,other-process-1,3d,2.0
2026-10-05T10:16:53,17768,other-process-2,3d,6.5
2026-10-05T10:16:53,2420,dwm,3d,12.3
2026-10-05T10:16:53,41928,python,3d,81.9
2026-10-05T10:17:02,11600,other-process-1,3d,1.3
2026-10-05T10:17:02,17768,other-process-2,3d,4.6
2026-10-05T10:17:02,2420,dwm,3d,7.4
2026-10-05T10:17:02,41928,python,3d,83.6
2026-10-05T10:17:12,11600,other-process-1,3d,1.1
2026-10-05T10:17:12,17768,other-process-2,3d,5.8
2026-10-05T10:17:12,2420,dwm,3d,6.6
2026-10-05T10:17:12,41928,python,3d,89.8
2026-10-05T10:17:22,11600,other-process-1,3d,2.1
2026-10-05T10:17:22,17768,other-process-2,3d,7.2
2026-10-05T10:17:22,2420,dwm,3d,12.3
2026-10-05T10:17:22,41928,python,3d,81.4
2026-10-05T10:17:32,11600,other-process-1,3d,3.1
2026-10-05T10:17:32,17768,other-process-2,3d,6.3
2026-10-05T10:17:32,2420,dwm,3d,12.1
2026-10-05T10:17:32,41928,python,3d,61.1
2026-10-05T10:17:41,11600,other-process-1,3d,1.1
2026-10-05T10:17:41,17768,other-process-2,3d,4.7
2026-10-05T10:17:41,2420,dwm,3d,6.9
2026-10-05T10:17:41,41928,python,3d,89.6
2026-10-05T10:17:51,17768,other-process-2,3d,5.0
2026-10-05T10:17:51,2420,dwm,3d,6.2
2026-10-05T10:17:51,41928,python,3d,104.3
2026-10-05T10:18:01,11600,other-process-1,3d,1.8
2026-10-05T10:18:01,17768,other-process-2,3d,6.1
2026-10-05T10:18:01,2420,dwm,3d,11.6
2026-10-05T10:18:01,41928,python,3d,116.9
2026-10-05T10:18:11,11600,other-process-1,3d,1.9
2026-10-05T10:18:11,17768,other-process-2,3d,6.3
2026-10-05T10:18:11,2420,dwm,3d,12.1
2026-10-05T10:18:11,41928,python,3d,81.5
2026-10-05T10:18:20,17768,other-process-2,3d,3.7
2026-10-05T10:18:20,2420,dwm,3d,4.1
2026-10-05T10:18:20,41928,python,3d,59.4
2026-10-05T10:18:31,11600,other-process-1,3d,1.7
2026-10-05T10:18:31,17768,other-process-2,3d,8.2
2026-10-05T10:18:31,2420,dwm,3d,11.0
2026-10-05T10:18:31,41928,python,3d,114.3
2026-10-05T10:18:41,11600,other-process-1,3d,2.1
2026-10-05T10:18:41,17768,other-process-2,3d,6.3
2026-10-05T10:18:41,2420,dwm,3d,12.2
2026-10-05T10:18:41,41928,python,3d,80.5
2026-10-05T10:18:51,11600,other-process-1,3d,1.0
2026-10-05T10:18:51,17768,other-process-2,3d,3.9
2026-10-05T10:18:51,2420,dwm,3d,5.9
2026-10-05T10:18:51,41928,python,3d,72.4
2026-10-05T10:19:00,11600,other-process-1,3d,1.1
2026-10-05T10:19:00,17768,other-process-2,3d,5.3
2026-10-05T10:19:00,2420,dwm,3d,6.4
2026-10-05T10:19:00,41928,python,3d,90.3
2026-10-05T10:19:10,11600,other-process-1,3d,1.9
2026-10-05T10:19:10,17768,other-process-2,3d,6.9
2026-10-05T10:19:10,2420,dwm,3d,12.0
2026-10-05T10:19:10,41928,python,3d,81.8
2026-10-05T10:19:20,11600,other-process-1,3d,1.9
2026-10-05T10:19:20,17768,other-process-2,3d,6.6
2026-10-05T10:19:20,2420,dwm,3d,12.3
2026-10-05T10:19:20,41928,python,3d,81.3
2026-10-05T10:19:29,11600,other-process-1,3d,1.6
2026-10-05T10:19:29,17768,other-process-2,3d,5.2
2026-10-05T10:19:29,2420,dwm,3d,9.4
2026-10-05T10:19:29,41928,python,3d,83.4
2026-10-05T10:19:29,4,System,copy,2.5
2026-10-05T10:19:39,17768,other-process-2,3d,4.9
2026-10-05T10:19:39,2420,dwm,3d,5.9
2026-10-05T10:19:39,41928,python,3d,93.1
2026-10-05T10:19:49,11600,other-process-1,3d,2.1
2026-10-05T10:19:49,17768,other-process-2,3d,6.9
2026-10-05T10:19:49,2420,dwm,3d,11.9
2026-10-05T10:19:49,41928,python,3d,118.3
2026-10-05T10:19:59,11600,other-process-1,3d,1.9
2026-10-05T10:19:59,17768,other-process-2,3d,6.2
2026-10-05T10:19:59,2420,dwm,3d,12.2
2026-10-05T10:19:59,41928,python,3d,81.1
2026-10-05T10:20:08,11600,other-process-1,3d,1.8
2026-10-05T10:20:08,17768,other-process-2,3d,5.5
2026-10-05T10:20:08,2420,dwm,3d,10.6
2026-10-05T10:20:08,41928,python,3d,83.9
2026-10-05T10:20:18,17768,other-process-2,3d,3.3
2026-10-05T10:20:18,2420,dwm,3d,4.2
2026-10-05T10:20:18,41928,python,3d,65.1
2026-10-05T10:20:28,11600,other-process-1,3d,4.2
2026-10-05T10:20:28,17768,other-process-2,3d,5.3
2026-10-05T10:20:28,2420,dwm,3d,8.4
2026-10-05T10:20:37,11600,other-process-1,3d,2.0
2026-10-05T10:20:37,17768,other-process-2,3d,6.6
2026-10-05T10:20:37,2420,dwm,3d,12.3
2026-10-05T10:20:37,41928,python,3d,82.2
2026-10-05T10:20:47,11600,other-process-1,3d,2.2
2026-10-05T10:20:47,17768,other-process-2,3d,7.6
2026-10-05T10:20:47,2420,dwm,3d,12.3
2026-10-05T10:20:47,41928,python,3d,81.7
2026-10-05T10:20:56,11600,other-process-1,3d,1.2
2026-10-05T10:20:56,17768,other-process-2,3d,4.1
2026-10-05T10:20:56,2420,dwm,3d,6.6
2026-10-05T10:20:56,41928,python,3d,78.1
2026-10-05T10:21:06,17768,other-process-2,3d,5.4
2026-10-05T10:21:06,2420,dwm,3d,6.2
2026-10-05T10:21:06,41928,python,3d,89.9
2026-10-05T10:21:16,11600,other-process-1,3d,2.0
2026-10-05T10:21:16,17768,other-process-2,3d,6.2
2026-10-05T10:21:16,2420,dwm,3d,12.2
2026-10-05T10:21:16,41928,python,3d,107.0
2026-10-05T10:21:26,11600,other-process-1,3d,2.1
2026-10-05T10:21:26,17768,other-process-2,3d,7.3
2026-10-05T10:21:26,2420,dwm,3d,12.3
2026-10-05T10:21:26,41928,python,3d,80.0
2026-10-05T10:21:35,11600,other-process-1,3d,1.2
2026-10-05T10:21:35,17768,other-process-2,3d,4.4
2026-10-05T10:21:35,2420,dwm,3d,8.1
2026-10-05T10:21:35,41928,python,3d,85.2
2026-10-05T10:21:45,11600,other-process-1,3d,1.2
2026-10-05T10:21:45,17768,other-process-2,3d,5.7
2026-10-05T10:21:45,2420,dwm,3d,7.0
2026-10-05T10:21:45,41928,python,3d,89.9
2026-10-05T10:21:55,11600,other-process-1,3d,1.8
2026-10-05T10:21:55,17768,other-process-2,3d,6.3
2026-10-05T10:21:55,2420,dwm,3d,11.9
2026-10-05T10:21:55,41928,python,3d,99.1
2026-10-05T10:22:05,11600,other-process-1,3d,2.1
2026-10-05T10:22:05,17768,other-process-2,3d,7.6
2026-10-05T10:22:05,2420,dwm,3d,11.8
2026-10-05T10:22:05,41928,python,3d,81.5
2026-10-05T10:22:15,11600,other-process-1,3d,1.4
2026-10-05T10:22:15,17768,other-process-2,3d,5.9
2026-10-05T10:22:15,2420,dwm,3d,8.6
2026-10-05T10:22:15,41928,python,3d,87.0
2026-10-05T10:22:24,17768,other-process-2,3d,4.0
2026-10-05T10:22:24,2420,dwm,3d,5.4
2026-10-05T10:22:24,41928,python,3d,96.8
2026-10-05T10:22:34,11600,other-process-1,3d,1.5
2026-10-05T10:22:34,17768,other-process-2,3d,5.7
2026-10-05T10:22:34,2420,dwm,3d,9.8
2026-10-05T10:22:34,41928,python,3d,104.0
2026-10-05T10:22:43,11600,other-process-1,3d,1.9
2026-10-05T10:22:43,17768,other-process-2,3d,6.2
2026-10-05T10:22:43,2420,dwm,3d,12.2
2026-10-05T10:22:43,41928,python,3d,81.9
2026-10-05T10:22:53,11600,other-process-1,3d,1.5
2026-10-05T10:22:53,17768,other-process-2,3d,5.6
2026-10-05T10:22:53,2420,dwm,3d,9.6
2026-10-05T10:22:53,41928,python,3d,64.3
2026-10-05T10:23:03,17768,other-process-2,3d,3.5
2026-10-05T10:23:03,2420,dwm,3d,4.5
2026-10-05T10:23:03,41928,python,3d,67.6
2026-10-05T10:23:13,11600,other-process-1,3d,1.3
2026-10-05T10:23:13,17768,other-process-2,3d,13.1
2026-10-05T10:23:13,2420,dwm,3d,9.2
2026-10-05T10:23:13,41928,python,3d,85.8
2026-10-05T10:23:22,11600,other-process-1,3d,2.0
2026-10-05T10:23:22,17768,other-process-2,3d,6.8
2026-10-05T10:23:22,2420,dwm,3d,12.2
2026-10-05T10:23:22,41928,python,3d,80.9
2026-10-05T10:23:32,11600,other-process-1,3d,1.5
2026-10-05T10:23:32,17768,other-process-2,3d,5.9
2026-10-05T10:23:32,2420,dwm,3d,8.8
2026-10-05T10:23:32,41928,python,3d,86.8
2026-10-05T10:23:42,11600,other-process-1,3d,1.6
2026-10-05T10:23:42,17768,other-process-2,3d,5.1
2026-10-05T10:23:42,2420,dwm,3d,9.8
2026-10-05T10:23:42,41928,python,3d,84.3
2026-10-05T10:23:52,11600,other-process-1,3d,1.9
2026-10-05T10:23:52,17768,other-process-2,3d,6.3
2026-10-05T10:23:52,2420,dwm,3d,12.4
2026-10-05T10:23:52,41928,python,3d,80.3
2026-10-05T10:24:02,11600,other-process-1,3d,2.0
2026-10-05T10:24:02,17768,other-process-2,3d,6.8
2026-10-05T10:24:02,2420,dwm,3d,12.4
2026-10-05T10:24:02,41928,python,3d,80.1
2026-10-05T10:24:12,11600,other-process-1,3d,1.0
2026-10-05T10:24:12,17768,other-process-2,3d,4.6
2026-10-05T10:24:12,2420,dwm,3d,6.3
2026-10-05T10:24:12,41928,python,3d,90.5
2026-10-05T10:24:22,11600,other-process-1,3d,2.1
2026-10-05T10:24:22,17768,other-process-2,3d,9.4
2026-10-05T10:24:22,2420,dwm,3d,12.6
2026-10-05T10:24:22,41928,python,3d,79.4
2026-10-05T10:24:32,11600,other-process-1,3d,1.2
2026-10-05T10:24:32,17768,other-process-2,3d,4.1
2026-10-05T10:24:32,2420,dwm,3d,7.3
2026-10-05T10:24:32,41928,python,3d,88.0
2026-10-05T10:24:32,4,System,copy,6.4
2026-10-05T10:24:43,11600,other-process-1,3d,1.9
2026-10-05T10:24:43,17768,other-process-2,3d,7.1
2026-10-05T10:24:43,2420,dwm,3d,12.8
2026-10-05T10:24:43,41928,python,3d,80.2
2026-10-05T10:24:53,11600,other-process-1,3d,1.9
2026-10-05T10:24:53,17768,other-process-2,3d,7.1
2026-10-05T10:24:53,2420,dwm,3d,12.6
2026-10-05T10:24:53,41928,python,3d,80.2
2026-10-05T10:25:03,11600,other-process-1,3d,1.1
2026-10-05T10:25:03,17768,other-process-2,3d,3.7
2026-10-05T10:25:03,2420,dwm,3d,6.1
2026-10-05T10:25:03,41928,python,3d,90.7
2026-10-05T10:25:12,11600,other-process-1,3d,1.8
2026-10-05T10:25:12,17768,other-process-2,3d,6.0
2026-10-05T10:25:12,2420,dwm,3d,11.9
2026-10-05T10:25:12,41928,python,3d,89.2
2026-10-05T10:25:22,11600,other-process-1,3d,5.7
2026-10-05T10:25:22,17768,other-process-2,3d,12.2
2026-10-05T10:25:22,2420,dwm,3d,12.7
2026-10-05T10:25:22,4,System,copy,1.4
2026-10-05T10:25:32,11600,other-process-1,3d,5.2
2026-10-05T10:25:32,17768,other-process-2,3d,13.2
2026-10-05T10:25:32,2420,dwm,3d,11.6
2026-10-05T10:25:43,11600,other-process-1,3d,9.5
2026-10-05T10:25:43,17768,other-process-2,3d,17.1
2026-10-05T10:25:43,2420,dwm,3d,22.0
2026-10-05T10:25:52,11600,other-process-1,3d,6.2
2026-10-05T10:25:52,17768,other-process-2,3d,16.2
2026-10-05T10:25:52,2420,dwm,3d,17.1
2026-10-05T10:26:03,11600,other-process-1,3d,8.9
2026-10-05T10:26:03,17768,other-process-2,3d,18.3
2026-10-05T10:26:03,2420,dwm,3d,22.2
2026-10-05T10:26:13,11600,other-process-1,3d,8.4
2026-10-05T10:26:13,17768,other-process-2,3d,15.4
2026-10-05T10:26:13,2420,dwm,3d,21.0
2026-10-05T10:26:23,11600,other-process-1,3d,7.2
2026-10-05T10:26:23,17768,other-process-2,3d,13.7
2026-10-05T10:26:23,2420,dwm,3d,21.1
2026-10-05T10:26:34,11600,other-process-1,3d,4.4
2026-10-05T10:26:34,17768,other-process-2,3d,19.6
2026-10-05T10:26:34,2420,dwm,3d,11.7
2026-10-05T10:26:44,11600,other-process-1,3d,9.5
2026-10-05T10:26:44,17768,other-process-2,3d,16.1
2026-10-05T10:26:44,2420,dwm,3d,19.2
2026-10-05T10:26:55,11600,other-process-1,3d,8.6
2026-10-05T10:26:55,17768,other-process-2,3d,17.9
2026-10-05T10:26:55,2420,dwm,3d,17.8
2026-10-05T10:27:06,11600,other-process-1,3d,6.9
2026-10-05T10:27:06,17768,other-process-2,3d,18.5
2026-10-05T10:27:06,2420,dwm,3d,15.3
2026-10-05T10:27:17,11600,other-process-1,3d,6.5
2026-10-05T10:27:17,17768,other-process-2,3d,17.0
2026-10-05T10:27:17,2420,dwm,3d,15.7
2026-10-05T10:27:27,11600,other-process-1,3d,10.1
2026-10-05T10:27:27,17768,other-process-2,3d,16.0
2026-10-05T10:27:27,2420,dwm,3d,21.9
2026-10-05T10:27:38,11600,other-process-1,3d,5.9
2026-10-05T10:27:38,17768,other-process-2,3d,15.3
2026-10-05T10:27:38,2420,dwm,3d,16.1
2026-10-05T10:27:48,11600,other-process-1,3d,7.0
2026-10-05T10:27:48,17768,other-process-2,3d,14.5
2026-10-05T10:27:48,2420,dwm,3d,14.8
2026-10-05T10:27:58,11600,other-process-1,3d,6.7
2026-10-05T10:27:58,17768,other-process-2,3d,17.7
2026-10-05T10:27:58,2420,dwm,3d,18.6
2026-10-05T10:28:09,11600,other-process-1,3d,5.2
2026-10-05T10:28:09,17768,other-process-2,3d,18.2
2026-10-05T10:28:09,2420,dwm,3d,11.6
2026-10-05T10:28:19,11600,other-process-1,3d,8.4
2026-10-05T10:28:19,17768,other-process-2,3d,17.6
2026-10-05T10:28:19,2420,dwm,3d,21.8
2026-10-05T10:28:29,11600,other-process-1,3d,7.6
2026-10-05T10:28:29,17768,other-process-2,3d,15.5
2026-10-05T10:28:29,2420,dwm,3d,16.3
2026-10-05T10:28:40,11600,other-process-1,3d,5.1
2026-10-05T10:28:40,17768,other-process-2,3d,15.4
2026-10-05T10:28:40,2420,dwm,3d,11.5
2026-10-05T10:28:50,11600,other-process-1,3d,7.8
2026-10-05T10:28:50,17768,other-process-2,3d,15.1
2026-10-05T10:28:50,2420,dwm,3d,17.5
2026-10-05T10:29:00,11600,other-process-1,3d,5.2
2026-10-05T10:29:00,17768,other-process-2,3d,17.9
2026-10-05T10:29:00,2420,dwm,3d,11.7
2026-10-05T10:29:11,11600,other-process-1,3d,5.4
2026-10-05T10:29:11,17768,other-process-2,3d,14.6
2026-10-05T10:29:11,2420,dwm,3d,11.7
2026-10-05T10:29:21,11600,other-process-1,3d,4.6
2026-10-05T10:29:21,17768,other-process-2,3d,23.4
2026-10-05T10:29:21,2420,dwm,3d,10.4
2026-10-05T10:29:32,11600,other-process-1,3d,4.5
2026-10-05T10:29:32,17768,other-process-2,3d,17.6
2026-10-05T10:29:32,2420,dwm,3d,10.4
2026-10-05T10:29:43,11600,other-process-1,3d,8.4
2026-10-05T10:29:43,17768,other-process-2,3d,18.1
2026-10-05T10:29:43,2420,dwm,3d,18.2
2026-10-05T10:29:54,11600,other-process-1,3d,5.6
2026-10-05T10:29:54,17768,other-process-2,3d,14.3
2026-10-05T10:29:54,2420,dwm,3d,11.7
2026-10-05T10:30:05,11600,other-process-1,3d,7.1
2026-10-05T10:30:05,17768,other-process-2,3d,16.4
2026-10-05T10:30:05,2420,dwm,3d,15.7
2026-10-05T10:30:15,11600,other-process-1,3d,3.9
2026-10-05T10:30:15,17768,other-process-2,3d,23.7
2026-10-05T10:30:15,2420,dwm,3d,13.4
2026-10-05T10:30:25,11600,other-process-1,3d,5.1
2026-10-05T10:30:25,17768,other-process-2,3d,17.7
2026-10-05T10:30:25,2420,dwm,3d,13.6
2026-10-05T10:30:36,11600,other-process-1,3d,5.3
2026-10-05T10:30:36,17768,other-process-2,3d,18.6
2026-10-05T10:30:36,2420,dwm,3d,12.6
2026-10-05T10:30:46,11600,other-process-1,3d,7.5
2026-10-05T10:30:46,17768,other-process-2,3d,20.0
2026-10-05T10:30:46,2420,dwm,3d,18.0
2026-10-05T10:30:56,11600,other-process-1,3d,7.6
2026-10-05T10:30:56,17768,other-process-2,3d,16.3
2026-10-05T10:30:56,2420,dwm,3d,21.1
2026-10-05T10:31:06,11600,other-process-1,3d,9.0
2026-10-05T10:31:06,17768,other-process-2,3d,15.8
2026-10-05T10:31:06,2420,dwm,3d,22.0
2026-10-05T10:31:16,11600,other-process-1,3d,6.6
2026-10-05T10:31:16,17768,other-process-2,3d,15.4
2026-10-05T10:31:16,2420,dwm,3d,21.8
2026-10-05T10:31:27,11600,other-process-1,3d,4.5
2026-10-05T10:31:27,17768,other-process-2,3d,16.4
2026-10-05T10:31:27,2420,dwm,3d,13.5
2026-10-05T10:31:38,11600,other-process-1,3d,6.0
2026-10-05T10:31:38,17768,other-process-2,3d,13.1
2026-10-05T10:31:38,2420,dwm,3d,15.9
2026-10-05T10:31:48,11600,other-process-1,3d,5.4
2026-10-05T10:31:48,17768,other-process-2,3d,7.8
2026-10-05T10:31:48,2420,dwm,3d,11.6
2026-10-05T10:31:58,11600,other-process-1,3d,5.4
2026-10-05T10:31:58,17768,other-process-2,3d,18.2
2026-10-05T10:31:58,2420,dwm,3d,14.8
2026-10-05T10:32:08,11600,other-process-1,3d,6.4
2026-10-05T10:32:08,17768,other-process-2,3d,6.9
2026-10-05T10:32:08,2420,dwm,3d,13.5
2026-10-05T10:32:19,11600,other-process-1,3d,6.9
2026-10-05T10:32:19,17768,other-process-2,3d,20.1
2026-10-05T10:32:19,2420,dwm,3d,16.0
2026-10-05T10:32:29,11600,other-process-1,3d,7.0
2026-10-05T10:32:29,17768,other-process-2,3d,3.6
2026-10-05T10:32:29,2420,dwm,3d,16.5
2026-10-05T10:32:39,11600,other-process-1,3d,6.1
2026-10-05T10:32:39,17768,other-process-2,3d,2.7
2026-10-05T10:32:39,2420,dwm,3d,12.1
2026-10-05T10:32:48,11600,other-process-1,3d,7.9
2026-10-05T10:32:48,17768,other-process-2,3d,2.6
2026-10-05T10:32:48,2420,dwm,3d,16.3
2026-10-05T10:32:58,11600,other-process-1,3d,5.5
2026-10-05T10:32:58,17768,other-process-2,3d,2.1
2026-10-05T10:32:58,2420,dwm,3d,11.8
2026-10-05T10:33:07,11600,other-process-1,3d,8.7
2026-10-05T10:33:07,17768,other-process-2,3d,2.0
2026-10-05T10:33:07,2420,dwm,3d,16.1
2026-10-05T10:33:17,11600,other-process-1,3d,4.6
2026-10-05T10:33:17,17768,other-process-2,3d,2.0
2026-10-05T10:33:17,2420,dwm,3d,11.9
2026-10-05T10:33:26,11600,other-process-1,3d,8.2
2026-10-05T10:33:26,17768,other-process-2,3d,4.7
2026-10-05T10:33:26,2420,dwm,3d,15.6
2026-10-05T10:33:35,11600,other-process-1,3d,1.9
2026-10-05T10:33:45,,,none,0
2026-10-05T10:33:54,11600,other-process-1,3d,1.7
2026-10-05T10:34:03,,,none,0
2026-10-05T10:34:12,,,none,0
2026-10-05T10:34:20,,,none,0
2026-10-05T10:34:29,11600,other-process-1,3d,1.4
2026-10-05T10:34:38,11600,other-process-1,3d,2.0
2026-10-05T10:34:47,,,none,0
2026-10-05T10:34:56,11600,other-process-1,3d,1.1
2026-10-05T10:35:05,11600,other-process-1,3d,1.9
2026-10-05T10:35:14,,,none,0
2026-10-05T10:35:23,,,none,0
2026-10-05T10:35:32,,,none,0
2026-10-05T10:35:41,11600,other-process-1,3d,1.9
2026-10-05T10:35:50,,,none,0
2026-10-05T10:35:59,11600,other-process-1,3d,2.0
2026-10-05T10:36:08,,,none,0
2026-10-05T10:36:17,11600,other-process-1,3d,1.6
2026-10-05T10:36:25,11600,other-process-1,3d,1.8
2026-10-05T10:36:34,11600,other-process-1,3d,1.1
2026-10-05T10:36:43,11600,other-process-1,3d,1.9
2026-10-05T10:36:52,11600,other-process-1,3d,1.4
2026-10-05T10:37:00,,,none,0
2026-10-05T10:37:09,,,none,0
2026-10-05T10:37:18,11600,other-process-1,3d,1.9
2026-10-05T10:37:27,11600,other-process-1,3d,1.7
2026-10-05T10:37:35,11600,other-process-1,3d,1.2
2026-10-05T10:37:44,11600,other-process-1,3d,1.0
2026-10-05T10:37:53,,,none,0
2026-10-05T10:38:02,,,none,0
2026-10-05T10:38:11,,,none,0
2026-10-05T10:38:19,1856,other-process-4,3d,2.0
2026-10-05T10:38:28,,,none,0
2026-10-05T10:38:37,,,none,0
2026-10-05T10:38:46,,,none,0
2026-10-05T10:38:54,,,none,0
2026-10-05T10:39:03,,,none,0
2026-10-05T10:39:12,,,none,0
2026-10-05T10:39:21,,,none,0
2026-10-05T10:39:29,,,none,0
2026-10-05T10:39:38,,,none,0
2026-10-05T10:39:47,,,none,0
2026-10-05T10:39:56,,,none,0
2026-10-05T10:40:04,,,none,0
2026-10-05T10:40:13,,,none,0
2026-10-05T10:40:22,,,none,0
2026-10-05T10:40:31,,,none,0
2026-10-05T10:40:40,,,none,0
2026-10-05T10:40:48,,,none,0
2026-10-05T10:40:57,,,none,0
2026-10-05T10:41:06,,,none,0
2026-10-05T10:41:15,,,none,0
2026-10-05T10:41:23,,,none,0
2026-10-05T10:41:32,,,none,0
2026-10-05T10:41:41,,,none,0
2026-10-05T10:41:50,,,none,0
2026-10-05T10:41:58,,,none,0
2026-10-05T10:42:07,,,none,0
2026-10-05T10:42:16,,,none,0
2026-10-05T10:42:24,,,none,0
2026-10-05T10:42:33,,,none,0
2026-10-05T10:42:42,,,none,0
2026-10-05T10:42:50,,,none,0
2026-10-05T10:42:59,,,none,0
2026-10-05T10:43:08,,,none,0
2026-10-05T10:43:16,,,none,0
2026-10-05T10:43:25,,,none,0
2026-10-05T10:43:34,,,none,0
2026-10-05T10:43:42,,,none,0
2026-10-05T10:43:51,,,none,0
2026-10-05T10:44:00,,,none,0
2026-10-05T10:44:08,,,none,0
2026-10-05T10:44:17,,,none,0
2026-10-05T10:44:26,,,none,0
2026-10-05T10:44:34,,,none,0
2026-10-05T10:44:43,,,none,0
2026-10-05T10:44:52,,,none,0
2026-10-05T10:45:00,,,none,0
2026-10-05T10:45:09,,,none,0
2026-10-05T10:45:18,,,none,0
2026-10-05T10:45:26,,,none,0
2026-10-05T10:45:35,,,none,0
2026-10-05T10:45:44,,,none,0
2026-10-05T10:45:53,,,none,0
2026-10-05T10:46:01,,,none,0
2026-10-05T10:46:10,,,none,0
2026-10-05T10:46:18,,,none,0
2026-10-05T10:46:27,,,none,0
2026-10-05T10:46:36,,,none,0
2026-10-05T10:46:44,,,none,0
2026-10-05T10:46:53,,,none,0
2026-10-05T10:47:02,,,none,0
2026-10-05T10:47:10,,,none,0
2026-10-05T10:47:19,,,none,0
2026-10-05T10:47:28,,,none,0
2026-10-05T10:47:36,,,none,0
2026-10-05T10:47:45,11600,other-process-1,3d,4.9
2026-10-05T10:47:45,2420,dwm,3d,5.3
2026-10-05T10:47:54,11600,other-process-1,3d,2.9
2026-10-05T10:47:54,2420,dwm,3d,3.2
2026-10-05T10:48:02,11600,other-process-1,3d,1.9
2026-10-05T10:48:02,2420,dwm,3d,1.1
2026-10-05T10:48:11,11600,other-process-1,3d,6.2
2026-10-05T10:48:11,17768,other-process-2,3d,3.1
2026-10-05T10:48:11,2420,dwm,3d,21.0
2026-10-05T10:48:20,11600,other-process-1,3d,6.3
2026-10-05T10:48:20,17768,other-process-2,3d,2.1
2026-10-05T10:48:20,2420,dwm,3d,12.2
2026-10-05T10:48:29,17768,other-process-2,3d,5.9
2026-10-05T10:48:29,2420,dwm,3d,13.9
2026-10-05T10:48:38,17768,other-process-2,3d,2.4
2026-10-05T10:48:38,2420,dwm,3d,23.1
2026-10-05T10:48:47,17768,other-process-2,3d,2.9
2026-10-05T10:48:47,2420,dwm,3d,30.2
2026-10-05T10:48:55,17768,other-process-2,3d,3.1
2026-10-05T10:48:55,2420,dwm,3d,26.5
2026-10-05T10:49:04,17768,other-process-2,3d,4.3
2026-10-05T10:49:04,2420,dwm,3d,35.8
2026-10-05T10:49:13,17768,other-process-2,3d,3.6
2026-10-05T10:49:13,2420,dwm,3d,35.1
2026-10-05T10:49:21,17768,other-process-2,3d,4.2
2026-10-05T10:49:21,2420,dwm,3d,34.9
2026-10-05T10:49:30,17768,other-process-2,3d,3.8
2026-10-05T10:49:30,2420,dwm,3d,52.4
2026-10-05T10:49:39,17768,other-process-2,3d,3.8
2026-10-05T10:49:39,2420,dwm,3d,34.5
2026-10-05T10:49:48,17768,other-process-2,3d,4.1
2026-10-05T10:49:48,2420,dwm,3d,37.2
2026-10-05T10:49:57,17768,other-process-2,3d,3.3
2026-10-05T10:49:57,2420,dwm,3d,45.6
2026-10-05T10:50:05,17768,other-process-2,3d,2.8
2026-10-05T10:50:05,2420,dwm,3d,54.7
2026-10-05T10:50:14,17768,other-process-2,3d,2.2
2026-10-05T10:50:14,2420,dwm,3d,24.8
2026-10-05T10:50:23,17768,other-process-2,3d,2.5
2026-10-05T10:50:23,2420,dwm,3d,36.6
2026-10-05T10:50:32,17768,other-process-2,3d,3.0
2026-10-05T10:50:32,2420,dwm,3d,37.2
2026-10-05T10:50:40,17768,other-process-2,3d,3.0
2026-10-05T10:50:40,2420,dwm,3d,26.5
2026-10-05T10:50:49,17768,other-process-2,3d,3.5
2026-10-05T10:50:49,2420,dwm,3d,33.9
2026-10-05T10:50:58,17768,other-process-2,3d,3.5
2026-10-05T10:50:58,2420,dwm,3d,37.3
2026-10-05T10:51:07,17768,other-process-2,3d,3.7
2026-10-05T10:51:07,2420,dwm,3d,34.3
2026-10-05T10:51:15,17768,other-process-2,3d,3.6
2026-10-05T10:51:15,2420,dwm,3d,45.7
2026-10-05T10:51:24,17768,other-process-2,3d,4.7
2026-10-05T10:51:24,2420,dwm,3d,40.7
2026-10-05T10:51:33,17768,other-process-2,3d,4.4
2026-10-05T10:51:33,2420,dwm,3d,39.7
2026-10-05T10:51:42,17768,other-process-2,3d,3.2
2026-10-05T10:51:42,2420,dwm,3d,43.0
2026-10-05T10:51:50,17768,other-process-2,3d,3.7
2026-10-05T10:51:50,2420,dwm,3d,34.4
2026-10-05T10:51:59,17768,other-process-2,3d,2.8
2026-10-05T10:51:59,2420,dwm,3d,48.2
2026-10-05T10:52:08,17768,other-process-2,3d,2.9
2026-10-05T10:52:08,2420,dwm,3d,41.5
2026-10-05T10:52:17,17768,other-process-2,3d,2.7
2026-10-05T10:52:17,2420,dwm,3d,22.8
2026-10-05T10:52:25,17768,other-process-2,3d,3.1
2026-10-05T10:52:25,2420,dwm,3d,30.0
2026-10-05T10:52:34,17768,other-process-2,3d,3.0
2026-10-05T10:52:34,2420,dwm,3d,27.1
2026-10-05T10:52:43,17768,other-process-2,3d,3.7
2026-10-05T10:52:43,2420,dwm,3d,33.2
2026-10-05T10:52:52,17768,other-process-2,3d,3.8
2026-10-05T10:52:52,2420,dwm,3d,46.4
2026-10-05T10:53:01,17768,other-process-2,3d,3.9
2026-10-05T10:53:01,2420,dwm,3d,46.1
2026-10-05T10:53:09,17768,other-process-2,3d,3.7
2026-10-05T10:53:09,2420,dwm,3d,34.2
2026-10-05T10:53:18,17768,other-process-2,3d,3.8
2026-10-05T10:53:18,2420,dwm,3d,46.1
2026-10-05T10:53:27,17768,other-process-2,3d,3.9
2026-10-05T10:53:27,2420,dwm,3d,34.5
2026-10-05T10:53:36,17768,other-process-2,3d,3.1
2026-10-05T10:53:36,2420,dwm,3d,42.4
2026-10-05T10:53:44,17768,other-process-2,3d,3.0
2026-10-05T10:53:44,2420,dwm,3d,32.6
2026-10-05T10:53:53,17768,other-process-2,3d,2.7
2026-10-05T10:53:53,2420,dwm,3d,34.2
2026-10-05T10:54:02,17768,other-process-2,3d,2.6
2026-10-05T10:54:02,2420,dwm,3d,27.9
2026-10-05T10:54:11,17768,other-process-2,3d,3.0
2026-10-05T10:54:11,2420,dwm,3d,28.2
2026-10-05T10:54:19,17768,other-process-2,3d,3.0
2026-10-05T10:54:19,2420,dwm,3d,27.7
2026-10-05T10:54:28,17768,other-process-2,3d,3.5
2026-10-05T10:54:28,2420,dwm,3d,33.1
2026-10-05T10:54:37,17768,other-process-2,3d,3.4
2026-10-05T10:54:37,2420,dwm,3d,34.9
2026-10-05T10:54:46,17768,other-process-2,3d,3.9
2026-10-05T10:54:46,2420,dwm,3d,46.3
2026-10-05T10:54:54,17768,other-process-2,3d,3.8
2026-10-05T10:54:54,2420,dwm,3d,34.6
2026-10-05T10:55:03,17768,other-process-2,3d,4.2
2026-10-05T10:55:03,2420,dwm,3d,36.7
2026-10-05T10:55:12,17768,other-process-2,3d,3.7
2026-10-05T10:55:12,2420,dwm,3d,40.3
2026-10-05T10:55:21,17768,other-process-2,3d,3.3
2026-10-05T10:55:21,2420,dwm,3d,40.1
2026-10-05T10:55:29,17768,other-process-2,3d,3.4
2026-10-05T10:55:29,2420,dwm,3d,52.7
2026-10-05T10:55:38,17768,other-process-2,3d,2.5
2026-10-05T10:55:38,2420,dwm,3d,42.0
2026-10-05T10:55:47,17768,other-process-2,3d,2.8
2026-10-05T10:55:47,2420,dwm,3d,25.5
2026-10-05T10:55:56,17768,other-process-2,3d,2.6
2026-10-05T10:55:56,2420,dwm,3d,31.8
2026-10-05T10:56:04,17768,other-process-2,3d,3.0
2026-10-05T10:56:04,2420,dwm,3d,27.0
2026-10-05T10:56:13,17768,other-process-2,3d,3.5
2026-10-05T10:56:13,2420,dwm,3d,30.0
2026-10-05T10:56:22,17768,other-process-2,3d,3.7
2026-10-05T10:56:22,2420,dwm,3d,34.1
2026-10-05T10:56:31,17768,other-process-2,3d,4.1
2026-10-05T10:56:31,2420,dwm,3d,34.4
2026-10-05T10:56:39,17768,other-process-2,3d,3.8
2026-10-05T10:56:39,2420,dwm,3d,34.5
2026-10-05T10:56:48,17768,other-process-2,3d,4.1
2026-10-05T10:56:48,2420,dwm,3d,34.1
2026-10-05T10:56:57,17768,other-process-2,3d,4.0
2026-10-05T10:56:57,2420,dwm,3d,34.5
2026-10-05T10:57:06,17768,other-process-2,3d,3.2
2026-10-05T10:57:06,2420,dwm,3d,39.6
2026-10-05T10:57:14,17768,other-process-2,3d,3.0
2026-10-05T10:57:14,2420,dwm,3d,38.0
2026-10-05T10:57:23,17768,other-process-2,3d,2.7
2026-10-05T10:57:23,2420,dwm,3d,36.6
2026-10-05T10:57:32,17768,other-process-2,3d,2.0
2026-10-05T10:57:32,2420,dwm,3d,25.0
2026-10-05T10:57:41,17768,other-process-2,3d,2.6
2026-10-05T10:57:41,2420,dwm,3d,46.5
2026-10-05T10:57:50,17768,other-process-2,3d,2.7
2026-10-05T10:57:50,2420,dwm,3d,34.6
2026-10-05T10:57:58,17768,other-process-2,3d,2.7
2026-10-05T10:57:58,2420,dwm,3d,29.4
2026-10-05T10:58:07,17768,other-process-2,3d,3.4
2026-10-05T10:58:07,2420,dwm,3d,29.7
2026-10-05T10:58:16,17768,other-process-2,3d,3.7
2026-10-05T10:58:16,2420,dwm,3d,52.8
2026-10-05T10:58:25,17768,other-process-2,3d,3.9
2026-10-05T10:58:25,2420,dwm,3d,51.4
2026-10-05T10:58:33,17768,other-process-2,3d,3.8
2026-10-05T10:58:33,2420,dwm,3d,34.8
2026-10-05T10:58:42,17768,other-process-2,3d,3.7
2026-10-05T10:58:42,2420,dwm,3d,34.3
2026-10-05T10:58:51,17768,other-process-2,3d,3.7
2026-10-05T10:58:51,2420,dwm,3d,41.3
2026-10-05T10:59:00,17768,other-process-2,3d,3.2
2026-10-05T10:59:00,2420,dwm,3d,34.4
2026-10-05T10:59:08,17768,other-process-2,3d,3.3
2026-10-05T10:59:08,2420,dwm,3d,50.0
2026-10-05T10:59:17,17768,other-process-2,3d,2.3
2026-10-05T10:59:17,2420,dwm,3d,40.1
2026-10-05T10:59:26,17768,other-process-2,3d,2.5
2026-10-05T10:59:26,2420,dwm,3d,38.5
2026-10-05T10:59:35,17768,other-process-2,3d,2.8
2026-10-05T10:59:35,2420,dwm,3d,25.9
2026-10-05T10:59:43,17768,other-process-2,3d,3.2
2026-10-05T10:59:43,2420,dwm,3d,40.4
2026-10-05T10:59:52,17768,other-process-2,3d,3.2
2026-10-05T10:59:52,2420,dwm,3d,39.6
2026-10-05T11:00:01,17768,other-process-2,3d,4.0
2026-10-05T11:00:01,2420,dwm,3d,33.6
2026-10-05T11:00:10,17768,other-process-2,3d,4.0
2026-10-05T11:00:10,2420,dwm,3d,34.9
2026-10-05T11:00:19,17768,other-process-2,3d,3.8
2026-10-05T11:00:19,2420,dwm,3d,34.3
2026-10-05T11:00:27,17768,other-process-2,3d,3.9
2026-10-05T11:00:27,2420,dwm,3d,37.2
2026-10-05T11:00:36,17768,other-process-2,3d,3.8
2026-10-05T11:00:36,2420,dwm,3d,50.4
2026-10-05T11:00:45,17768,other-process-2,3d,3.5
2026-10-05T11:00:45,2420,dwm,3d,46.8
2026-10-05T11:00:53,17768,other-process-2,3d,3.2
2026-10-05T11:00:53,2420,dwm,3d,40.1
2026-10-05T11:01:02,17768,other-process-2,3d,2.7
2026-10-05T11:01:02,2420,dwm,3d,39.5
2026-10-05T11:01:11,17768,other-process-2,3d,2.5
2026-10-05T11:01:11,2420,dwm,3d,25.0
2026-10-05T11:01:20,17768,other-process-2,3d,2.8
2026-10-05T11:01:20,2420,dwm,3d,28.5
2026-10-05T11:01:28,17768,other-process-2,3d,2.5
2026-10-05T11:01:28,2420,dwm,3d,23.1
2026-10-05T11:01:37,17768,other-process-2,3d,3.3
2026-10-05T11:01:37,2420,dwm,3d,38.4
2026-10-05T11:01:46,17768,other-process-2,3d,3.8
2026-10-05T11:01:46,2420,dwm,3d,35.8
2026-10-05T11:01:55,17768,other-process-2,3d,3.6
2026-10-05T11:01:55,2420,dwm,3d,36.4
2026-10-05T11:02:03,17768,other-process-2,3d,4.1
2026-10-05T11:02:03,2420,dwm,3d,46.7
2026-10-05T11:02:12,17768,other-process-2,3d,3.9
2026-10-05T11:02:12,2420,dwm,3d,46.4
2026-10-05T11:02:21,17768,other-process-2,3d,4.4
2026-10-05T11:02:21,2420,dwm,3d,39.5
2026-10-05T11:02:30,17768,other-process-2,3d,3.3
2026-10-05T11:02:30,2420,dwm,3d,53.7
2026-10-05T11:02:38,17768,other-process-2,3d,3.4
2026-10-05T11:02:38,2420,dwm,3d,37.3
2026-10-05T11:02:47,17768,other-process-2,3d,2.4
2026-10-05T11:02:47,2420,dwm,3d,36.9
2026-10-05T11:02:56,17768,other-process-2,3d,2.6
2026-10-05T11:02:56,2420,dwm,3d,22.6
2026-10-05T11:03:05,17768,other-process-2,3d,2.8
2026-10-05T11:03:05,2420,dwm,3d,22.2
2026-10-05T11:03:13,17768,other-process-2,3d,3.0
2026-10-05T11:03:13,2420,dwm,3d,28.7
2026-10-05T11:03:22,17768,other-process-2,3d,4.1
2026-10-05T11:03:22,2420,dwm,3d,48.9
2026-10-05T11:03:31,,,none,0
2026-10-05T11:03:39,,,none,0
2026-10-05T11:03:48,,,none,0
2026-10-05T11:03:57,,,none,0
2026-10-05T11:04:05,,,none,0
2026-10-05T11:04:14,,,none,0
2026-10-05T11:04:22,,,none,0
2026-10-05T11:04:31,,,none,0
2026-10-05T11:04:40,,,none,0
2026-10-05T11:04:48,,,none,0
2026-10-05T11:04:57,,,none,0
2026-10-05T11:05:06,,,none,0
2026-10-05T11:05:14,,,none,0
2026-10-05T11:05:23,,,none,0
2026-10-05T11:05:31,,,none,0
2026-10-05T11:05:40,,,none,0
2026-10-05T11:05:49,,,none,0
2026-10-05T11:05:58,,,none,0
2026-10-05T11:06:06,,,none,0
2026-10-05T11:06:15,,,none,0
2026-10-05T11:06:23,,,none,0
2026-10-05T11:06:32,,,none,0
2026-10-05T11:06:41,,,none,0
2026-10-05T11:06:49,,,none,0
2026-10-05T11:06:58,,,none,0
2026-10-05T11:07:06,,,none,0
2026-10-05T11:07:15,,,none,0
2026-10-05T11:07:24,,,none,0
2026-10-05T11:07:32,,,none,0
2026-10-05T11:07:41,,,none,0
2026-10-05T11:07:50,,,none,0
2026-10-05T11:07:58,,,none,0
2026-10-05T11:08:07,,,none,0
2026-10-05T11:08:15,,,none,0
2026-10-05T11:08:24,,,none,0
2026-10-05T11:08:33,,,none,0
2026-10-05T11:08:41,,,none,0
2026-10-05T11:08:50,,,none,0
2026-10-05T11:08:58,,,none,0
2026-10-05T11:09:07,,,none,0
2026-10-05T11:09:16,,,none,0
2026-10-05T11:09:24,,,none,0
2026-10-05T11:09:33,,,none,0
2026-10-05T11:09:42,,,none,0
2026-10-05T11:09:50,,,none,0
2026-10-05T11:09:59,,,none,0
2026-10-05T11:10:07,,,none,0
2026-10-05T11:10:16,,,none,0
2026-10-05T11:10:25,,,none,0
2026-10-05T11:10:33,,,none,0
2026-10-05T11:10:42,,,none,0
2026-10-05T11:10:51,,,none,0
2026-10-05T11:10:59,,,none,0
2026-10-05T11:11:08,,,none,0
2026-10-05T11:11:16,,,none,0
2026-10-05T11:11:25,,,none,0
2026-10-05T11:11:34,,,none,0
2026-10-05T11:11:42,,,none,0
2026-10-05T11:11:51,,,none,0
2026-10-05T11:12:00,,,none,0
2026-10-05T11:12:08,,,none,0
2026-10-05T11:12:17,,,none,0
2026-10-05T11:12:25,,,none,0
2026-10-05T11:12:34,,,none,0
2026-10-05T11:12:43,,,none,0
2026-10-05T11:12:51,,,none,0
2026-10-05T11:13:00,,,none,0
2026-10-05T11:13:09,,,none,0
2026-10-05T11:13:17,,,none,0
2026-10-05T11:13:26,,,none,0
2026-10-05T11:13:34,,,none,0
2026-10-05T11:13:43,,,none,0
2026-10-05T11:13:52,,,none,0
2026-10-05T11:14:00,,,none,0
2026-10-05T11:14:09,,,none,0
2026-10-05T11:14:18,,,none,0
2026-10-05T11:14:26,,,none,0
2026-10-05T11:14:35,,,none,0
2026-10-05T11:14:43,,,none,0
2026-10-05T11:14:52,,,none,0
2026-10-05T11:15:01,,,none,0
2026-10-05T11:15:09,,,none,0
2026-10-05T11:15:18,42180,python,3d,197.3
2026-10-05T11:15:18,4,System,copy,3.0
2026-10-05T11:15:27,42180,python,3d,99.4
2026-10-05T11:15:27,4,System,copy,3.0
2026-10-05T11:15:36,42180,python,3d,199.1
2026-10-05T11:15:36,4,System,copy,3.0
2026-10-05T11:15:45,42180,python,3d,157.1
2026-10-05T11:15:45,4,System,copy,2.9
2026-10-05T11:15:54,42180,python,3d,98.2
2026-10-05T11:16:02,4,System,copy,2.9
2026-10-05T11:16:11,42180,python,3d,198.4
2026-10-05T11:16:11,4,System,copy,3.0
2026-10-05T11:16:20,,,none,0
2026-10-05T11:16:29,4,System,copy,2.9
2026-10-05T11:16:38,42180,python,3d,197.4
2026-10-05T11:16:47,42180,python,3d,98.9
2026-10-05T11:16:56,42180,python,3d,198.6
2026-10-05T11:16:56,4,System,copy,2.9
2026-10-05T11:17:04,42180,python,3d,98.5
2026-10-05T11:17:04,4,System,copy,2.9
2026-10-05T11:17:13,42180,python,3d,98.1
2026-10-05T11:17:22,4,System,copy,3.2
2026-10-05T11:17:31,42180,python,3d,197.9
2026-10-05T11:17:31,4,System,copy,2.9
2026-10-05T11:17:40,,,none,0
2026-10-05T11:17:49,,,none,0
2026-10-05T11:17:58,38516,python,3d,98.1
2026-10-05T11:18:07,38516,python,3d,98.6
2026-10-05T11:18:15,38516,python,3d,184.5
2026-10-05T11:18:24,,,none,0
2026-10-05T11:18:33,38516,python,3d,98.9
2026-10-05T11:18:42,,,none,0
2026-10-05T11:18:51,38516,python,3d,198.3
2026-10-05T11:18:51,4,System,copy,2.9
2026-10-05T11:19:00,38516,python,3d,150.9
2026-10-05T11:19:08,4,System,copy,1.3
2026-10-05T11:19:17,38516,python,3d,99.3
2026-10-05T11:19:17,4,System,copy,2.9
2026-10-05T11:19:26,38516,python,3d,99.7
2026-10-05T11:19:26,4,System,copy,3.0
2026-10-05T11:19:35,38516,python,3d,98.5
2026-10-05T11:19:44,4,System,copy,3.0
2026-10-05T11:19:53,38516,python,3d,98.2
2026-10-05T11:19:53,4,System,copy,3.0
2026-10-05T11:20:02,4,System,copy,2.9
2026-10-05T11:20:10,38516,python,3d,197.0
2026-10-05T11:20:19,38516,python,3d,99.0
2026-10-05T11:20:19,4,System,copy,2.9
2026-10-05T11:20:28,,,none,0
2026-10-05T11:20:37,,,none,0
2026-10-05T11:20:46,41704,python,3d,97.8
2026-10-05T11:20:46,4,System,copy,2.9
2026-10-05T11:20:55,41704,python,3d,99.4
2026-10-05T11:21:03,,,none,0
2026-10-05T11:21:12,41704,python,3d,99.3
2026-10-05T11:21:12,4,System,copy,3.0
2026-10-05T11:21:21,4,System,copy,3.0
2026-10-05T11:21:30,,,none,0
2026-10-05T11:21:39,41704,python,3d,98.6
2026-10-05T11:21:48,4,System,copy,2.9
2026-10-05T11:21:57,41704,python,3d,99.0
2026-10-05T11:21:57,4,System,copy,3.0
2026-10-05T11:22:05,41704,python,3d,98.3
2026-10-05T11:22:14,41704,python,3d,98.0
2026-10-05T11:22:14,4,System,copy,3.1
2026-10-05T11:22:23,,,none,0
2026-10-05T11:22:32,41704,python,3d,99.4
2026-10-05T11:22:41,,,none,0
2026-10-05T11:22:50,41704,python,3d,195.8
2026-10-05T11:22:50,4,System,copy,3.0
2026-10-05T11:22:59,41704,python,3d,98.6
2026-10-05T11:23:08,,,none,0
2026-10-05T11:23:16,4,System,copy,5.9
2026-10-05T11:23:25,,,none,0
2026-10-05T11:23:34,,,none,0
2026-10-05T11:23:43,,,none,0
2026-10-05T11:23:51,,,none,0
2026-10-05T11:24:00,,,none,0
2026-10-05T11:24:08,,,none,0
2026-10-05T11:24:17,,,none,0
2026-10-05T11:24:26,,,none,0
2026-10-05T11:24:34,,,none,0
2026-10-05T11:24:43,,,none,0
2026-10-05T11:24:52,,,none,0
2026-10-05T11:25:00,,,none,0
2026-10-05T11:25:09,,,none,0
2026-10-05T11:25:18,,,none,0
2026-10-05T11:25:26,,,none,0
2026-10-05T11:25:35,,,none,0
2026-10-05T11:25:44,,,none,0
2026-10-05T11:25:52,,,none,0
2026-10-05T11:26:01,,,none,0
2026-10-05T11:26:10,,,none,0
2026-10-05T11:26:18,,,none,0
2026-10-05T11:26:27,,,none,0
2026-10-05T11:26:36,,,none,0
2026-10-05T11:26:44,,,none,0
2026-10-05T11:26:53,,,none,0
2026-10-05T11:27:02,,,none,0
2026-10-05T11:27:10,,,none,0
2026-10-05T11:27:19,,,none,0
2026-10-05T11:27:28,,,none,0
2026-10-05T11:27:36,,,none,0
2026-10-05T11:27:45,,,none,0
2026-10-05T11:27:53,,,none,0
2026-10-05T11:28:02,,,none,0
2026-10-05T11:28:11,,,none,0
2026-10-05T11:28:19,,,none,0
2026-10-05T11:28:28,,,none,0
2026-10-05T11:28:36,,,none,0
2026-10-05T11:28:45,,,none,0
2026-10-05T11:28:54,,,none,0
2026-10-05T11:29:02,,,none,0
2026-10-05T11:29:11,,,none,0
2026-10-05T11:29:19,,,none,0
2026-10-05T11:29:28,,,none,0
2026-10-05T11:29:37,,,none,0
2026-10-05T11:29:45,,,none,0
2026-10-05T11:29:54,,,none,0
2026-10-05T11:30:03,,,none,0
2026-10-05T11:30:11,,,none,0
2026-10-05T11:30:20,,,none,0
2026-10-05T11:30:28,,,none,0
2026-10-05T11:30:37,,,none,0
2026-10-05T11:30:46,,,none,0
2026-10-05T11:30:54,,,none,0
2026-10-05T11:31:03,,,none,0
2026-10-05T11:31:12,,,none,0
2026-10-05T11:31:20,,,none,0
2026-10-05T11:31:29,,,none,0
2026-10-05T11:31:37,,,none,0
2026-10-05T11:31:46,,,none,0
2026-10-05T11:31:55,,,none,0
2026-10-05T11:32:03,,,none,0
2026-10-05T11:32:12,,,none,0
2026-10-05T11:32:20,,,none,0
2026-10-05T11:32:29,,,none,0
2026-10-05T11:32:38,,,none,0
2026-10-05T11:32:46,,,none,0
2026-10-05T11:32:55,,,none,0
2026-10-05T11:33:03,,,none,0
2026-10-05T11:33:12,,,none,0
2026-10-05T11:33:20,,,none,0
2026-10-05T11:33:29,,,none,0
2026-10-05T11:33:38,,,none,0
2026-10-05T11:33:46,,,none,0
2026-10-05T11:33:55,,,none,0
2026-10-05T11:34:03,,,none,0
2026-10-05T11:34:12,2420,dwm,3d,6.1
2026-10-05T11:34:21,,,none,0
2026-10-05T11:34:30,,,none,0
2026-10-05T11:34:39,,,none,0
2026-10-05T11:34:48,17768,other-process-2,3d,4.9
2026-10-05T11:34:48,2420,dwm,3d,16.4
2026-10-05T11:34:48,3252,other-process-1,3d,7.2
2026-10-05T11:34:56,,,none,0
2026-10-05T11:35:05,17768,other-process-2,3d,6.1
2026-10-05T11:35:05,2420,dwm,3d,20.7
2026-10-05T11:35:05,3252,other-process-1,3d,11.6
2026-10-05T11:35:14,2420,dwm,3d,1.9
2026-10-05T11:35:14,3252,other-process-1,3d,2.2
2026-10-05T11:35:14,4264,other-process-7,3d,2.4
2026-10-05T11:35:14,4,System,copy,2.5
2026-10-05T11:35:25,3252,other-process-1,3d,1.9
2026-10-05T11:35:36,3252,other-process-1,3d,5.8
2026-10-05T11:35:47,3252,other-process-1,3d,1.9
2026-10-05T11:35:58,3252,other-process-1,3d,4.2
2026-10-05T11:36:09,3252,other-process-1,3d,1.9
2026-10-05T11:36:20,3252,other-process-1,3d,1.9
2026-10-05T11:36:30,3252,other-process-1,3d,2.9
2026-10-05T11:36:41,,,none,0
2026-10-05T11:36:52,3252,other-process-1,3d,22.8
2026-10-05T11:37:03,2420,dwm,3d,1.3
2026-10-05T11:37:03,3252,other-process-1,3d,20.0
2026-10-05T11:37:03,4264,other-process-7,3d,1.1
2026-10-05T11:37:03,4,System,copy,1.8
2026-10-05T11:37:14,3252,other-process-1,3d,21.9
2026-10-05T11:37:14,4,System,copy,1.3
2026-10-05T11:37:25,3252,other-process-1,3d,28.6
2026-10-05T11:37:36,3252,other-process-1,3d,23.1
2026-10-05T11:37:36,4264,other-process-7,3d,1.7
2026-10-05T11:37:36,4,System,copy,1.4
2026-10-05T11:37:47,3252,other-process-1,3d,24.5
2026-10-05T11:37:57,3252,other-process-1,3d,23.6
2026-10-05T11:37:57,4,System,copy,1.1
2026-10-05T11:38:08,3252,other-process-1,3d,6.6
2026-10-05T11:38:08,4,System,copy,2.0
2026-10-05T11:38:20,20844,other-process-6,3d,3.5
2026-10-05T11:38:20,3252,other-process-1,3d,1.8
2026-10-05T11:38:30,20844,other-process-6,3d,2.5
2026-10-05T11:38:30,3252,other-process-1,3d,2.9
2026-10-05T11:38:30,4,System,copy,1.2
2026-10-05T11:38:41,20844,other-process-6,3d,5.2
2026-10-05T11:38:41,3252,other-process-1,3d,4.2
2026-10-05T11:38:41,4,System,copy,2.3
2026-10-05T11:38:52,3252,other-process-1,3d,21.3
2026-10-05T11:38:52,4,System,copy,1.6
2026-10-05T11:39:03,2420,dwm,3d,1.4
2026-10-05T11:39:03,3252,other-process-1,3d,17.3
2026-10-05T11:39:03,4264,other-process-7,3d,2.5
2026-10-05T11:39:03,4,System,copy,2.9
2026-10-05T11:39:14,3252,other-process-1,3d,26.5
2026-10-05T11:39:25,3252,other-process-1,3d,26.9
2026-10-05T11:39:35,3252,other-process-1,3d,26.1
2026-10-05T11:39:46,3252,other-process-1,3d,20.4
2026-10-05T11:39:57,3252,other-process-1,3d,22.7
2026-10-05T11:40:08,3252,other-process-1,3d,5.7
2026-10-05T11:40:19,3252,other-process-1,3d,26.8
2026-10-05T11:40:30,3252,other-process-1,3d,25.6
2026-10-05T11:40:40,3252,other-process-1,3d,25.2
2026-10-05T11:40:51,3252,other-process-1,3d,24.0
2026-10-05T11:41:02,3252,other-process-1,3d,22.9
2026-10-05T11:41:13,3252,other-process-1,3d,26.5
2026-10-05T11:41:24,3252,other-process-1,3d,21.1
2026-10-05T11:41:35,3252,other-process-1,3d,27.9
2026-10-05T11:41:46,3252,other-process-1,3d,23.9
2026-10-05T11:41:57,3252,other-process-1,3d,20.4
2026-10-05T11:41:57,4264,other-process-7,3d,1.1
2026-10-05T11:42:07,3252,other-process-1,3d,24.4
2026-10-05T11:42:07,4264,other-process-7,3d,1.4
2026-10-05T11:42:18,3252,other-process-1,3d,28.0
2026-10-05T11:42:18,4,System,copy,1.2
2026-10-05T11:42:29,3252,other-process-1,3d,26.4
2026-10-05T11:42:40,2420,dwm,3d,1.3
2026-10-05T11:42:40,3252,other-process-1,3d,21.4
2026-10-05T11:42:40,4264,other-process-7,3d,2.2
2026-10-05T11:42:51,3252,other-process-1,3d,28.2
2026-10-05T11:43:02,3252,other-process-1,3d,20.9
2026-10-05T11:43:12,3252,other-process-1,3d,19.6
2026-10-05T11:43:12,4264,other-process-7,3d,1.5
2026-10-05T11:43:23,3252,other-process-1,3d,20.0
2026-10-05T11:43:34,3252,other-process-1,3d,25.2
2026-10-05T11:43:45,3252,other-process-1,3d,21.0
2026-10-05T11:43:56,3252,other-process-1,3d,25.6
2026-10-05T11:44:07,3252,other-process-1,3d,23.4
2026-10-05T11:44:18,3252,other-process-1,3d,26.5
2026-10-05T11:44:28,2420,dwm,3d,1.1
2026-10-05T11:44:28,3252,other-process-1,3d,16.4
2026-10-05T11:44:28,4264,other-process-7,3d,2.4
2026-10-05T11:44:39,3252,other-process-1,3d,23.5
2026-10-05T11:44:50,3252,other-process-1,3d,26.2
2026-10-05T11:44:50,4,System,copy,1.4
2026-10-05T11:45:01,3252,other-process-1,3d,24.2
2026-10-05T11:45:12,3252,other-process-1,3d,24.5
2026-10-05T11:45:23,3252,other-process-1,3d,22.5
2026-10-05T11:45:33,3252,other-process-1,3d,23.3
2026-10-05T11:45:44,2420,dwm,3d,1.4
2026-10-05T11:45:44,3252,other-process-1,3d,19.1
2026-10-05T11:45:44,4264,other-process-7,3d,5.3
2026-10-05T11:45:44,4,System,copy,1.2
2026-10-05T11:45:55,3252,other-process-1,3d,24.0
2026-10-05T11:46:06,3252,other-process-1,3d,27.7
2026-10-05T11:46:17,3252,other-process-1,3d,17.9
2026-10-05T11:46:17,4264,other-process-7,3d,3.2
2026-10-05T11:46:28,2420,dwm,3d,1.1
2026-10-05T11:46:28,3252,other-process-1,3d,17.8
2026-10-05T11:46:28,4264,other-process-7,3d,1.1
2026-10-05T11:46:28,4,System,copy,1.2
2026-10-05T11:46:39,3252,other-process-1,3d,24.3
2026-10-05T11:46:50,3252,other-process-1,3d,21.4
2026-10-05T11:47:01,3252,other-process-1,3d,22.2
2026-10-05T11:47:01,4264,other-process-7,3d,2.7
2026-10-05T11:47:12,3252,other-process-1,3d,23.0
2026-10-05T11:47:12,4,System,copy,1.6
2026-10-05T11:47:23,3252,other-process-1,3d,28.6
2026-10-05T11:47:34,2420,dwm,3d,1.6
2026-10-05T11:47:34,3252,other-process-1,3d,18.8
2026-10-05T11:47:34,4264,other-process-7,3d,3.2
2026-10-05T11:47:44,20844,other-process-6,3d,2.0
2026-10-05T11:47:44,3252,other-process-1,3d,21.4
2026-10-05T11:47:44,4264,other-process-7,3d,2.1
2026-10-05T11:47:44,4,System,copy,4.4
2026-10-05T11:47:55,3252,other-process-1,3d,14.3
2026-10-05T11:47:55,4264,other-process-7,3d,1.5
2026-10-05T11:47:55,4,System,copy,3.0
2026-10-05T11:48:06,,,none,0
2026-10-05T11:48:17,,,none,0
2026-10-05T11:48:28,,,none,0
2026-10-05T11:48:39,3252,other-process-1,3d,6.7
2026-10-05T11:48:50,3252,other-process-1,3d,25.5
2026-10-05T11:49:01,2420,dwm,3d,1.9
2026-10-05T11:49:01,3252,other-process-1,3d,14.0
2026-10-05T11:49:01,4264,other-process-7,3d,5.1
2026-10-05T11:49:01,4,System,copy,4.7
2026-10-05T11:49:11,3252,other-process-1,3d,3.7
2026-10-05T11:49:11,4264,other-process-7,3d,1.1
2026-10-05T11:49:11,4,System,copy,1.4
2026-10-05T11:49:22,2420,dwm,3d,13.6
2026-10-05T11:49:22,3252,other-process-1,3d,8.2
2026-10-05T11:49:22,4264,other-process-7,3d,2.0
2026-10-05T11:49:22,4,System,copy,2.1
2026-10-05T11:49:33,3252,other-process-1,3d,24.2
2026-10-05T11:49:33,4,System,copy,1.2
2026-10-05T11:49:44,3252,other-process-1,3d,23.8
2026-10-05T11:49:55,3252,other-process-1,3d,28.8
2026-10-05T11:50:06,2420,dwm,3d,1.7
2026-10-05T11:50:06,3252,other-process-1,3d,20.3
2026-10-05T11:50:06,4264,other-process-7,3d,1.6
2026-10-05T11:50:06,4,System,copy,1.8
2026-10-05T11:50:17,3252,other-process-1,3d,27.1
2026-10-05T11:50:28,3252,other-process-1,3d,26.2
2026-10-05T11:50:38,3252,other-process-1,3d,25.6
2026-10-05T11:50:49,3252,other-process-1,3d,20.2
2026-10-05T11:50:49,4264,other-process-7,3d,1.9
2026-10-05T11:51:00,3252,other-process-1,3d,21.2
2026-10-05T11:51:11,3252,other-process-1,3d,21.0
2026-10-05T11:51:11,4264,other-process-7,3d,1.2
2026-10-05T11:51:22,3252,other-process-1,3d,24.3
2026-10-05T11:51:33,3252,other-process-1,3d,24.8
2026-10-05T11:51:44,3252,other-process-1,3d,26.2
2026-10-05T11:51:55,3252,other-process-1,3d,25.4
2026-10-05T11:51:55,4264,other-process-7,3d,1.9
2026-10-05T11:52:06,3252,other-process-1,3d,27.9
2026-10-05T11:52:17,3252,other-process-1,3d,23.2
2026-10-05T11:52:28,3252,other-process-1,3d,28.1
2026-10-05T11:52:39,3252,other-process-1,3d,23.3
2026-10-05T11:52:39,4264,other-process-7,3d,1.1
2026-10-05T11:52:50,3252,other-process-1,3d,28.3
2026-10-05T11:53:00,3252,other-process-1,3d,26.4
2026-10-05T11:53:11,3252,other-process-1,3d,21.0
2026-10-05T11:53:11,4264,other-process-7,3d,2.0
2026-10-05T11:53:22,3252,other-process-1,3d,23.0
2026-10-05T11:53:33,3252,other-process-1,3d,23.7
2026-10-05T11:53:44,3252,other-process-1,3d,26.1
2026-10-05T11:53:55,3252,other-process-1,3d,18.9
2026-10-05T11:54:05,3252,other-process-1,3d,25.6
2026-10-05T11:54:16,3252,other-process-1,3d,26.9
2026-10-05T11:54:27,3252,other-process-1,3d,23.5
2026-10-05T11:54:27,4264,other-process-7,3d,1.7
2026-10-05T11:54:38,3252,other-process-1,3d,24.6
2026-10-05T11:54:49,3252,other-process-1,3d,25.2
2026-10-05T11:55:00,3252,other-process-1,3d,27.3
2026-10-05T11:55:11,2420,dwm,3d,1.1
2026-10-05T11:55:11,3252,other-process-1,3d,20.9
2026-10-05T11:55:11,4264,other-process-7,3d,1.1
2026-10-05T11:55:22,3252,other-process-1,3d,23.8
2026-10-05T11:55:32,3252,other-process-1,3d,26.7
2026-10-05T11:55:43,3252,other-process-1,3d,22.2
2026-10-05T11:55:43,4264,other-process-7,3d,1.6
2026-10-05T11:55:54,3252,other-process-1,3d,24.3
2026-10-05T11:55:54,4264,other-process-7,3d,1.5
2026-10-05T11:56:05,3252,other-process-1,3d,22.4
2026-10-05T11:56:16,3252,other-process-1,3d,23.2
2026-10-05T11:56:27,2420,dwm,3d,1.0
2026-10-05T11:56:27,3252,other-process-1,3d,23.4
2026-10-05T11:56:27,4264,other-process-7,3d,3.7
2026-10-05T11:56:37,3252,other-process-1,3d,28.5
2026-10-05T11:56:48,3252,other-process-1,3d,26.3
2026-10-05T11:56:59,2420,dwm,3d,1.4
2026-10-05T11:56:59,3252,other-process-1,3d,19.4
2026-10-05T11:56:59,4264,other-process-7,3d,2.6
2026-10-05T11:56:59,4,System,copy,1.4
2026-10-05T11:57:10,2420,dwm,3d,1.1
2026-10-05T11:57:10,3252,other-process-1,3d,19.8
2026-10-05T11:57:10,4264,other-process-7,3d,1.1
2026-10-05T11:57:10,4,System,copy,1.2
2026-10-05T11:57:21,3252,other-process-1,3d,23.7
2026-10-05T11:57:32,3252,other-process-1,3d,22.4
2026-10-05T11:57:43,3252,other-process-1,3d,23.5
2026-10-05T11:57:54,3252,other-process-1,3d,21.9
2026-10-05T11:57:54,4264,other-process-7,3d,2.8
2026-10-05T11:57:54,4,System,copy,1.0
2026-10-05T11:58:04,3252,other-process-1,3d,24.6
2026-10-05T11:58:15,3252,other-process-1,3d,25.1
2026-10-05T11:58:26,2420,dwm,3d,1.1
2026-10-05T11:58:26,3252,other-process-1,3d,19.0
2026-10-05T11:58:26,4264,other-process-7,3d,2.3
2026-10-05T11:58:37,3252,other-process-1,3d,23.5
2026-10-05T11:58:48,3252,other-process-1,3d,28.1
2026-10-05T11:58:59,3252,other-process-1,3d,18.3
2026-10-05T11:58:59,4264,other-process-7,3d,2.9
2026-10-05T11:59:10,2420,dwm,3d,1.5
2026-10-05T11:59:10,3252,other-process-1,3d,18.3
2026-10-05T11:59:10,4264,other-process-7,3d,4.7
2026-10-05T11:59:10,4,System,copy,2.7
2026-10-05T11:59:21,3252,other-process-1,3d,23.7
2026-10-05T11:59:31,3252,other-process-1,3d,19.4
2026-10-05T11:59:31,4264,other-process-7,3d,1.8
2026-10-05T11:59:42,3252,other-process-1,3d,25.4
2026-10-05T11:59:53,3252,other-process-1,3d,28.4
2026-10-05T12:00:04,3252,other-process-1,3d,22.6
2026-10-05T12:00:04,4264,other-process-7,3d,3.4
2026-10-05T12:00:15,3252,other-process-1,3d,24.8
2026-10-05T12:00:25,3252,other-process-1,3d,25.1
2026-10-05T12:00:36,3252,other-process-1,3d,27.5
2026-10-05T12:00:47,3252,other-process-1,3d,23.4
2026-10-05T12:00:57,3252,other-process-1,3d,26.5
2026-10-08T12:24:59,45656,other-process-8,3d,2.5
2026-10-08T12:25:08,45656,other-process-8,3d,3.0
2026-10-08T12:25:16,45656,other-process-8,3d,2.9
2026-10-08T12:25:24,45656,other-process-8,3d,2.0
2026-10-08T12:25:32,45656,other-process-8,3d,2.0
2026-10-08T12:25:40,45656,other-process-8,3d,2.5
2026-10-08T12:25:48,45656,other-process-8,3d,1.1
2026-10-08T12:25:56,45656,other-process-8,3d,5.0
2026-10-08T12:26:04,45656,other-process-8,3d,2.5
2026-10-08T12:26:12,45656,other-process-8,3d,3.0
2026-10-08T12:26:21,45656,other-process-8,3d,3.0
2026-10-08T12:26:29,45656,other-process-8,3d,3.0
2026-10-08T12:26:37,45656,other-process-8,3d,5.0
2026-10-08T12:26:45,45656,other-process-8,3d,3.4
2026-10-08T12:26:53,45656,other-process-8,3d,3.0
2026-10-08T12:27:01,45656,other-process-8,3d,3.3
2026-10-08T12:27:09,45656,other-process-8,3d,2.0
2026-10-08T12:27:17,45656,other-process-8,3d,3.0
2026-10-08T12:27:25,45656,other-process-8,3d,3.1
2026-10-08T12:27:33,45656,other-process-8,3d,3.0
2026-10-08T12:27:41,45656,other-process-8,3d,2.0
2026-10-08T12:27:49,45656,other-process-8,3d,3.0
2026-10-08T12:27:57,45656,other-process-8,3d,3.6
2026-10-08T12:28:06,45656,other-process-8,3d,3.0
2026-10-08T12:28:14,45656,other-process-8,3d,3.6
2026-10-08T12:28:22,45656,other-process-8,3d,4.0
2026-10-08T12:28:30,,,none,0
2026-10-08T12:28:38,45656,other-process-8,3d,1.5
2026-10-08T12:28:46,45656,other-process-8,3d,1.1
2026-10-08T12:28:54,45656,other-process-8,3d,4.3
2026-10-08T12:29:02,45656,other-process-8,3d,4.8
2026-10-08T12:29:10,45656,other-process-8,3d,2.1
2026-10-08T12:29:18,45656,other-process-8,3d,4.0
2026-10-08T12:29:27,45656,other-process-8,3d,1.3
2026-10-08T12:29:35,21580,python,3d,5.8
2026-10-08T12:29:43,21580,python,3d,4.4
2026-10-08T12:29:43,45656,other-process-8,3d,2.3
2026-10-08T12:29:51,45656,other-process-8,3d,3.0
2026-10-08T12:29:59,,,none,0
2026-10-08T12:30:07,45656,other-process-8,3d,3.0
2026-10-08T12:30:16,45656,other-process-8,3d,3.0
2026-10-08T12:30:24,45656,other-process-8,3d,2.1
2026-10-08T12:30:32,45656,other-process-8,3d,3.0
2026-10-08T12:30:40,44348,python,3d,2.6
2026-10-08T12:30:40,45656,other-process-8,3d,2.0
2026-10-08T12:30:48,44348,python,3d,4.8
2026-10-08T12:30:48,45656,other-process-8,3d,2.0
2026-10-08T12:30:56,45656,other-process-8,3d,3.1
2026-10-08T12:31:04,45656,other-process-8,3d,3.0
2026-10-08T12:31:12,45656,other-process-8,3d,3.0
2026-10-08T12:31:20,45656,other-process-8,3d,3.5
2026-10-08T12:31:28,45656,other-process-8,3d,2.0
2026-10-08T12:31:36,45656,other-process-8,3d,2.4
2026-10-08T12:31:45,45656,other-process-8,3d,3.0
2026-10-08T12:31:53,45656,other-process-8,3d,3.0
2026-10-08T12:32:01,45656,other-process-8,3d,3.0
2026-10-08T12:32:09,45656,other-process-8,3d,2.0
2026-10-08T12:32:17,45656,other-process-8,3d,2.0
2026-10-08T12:32:25,,,none,0
2026-10-08T12:32:33,,,none,0
2026-10-08T12:32:42,,,none,0
2026-10-08T12:32:50,15468,python,3d,78.7
2026-10-08T12:32:50,4,System,copy,13.9
2026-10-08T12:32:58,15468,python,3d,97.4
2026-10-08T12:33:06,,,none,0
2026-10-08T12:33:14,,,none,0
2026-10-08T12:33:23,40056,python,3d,42.0
2026-10-08T12:33:23,4,System,copy,3.6
2026-10-08T12:33:31,4,System,copy,5.7
2026-10-08T12:33:39,28196,python,3d,95.3
2026-10-08T12:33:47,28196,python,3d,83.3
2026-10-08T12:33:55,,,none,0
2026-10-08T12:34:03,42992,python,3d,97.1
2026-10-08T12:34:03,4,System,copy,5.3
2026-10-08T12:34:12,42992,python,3d,48.7
2026-10-08T12:34:12,4,System,copy,14.2
2026-10-08T12:34:20,42992,python,3d,58.7
2026-10-08T12:34:28,42992,python,3d,102.0
2026-10-08T12:34:36,4,System,copy,26.9
2026-10-08T12:34:44,41816,python,3d,94.7
2026-10-08T12:34:52,41816,python,3d,83.9
2026-10-08T12:35:01,41816,python,3d,104.5
2026-10-08T12:35:01,4,System,copy,6.5
2026-10-08T12:35:09,41816,python,3d,95.0
2026-10-08T12:35:17,41816,python,3d,100.0
2026-10-08T12:35:17,4,System,copy,6.6
2026-10-08T12:35:26,41816,python,3d,84.2
2026-10-08T12:35:34,41816,python,3d,97.1
2026-10-08T12:35:42,41816,python,3d,98.8
2026-10-08T12:35:50,41816,python,3d,22.4
2026-10-08T12:35:50,4,System,copy,4.8
2026-10-08T12:35:59,41816,python,3d,102.7
2026-10-08T12:35:59,4,System,copy,6.4
2026-10-08T12:36:07,41816,python,3d,105.4
2026-10-08T12:36:15,41816,python,3d,99.8
2026-10-08T12:36:15,4,System,copy,6.5
2026-10-08T12:36:24,41816,python,3d,101.2
2026-10-08T12:36:32,41816,python,3d,93.2
2026-10-08T12:36:32,4,System,copy,1.9
2026-10-08T12:36:40,41816,python,3d,100.1
2026-10-08T12:36:48,41816,python,3d,100.9
2026-10-08T12:36:48,4,System,copy,1.8
2026-10-08T12:36:57,41816,python,3d,99.7
2026-10-08T12:37:05,41816,python,3d,84.6
2026-10-08T12:37:05,4,System,copy,6.5
2026-10-08T12:37:13,41816,python,3d,96.6
2026-10-08T12:37:13,4,System,copy,4.6
2026-10-08T12:37:22,41816,python,3d,101.4
2026-10-08T12:37:32,41816,python,3d,97.2
2026-10-08T12:37:32,4,System,copy,4.2
2026-10-08T12:37:40,41816,python,3d,5.1
2026-10-08T12:37:48,41816,python,3d,139.2
2026-10-08T12:37:48,4,System,copy,6.5
2026-10-08T12:37:57,41816,python,3d,99.5
2026-10-08T12:37:57,4,System,copy,1.3
2026-10-08T12:38:05,41816,python,3d,96.5
2026-10-08T12:38:05,4,System,copy,6.4
2026-10-08T12:38:13,41816,python,3d,91.4
2026-10-08T12:38:13,4,System,copy,6.7
2026-10-08T12:38:21,,,none,0
2026-10-08T12:38:29,17460,python,3d,83.5
2026-10-08T12:38:38,17460,python,3d,101.6
2026-10-08T12:38:46,,,none,0
2026-10-08T12:38:54,38568,python,3d,1.2
2026-10-08T12:39:02,38568,python,3d,19.5
2026-10-08T12:39:02,4,System,copy,6.2
2026-10-08T12:39:10,38568,python,3d,12.7
2026-10-08T12:39:10,4,System,copy,7.2
2026-10-08T12:39:18,45656,other-process-8,3d,3.0
2026-10-08T12:39:26,20588,python,3d,65.7
2026-10-08T12:39:26,4,System,copy,11.8
2026-10-08T12:39:34,20588,python,3d,97.0
2026-10-08T12:39:34,4,System,copy,8.9
2026-10-08T12:39:43,20588,python,3d,117.5
2026-10-08T12:39:51,20588,python,3d,60.6
2026-10-08T12:39:59,20588,python,3d,97.4
2026-10-08T12:40:07,20588,python,3d,101.3
2026-10-08T12:40:07,4,System,copy,1.1
2026-10-08T12:40:15,20588,python,3d,97.8
2026-10-08T12:40:24,20588,python,3d,87.6
2026-10-08T12:40:24,4,System,copy,40.5
2026-10-08T12:40:32,20588,python,3d,91.6
2026-10-08T12:40:40,20588,python,3d,107.8
2026-10-08T12:40:48,20588,python,3d,102.1
2026-10-08T12:40:48,4,System,copy,6.0
2026-10-08T12:40:56,20588,python,3d,94.8
2026-10-08T12:41:05,20588,python,3d,105.1
2026-10-08T12:41:13,20588,python,3d,97.5
2026-10-08T12:41:21,20588,python,3d,81.5
2026-10-08T12:41:29,45656,other-process-8,3d,1.0
2026-10-08T12:41:37,34952,python,3d,105.8
2026-10-08T12:41:37,4,System,copy,1.5
2026-10-08T12:41:46,34952,python,3d,102.6
2026-10-08T12:41:46,4,System,copy,1.5
2026-10-08T12:41:54,34952,python,3d,86.2
2026-10-08T12:41:54,4,System,copy,3.8
2026-10-08T12:42:02,34952,python,3d,101.2
2026-10-08T12:42:11,34952,python,3d,92.9
2026-10-08T12:42:19,34952,python,3d,120.5
2026-10-08T12:42:19,4,System,copy,3.8
2026-10-08T12:42:27,34952,python,3d,102.1
2026-10-08T12:42:27,4,System,copy,3.8
2026-10-08T12:42:36,34952,python,3d,97.0
2026-10-08T12:42:36,4,System,copy,1.6
2026-10-08T12:42:44,34952,python,3d,97.8
2026-10-08T12:42:44,4,System,copy,3.7
2026-10-08T12:42:53,34952,python,3d,98.5
2026-10-08T12:43:01,34952,python,3d,46.3
2026-10-08T12:43:01,4,System,copy,4.1
2026-10-08T12:43:09,34952,python,3d,58.3
2026-10-08T12:43:09,4,System,copy,2.2
2026-10-08T12:43:18,,,none,0
2026-10-08T12:43:26,34952,python,3d,97.1
2026-10-08T12:43:26,4,System,copy,6.3
2026-10-08T12:43:34,34952,python,3d,102.5
2026-10-08T12:43:34,4,System,copy,3.8
2026-10-08T12:43:43,34952,python,3d,100.4
2026-10-08T12:43:43,4,System,copy,1.5
2026-10-08T12:43:51,,,none,0
2026-10-08T12:44:00,45708,python,3d,94.4
2026-10-08T12:44:00,4,System,copy,1.5
2026-10-08T12:44:08,45708,python,3d,106.1
2026-10-08T12:44:08,4,System,copy,3.7
2026-10-08T12:44:16,45708,python,3d,128.3
2026-10-08T12:44:16,4,System,copy,3.8
2026-10-08T12:44:25,45708,python,3d,102.6
2026-10-08T12:44:25,4,System,copy,3.8
2026-10-08T12:44:33,45708,python,3d,91.6
2026-10-08T12:44:33,4,System,copy,3.8
2026-10-08T12:44:42,45708,python,3d,101.8
2026-10-08T12:44:50,45708,python,3d,96.6
2026-10-08T12:44:50,4,System,copy,3.8
2026-10-08T12:44:58,45708,python,3d,115.7
2026-10-08T12:44:58,4,System,copy,3.8
2026-10-08T12:45:07,45708,python,3d,104.2
2026-10-08T12:45:07,4,System,copy,3.7
2026-10-08T12:45:15,45708,python,3d,96.8
2026-10-08T12:45:15,4,System,copy,3.7
2026-10-08T12:45:24,,,none,0
2026-10-08T12:45:32,45708,python,3d,103.6
2026-10-08T12:45:40,45708,python,3d,98.0
2026-10-08T12:45:40,4,System,copy,2.3
2026-10-08T12:45:49,45708,python,3d,81.2
2026-10-08T12:45:57,45708,python,3d,103.6
2026-10-08T12:46:06,45708,python,3d,99.2
2026-10-08T12:46:14,45708,python,3d,41.5
2026-10-08T12:46:14,4,System,copy,2.7
2026-10-08T12:46:23,45708,python,3d,105.1
2026-10-08T12:46:23,4,System,copy,3.9
2026-10-08T12:46:31,45708,python,3d,100.3
2026-10-08T12:46:31,4,System,copy,3.8
2026-10-08T12:46:39,45708,python,3d,95.1
2026-10-08T12:46:39,4,System,copy,3.8
2026-10-08T12:46:48,45708,python,3d,96.1
2026-10-08T12:46:56,45656,other-process-8,3d,4.3
2026-10-08T12:46:56,4,System,copy,1.6
2026-10-08T12:47:05,15232,python,3d,112.3
2026-10-08T12:47:05,4,System,copy,2.9
2026-10-08T12:47:13,15232,python,3d,102.3
2026-10-08T12:47:13,4,System,copy,2.9
2026-10-08T12:47:22,15232,python,3d,97.9
2026-10-08T12:47:30,15232,python,3d,99.0
2026-10-08T12:47:39,15232,python,3d,98.3
2026-10-08T12:47:39,4,System,copy,3.0
2026-10-08T12:47:47,15232,python,3d,110.7
2026-10-08T12:47:55,15232,python,3d,99.1
2026-10-08T12:48:04,15232,python,3d,101.4
2026-10-08T12:48:12,15232,python,3d,99.2
2026-10-08T12:48:21,15232,python,3d,98.0
2026-10-08T12:48:29,15232,python,3d,117.2
2026-10-08T12:48:29,4,System,copy,2.9
2026-10-08T12:48:38,15232,python,3d,94.5
2026-10-08T12:48:38,4,System,copy,3.1
2026-10-08T12:48:46,15232,python,3d,91.7
2026-10-08T12:48:46,4,System,copy,2.9
2026-10-08T12:48:54,15232,python,3d,96.5
2026-10-08T12:48:54,4,System,copy,2.9
2026-10-08T12:49:03,15232,python,3d,97.9
2026-10-08T12:49:11,15232,python,3d,120.4
2026-10-08T12:49:20,15232,python,3d,97.4
2026-10-08T12:49:20,4,System,copy,3.2
2026-10-08T12:49:28,15232,python,3d,85.2
2026-10-08T12:49:28,4,System,copy,3.1
2026-10-08T12:49:37,15232,python,3d,81.2
2026-10-08T12:49:37,4,System,copy,2.9
2026-10-08T12:49:45,15232,python,3d,97.1
2026-10-08T12:49:45,4,System,copy,5.9
2026-10-08T12:49:54,15232,python,3d,48.9
2026-10-08T12:49:54,4,System,copy,3.0
2026-10-08T12:50:02,15232,python,3d,68.1
2026-10-08T12:50:02,4,System,copy,4.1
2026-10-08T12:50:10,4,System,copy,3.2
2026-10-08T12:50:19,42324,python,3d,98.6
2026-10-08T12:50:19,4,System,copy,3.1
2026-10-08T12:50:27,42324,python,3d,93.8
2026-10-08T12:50:27,4,System,copy,3.3
2026-10-08T12:50:36,42324,python,3d,122.0
2026-10-08T12:50:44,42324,python,3d,97.6
2026-10-08T12:50:52,42324,python,3d,94.4
2026-10-08T12:51:01,42324,python,3d,98.0
2026-10-08T12:51:01,4,System,copy,3.0
2026-10-08T12:51:09,42324,python,3d,96.2
2026-10-08T12:51:18,42324,python,3d,111.3
2026-10-08T12:51:18,4,System,copy,2.6
2026-10-08T12:51:26,42324,python,3d,98.2
2026-10-08T12:51:34,42324,python,3d,95.7
2026-10-08T12:51:43,42324,python,3d,94.6
2026-10-08T12:51:51,42324,python,3d,105.9
2026-10-08T12:51:51,4,System,copy,3.0
2026-10-08T12:52:00,,,none,0
2026-10-08T12:52:08,42324,python,3d,60.7
2026-10-08T12:52:17,42324,python,3d,99.2
2026-10-08T12:52:17,4,System,copy,2.9
2026-10-08T12:52:25,42324,python,3d,95.5
2026-10-08T12:52:33,42324,python,3d,96.4
2026-10-08T12:52:42,42324,python,3d,103.1
2026-10-08T12:52:42,4,System,copy,2.9
2026-10-08T12:52:50,42324,python,3d,64.6
2026-10-08T12:52:50,4,System,copy,2.9
2026-10-08T12:52:59,,,none,0
2026-10-08T12:53:07,42324,python,3d,95.7
2026-10-08T12:53:07,4,System,copy,3.0
2026-10-08T12:53:15,42324,python,3d,142.7
2026-10-08T12:53:15,4,System,copy,2.9
2026-10-08T12:53:24,42324,python,3d,97.1
2026-10-08T12:53:32,42324,python,3d,68.6
2026-10-08T12:53:41,4,System,copy,1.0
2026-10-08T12:53:49,18528,python,3d,98.5
2026-10-08T12:53:58,18528,python,3d,98.8
2026-10-08T12:54:06,18528,python,3d,107.0
2026-10-08T12:54:15,18528,python,3d,99.8
2026-10-08T12:54:15,4,System,copy,2.9
2026-10-08T12:54:23,18528,python,3d,97.8
2026-10-08T12:54:31,18528,python,3d,94.2
2026-10-08T12:54:31,4,System,copy,3.0
2026-10-08T12:54:40,18528,python,3d,96.9
2026-10-08T12:54:48,18528,python,3d,126.6
2026-10-08T12:54:59,18528,python,3d,99.4
2026-10-08T12:55:07,18528,python,3d,81.6
2026-10-08T12:55:16,18528,python,3d,97.5
2026-10-08T12:55:16,4,System,copy,3.1
2026-10-08T12:55:24,18528,python,3d,99.1
2026-10-08T12:55:33,18528,python,3d,102.5
2026-10-08T12:55:41,18528,python,3d,97.3
2026-10-08T12:55:50,18528,python,3d,100.0
2026-10-08T12:55:58,18528,python,3d,10.0
2026-10-08T12:56:06,18528,python,3d,102.3
2026-10-08T12:56:15,18528,python,3d,112.6
2026-10-08T12:56:23,18528,python,3d,104.8
2026-10-08T12:56:32,18528,python,3d,102.6
2026-10-08T12:56:32,4,System,copy,2.9
2026-10-08T12:56:40,18528,python,3d,98.8
2026-10-08T12:56:48,18528,python,3d,100.3
2026-10-08T12:56:57,18528,python,3d,118.9
2026-10-08T12:57:05,18528,python,3d,103.3
2026-10-08T12:57:14,18528,python,3d,98.3
2026-10-08T12:57:14,4,System,copy,3.0
2026-10-08T12:57:22,18528,python,3d,100.5
2026-10-08T12:57:31,18528,python,3d,96.3
2026-10-08T12:57:39,18528,python,3d,122.1
2026-10-08T12:57:47,18528,python,3d,97.5
2026-10-08T12:57:56,18528,python,3d,84.9
2026-10-08T12:58:04,18528,python,3d,98.1
2026-10-08T12:58:04,4,System,copy,2.9
2026-10-08T12:58:13,18528,python,3d,101.6
2026-10-08T12:58:21,18528,python,3d,101.3
2026-10-08T12:58:30,18528,python,3d,97.9
2026-10-08T12:58:38,18528,python,3d,78.4
2026-10-08T12:58:47,18528,python,3d,97.6
2026-10-08T12:58:55,18528,python,3d,98.3
2026-10-08T12:59:04,18528,python,3d,106.0
2026-10-08T12:59:12,18528,python,3d,105.6
2026-10-08T12:59:12,4,System,copy,3.0
2026-10-08T12:59:20,18528,python,3d,59.4
2026-10-08T12:59:29,18528,python,3d,101.9
2026-10-08T12:59:37,18528,python,3d,98.0
2026-10-08T12:59:37,4,System,copy,3.0
2026-10-08T12:59:46,18528,python,3d,103.8
2026-10-08T12:59:54,18528,python,3d,101.4
2026-10-08T13:00:03,18528,python,3d,98.2
2026-10-08T13:00:11,18528,python,3d,103.9
2026-10-08T13:00:20,18528,python,3d,98.4
2026-10-08T13:00:20,4,System,copy,2.9
2026-10-08T13:00:28,18528,python,3d,97.8
2026-10-08T13:00:28,4,System,copy,2.9
2026-10-08T13:00:36,18528,python,3d,103.1
2026-10-08T13:00:36,4,System,copy,3.1
2026-10-08T13:00:45,18528,python,3d,97.5
2026-10-08T13:00:53,18528,python,3d,103.0
2026-10-08T13:00:53,4,System,copy,2.9
2026-10-08T13:01:02,18528,python,3d,92.6
2026-10-08T13:01:02,45656,other-process-8,3d,1.2
2026-10-08T13:01:02,4,System,copy,3.0
2026-10-08T13:01:10,18528,python,3d,61.4
2026-10-08T13:01:19,18528,python,3d,99.5
2026-10-08T13:01:27,,,none,0
2026-10-08T13:01:36,9464,python,3d,97.7
2026-10-08T13:01:44,4,System,copy,2.9
2026-10-08T13:01:44,9464,python,3d,95.1
2026-10-08T13:01:52,9464,python,3d,99.2
2026-10-08T13:02:01,9464,python,3d,94.5
2026-10-08T13:02:09,9464,python,3d,98.0
2026-10-08T13:02:18,9464,python,3d,93.3
2026-10-08T13:02:26,4,System,copy,3.2
2026-10-08T13:02:26,9464,python,3d,97.9
2026-10-08T13:02:34,9464,python,3d,102.4
2026-10-08T13:02:43,9464,python,3d,97.7
2026-10-08T13:02:51,9464,python,3d,60.9
2026-10-08T13:03:00,9464,python,3d,101.3
2026-10-08T13:03:08,9464,python,3d,93.8
2026-10-08T13:03:16,4,System,copy,2.9
2026-10-08T13:03:16,9464,python,3d,95.2
2026-10-08T13:03:25,9464,python,3d,98.1
2026-10-08T13:03:33,9464,python,3d,72.8
2026-10-08T13:03:42,9464,python,3d,100.3
2026-10-08T13:03:50,9464,python,3d,98.6
2026-10-08T13:03:59,9464,python,3d,101.0
2026-10-08T13:04:07,,,none,0
2026-10-08T13:04:15,9464,python,3d,95.8
2026-10-08T13:04:24,9464,python,3d,97.1
2026-10-08T13:04:32,4,System,copy,3.0
2026-10-08T13:04:32,9464,python,3d,96.8
2026-10-08T13:04:41,9464,python,3d,138.5
2026-10-08T13:04:49,9464,python,3d,101.9
2026-10-08T13:04:57,9464,python,3d,77.7
2026-10-08T13:05:06,9464,python,3d,96.2
2026-10-08T13:05:14,9464,python,3d,105.5
2026-10-08T13:05:23,9464,python,3d,96.9
2026-10-08T13:05:31,9464,python,3d,98.7
2026-10-08T13:05:40,9464,python,3d,103.0
2026-10-08T13:05:48,9464,python,3d,103.3
2026-10-08T13:05:57,9464,python,3d,103.2
2026-10-08T13:06:05,9464,python,3d,115.9
2026-10-08T13:06:13,4,System,copy,2.9
2026-10-08T13:06:13,9464,python,3d,97.3
2026-10-08T13:06:22,9464,python,3d,92.7
2026-10-08T13:06:30,9464,python,3d,95.7
2026-10-08T13:06:39,4,System,copy,3.0
2026-10-08T13:06:39,9464,python,3d,101.2
2026-10-08T13:06:47,9464,python,3d,96.1
2026-10-08T13:06:56,9464,python,3d,95.6
2026-10-08T13:07:04,9464,python,3d,81.1
2026-10-08T13:07:12,9464,python,3d,101.9
2026-10-08T13:07:21,9464,python,3d,96.7
2026-10-08T13:07:29,9464,python,3d,139.5
2026-10-08T13:07:38,9464,python,3d,102.0
2026-10-08T13:07:46,9464,python,3d,68.2
2026-10-08T13:07:55,9464,python,3d,98.7
2026-10-08T13:08:03,9464,python,3d,100.7
2026-10-08T13:08:11,9464,python,3d,98.8
2026-10-08T13:08:20,9464,python,3d,98.2
2026-10-08T13:08:28,,,none,0
2026-10-08T13:08:37,9464,python,3d,102.2
2026-10-08T13:08:45,9464,python,3d,101.2
2026-10-08T13:08:54,9464,python,3d,97.1
2026-10-08T13:09:02,4,System,copy,3.1
2026-10-08T13:09:02,9464,python,3d,105.5
2026-10-08T13:09:10,9464,python,3d,61.6
2026-10-08T13:09:19,9464,python,3d,105.7
2026-10-08T13:09:27,9464,python,3d,100.0
2026-10-08T13:09:36,9464,python,3d,39.4
2026-10-08T13:09:44,9464,python,3d,97.1
2026-10-08T13:09:53,4,System,copy,2.9
2026-10-08T13:09:53,9464,python,3d,58.4
2026-10-08T13:10:01,4,System,copy,2.9
2026-10-08T13:10:01,9464,python,3d,101.4
2026-10-08T13:10:10,4,System,copy,2.9
2026-10-08T13:10:10,9464,python,3d,97.9
2026-10-08T13:10:18,9464,python,3d,95.3
2026-10-08T13:10:26,9464,python,3d,94.6
2026-10-08T13:10:35,4,System,copy,2.9
2026-10-08T13:10:35,9464,python,3d,103.3
2026-10-08T13:10:43,,,none,0
2026-10-08T13:10:52,42168,python,3d,94.7
2026-10-08T13:11:00,45656,other-process-8,3d,1.9
2026-10-08T13:11:08,,,none,0
2026-10-08T13:11:17,45656,other-process-8,3d,5.8
2026-10-08T13:11:25,10472,python,3d,95.4
2026-10-08T13:11:34,,,none,0
2026-10-08T13:11:42,45656,other-process-8,3d,1.0
2026-10-08T13:11:50,45656,other-process-8,3d,1.0
2026-10-08T13:11:59,,,none,0
2026-10-08T13:12:07,13724,python,3d,101.4
2026-10-08T13:12:16,13724,python,3d,101.1
2026-10-08T13:12:24,13724,python,3d,126.6
2026-10-08T13:12:32,13724,python,3d,104.0
2026-10-08T13:12:41,13724,python,3d,93.8
2026-10-08T13:12:49,,,none,0
2026-10-08T13:12:58,45656,other-process-8,3d,2.0
2026-10-08T13:13:06,,,none,0
2026-10-08T13:13:15,45656,other-process-8,3d,2.0
2026-10-08T13:13:23,45656,other-process-8,3d,3.2
2026-10-08T13:13:31,9636,python,3d,97.4
2026-10-08T13:13:40,,,none,0
2026-10-08T13:13:48,44392,python,3d,96.2
2026-10-08T13:13:48,4,System,copy,3.8
2026-10-08T13:13:56,45656,other-process-8,3d,1.0
2026-10-08T13:14:05,45656,other-process-8,3d,2.0
2026-10-08T13:14:13,45656,other-process-8,3d,1.3
2026-10-08T13:14:21,45656,other-process-8,3d,15.8
2026-10-08T13:14:30,,,none,0
2026-10-08T13:14:38,45656,other-process-8,3d,1.7
2026-10-08T13:14:46,45656,other-process-8,3d,1.2
2026-10-08T13:14:54,45656,other-process-8,3d,2.0
2026-10-08T13:15:03,45656,other-process-8,3d,2.0
2026-10-08T13:15:11,45656,other-process-8,3d,2.1
2026-10-08T13:15:19,45656,other-process-8,3d,2.0
2026-10-08T13:15:28,45656,other-process-8,3d,8.3
2026-10-08T13:15:36,45656,other-process-8,3d,3.0
2026-10-08T13:15:44,45656,other-process-8,3d,3.0
2026-10-08T13:15:53,45656,other-process-8,3d,2.0
2026-10-08T13:16:01,45656,other-process-8,3d,3.0
2026-10-08T13:16:09,45656,other-process-8,3d,1.4
2026-10-08T13:16:18,45656,other-process-8,3d,2.0
2026-10-08T13:16:26,45656,other-process-8,3d,2.0
2026-10-08T13:16:34,45656,other-process-8,3d,3.0
2026-10-08T13:16:43,45656,other-process-8,3d,1.5
2026-10-08T13:16:51,45656,other-process-8,3d,3.3
2026-10-08T13:16:59,45656,other-process-8,3d,1.2
2026-10-08T13:17:08,45656,other-process-8,3d,1.5
2026-10-08T13:17:16,45656,other-process-8,3d,1.4
2026-10-08T13:17:24,45656,other-process-8,3d,3.0
2026-10-08T13:17:33,45656,other-process-8,3d,1.7
2026-10-08T13:17:41,45656,other-process-8,3d,2.0
2026-10-08T13:17:50,45656,other-process-8,3d,1.6
2026-10-08T13:17:58,45656,other-process-8,3d,3.0
2026-10-08T13:18:06,45656,other-process-8,3d,1.0
2026-10-08T13:18:15,45656,other-process-8,3d,2.4
2026-10-08T13:18:23,45656,other-process-8,3d,2.1
2026-10-08T13:18:31,45656,other-process-8,3d,3.0
2026-10-08T13:18:40,45656,other-process-8,3d,3.0
2026-10-08T13:18:48,45656,other-process-8,3d,1.0
2026-10-08T13:18:56,45656,other-process-8,3d,2.0
2026-10-08T13:19:05,45656,other-process-8,3d,1.0
2026-10-08T13:19:13,45656,other-process-8,3d,3.0
2026-10-08T13:19:22,45656,other-process-8,3d,1.0
2026-10-08T13:19:30,45656,other-process-8,3d,2.0
2026-10-08T13:19:38,45656,other-process-8,3d,2.0
2026-10-08T13:19:47,45656,other-process-8,3d,3.0
2026-10-08T13:19:55,45656,other-process-8,3d,1.2
2026-10-08T13:20:03,45656,other-process-8,3d,1.0
2026-10-08T13:20:12,45656,other-process-8,3d,3.0
2026-10-08T13:20:20,45656,other-process-8,3d,3.0
2026-10-08T13:20:29,45656,other-process-8,3d,2.0
2026-10-08T13:20:37,45656,other-process-8,3d,2.0
2026-10-08T13:20:45,45656,other-process-8,3d,28.6
2026-10-08T13:20:54,45656,other-process-8,3d,2.0
2026-10-08T13:21:02,45656,other-process-8,3d,2.0
2026-10-08T13:21:10,45656,other-process-8,3d,3.0
2026-10-08T13:21:19,45656,other-process-8,3d,1.2
2026-10-08T13:21:27,45656,other-process-8,3d,1.3
2026-10-08T13:21:35,45656,other-process-8,3d,2.5
2026-10-08T13:21:44,45656,other-process-8,3d,2.0
2026-10-08T13:21:52,45656,other-process-8,3d,1.0
2026-10-08T13:22:01,45656,other-process-8,3d,1.5
2026-10-08T13:22:09,,,none,0
2026-10-08T13:22:17,45656,other-process-8,3d,2.0
2026-10-08T13:22:26,45656,other-process-8,3d,1.5
2026-10-08T13:22:34,45656,other-process-8,3d,1.1
2026-10-08T13:22:42,45656,other-process-8,3d,2.0
2026-10-08T13:22:51,45656,other-process-8,3d,6.0
2026-10-08T13:22:59,45656,other-process-8,3d,3.0
2026-10-08T13:23:07,45656,other-process-8,3d,3.0
2026-10-08T13:23:16,45656,other-process-8,3d,2.0
2026-10-08T13:23:24,45656,other-process-8,3d,1.8
2026-10-08T13:23:32,45656,other-process-8,3d,3.0
2026-10-08T13:23:41,45656,other-process-8,3d,1.0
2026-10-08T13:23:49,45656,other-process-8,3d,2.0
2026-10-08T13:23:57,45656,other-process-8,3d,4.0
2026-10-08T13:24:05,45656,other-process-8,3d,16.2
2026-10-08T13:24:14,45656,other-process-8,3d,2.0
2026-10-08T13:24:22,45656,other-process-8,3d,2.0
2026-10-08T13:24:30,45656,other-process-8,3d,2.0
2026-10-08T13:24:39,45656,other-process-8,3d,2.0
2026-10-08T13:24:47,45656,other-process-8,3d,3.0
2026-10-08T13:24:55,45656,other-process-8,3d,3.1
2026-10-08T13:25:04,45656,other-process-8,3d,2.0
2026-10-08T13:25:12,45656,other-process-8,3d,5.0
2026-10-08T13:25:21,45656,other-process-8,3d,4.0
2026-10-08T13:25:29,45656,other-process-8,3d,1.9
2026-10-08T13:25:37,45656,other-process-8,3d,2.0
2026-10-08T13:25:46,45656,other-process-8,3d,2.0
2026-10-08T13:25:54,45656,other-process-8,3d,2.0
2026-10-08T13:26:02,45656,other-process-8,3d,3.0
2026-10-08T13:26:11,45656,other-process-8,3d,1.9
2026-10-08T13:26:19,45656,other-process-8,3d,13.8
2026-10-08T13:26:27,45656,other-process-8,3d,2.0
2026-10-08T13:26:36,45656,other-process-8,3d,1.0
2026-10-08T13:26:44,45656,other-process-8,3d,1.0
2026-10-08T13:26:53,45656,other-process-8,3d,1.0
2026-10-08T13:27:01,45656,other-process-8,3d,1.1
2026-10-08T13:27:09,,,none,0
2026-10-08T13:27:17,45656,other-process-8,3d,2.0
2026-10-08T13:27:26,45656,other-process-8,3d,1.0
2026-10-08T13:27:34,45656,other-process-8,3d,6.7
2026-10-08T13:27:42,,,none,0
2026-10-08T13:27:50,45656,other-process-8,3d,1.0
2026-10-08T13:27:59,,,none,0
2026-10-08T13:28:07,,,none,0
2026-10-08T13:28:16,45656,other-process-8,3d,2.0
2026-10-08T13:28:24,45656,other-process-8,3d,1.0
2026-10-08T13:28:32,,,none,0
2026-10-08T13:28:40,45656,other-process-8,3d,2.0
2026-10-08T13:28:49,45656,other-process-8,3d,1.0
2026-10-08T13:28:57,45656,other-process-8,3d,1.0
2026-10-08T13:29:05,45656,other-process-8,3d,1.0
2026-10-08T13:29:14,45656,other-process-8,3d,1.0
2026-10-08T13:29:22,,,none,0
2026-10-08T13:29:30,45656,other-process-8,3d,8.8
2026-10-08T13:29:38,2420,dwm,3d,2.5
2026-10-08T13:29:38,44684,other-process-2,3d,2.7
2026-10-08T13:29:38,45656,other-process-8,3d,11.3
2026-10-08T13:29:38,4,System,copy,1.4
2026-10-08T13:29:47,,,none,0
2026-10-08T13:29:55,,,none,0
2026-10-08T13:30:03,,,none,0
2026-10-08T13:30:12,,,none,0
2026-10-08T13:30:20,45656,other-process-8,3d,1.3
2026-10-08T13:30:28,,,none,0
2026-10-08T13:30:37,45656,other-process-8,3d,2.0
2026-10-08T13:30:45,,,none,0
2026-10-08T13:30:53,45656,other-process-8,3d,1.0
2026-10-08T13:31:01,,,none,0
2026-10-08T13:31:10,,,none,0
2026-10-08T13:31:18,,,none,0
2026-10-08T13:31:26,,,none,0
2026-10-08T13:31:35,,,none,0
2026-10-08T13:31:43,23792,python,3d,48.8
2026-10-08T13:31:43,4,System,copy,1.9
2026-10-08T13:31:52,4,System,copy,3.9
2026-10-08T13:32:00,23888,python,3d,95.2
2026-10-08T13:32:08,23888,python,3d,98.9
2026-10-08T13:32:17,,,none,0
2026-10-08T13:32:25,6344,python,3d,37.0
2026-10-08T13:32:33,45856,python,3d,44.2
2026-10-08T13:32:33,4,System,copy,4.2
2026-10-08T13:32:42,,,none,0
2026-10-08T13:32:50,39888,python,3d,99.0
2026-10-08T13:32:59,39888,python,3d,96.6
2026-10-08T13:33:07,39888,python,3d,116.4
2026-10-08T13:33:16,39888,python,3d,98.8
2026-10-08T13:33:24,45656,other-process-8,3d,1.0
2026-10-08T13:33:32,45656,other-process-8,3d,3.0
2026-10-08T13:33:41,41836,python,3d,98.5
2026-10-08T13:33:41,4,System,copy,1.5
2026-10-08T13:33:49,41836,python,3d,130.5
2026-10-08T13:33:49,4,System,copy,3.7
2026-10-08T13:33:58,41836,python,3d,101.1
2026-10-08T13:34:06,41836,python,3d,94.3
2026-10-08T13:34:06,4,System,copy,3.8
2026-10-08T13:34:15,41836,python,3d,98.1
2026-10-08T13:34:23,41836,python,3d,99.0
2026-10-08T13:34:23,4,System,copy,3.7
2026-10-08T13:34:32,41836,python,3d,100.0
2026-10-08T13:34:32,4,System,copy,2.3
2026-10-08T13:34:40,41836,python,3d,102.8
2026-10-08T13:34:49,,,none,0
2026-10-08T13:34:57,37756,python,3d,102.2
2026-10-08T13:35:06,37756,python,3d,94.1
2026-10-08T13:35:06,4,System,copy,3.7
2026-10-08T13:35:15,37756,python,3d,91.3
2026-10-08T13:35:15,4,System,copy,2.3
2026-10-08T13:35:23,37756,python,3d,40.5
2026-10-08T13:35:32,37756,python,3d,104.1
2026-10-08T13:35:41,37756,python,3d,100.8
2026-10-08T13:35:49,,,none,0
2026-10-08T13:35:58,45656,other-process-8,3d,1.0
2026-10-08T13:36:06,,,none,0
2026-10-08T13:36:15,45656,other-process-8,3d,1.0
2026-10-08T13:36:23,45656,other-process-8,3d,1.0
2026-10-08T13:36:32,45656,other-process-8,3d,2.0
2026-10-08T13:36:40,45656,other-process-8,3d,1.0
2026-10-08T13:36:49,,,none,0
2026-10-08T13:36:57,45656,other-process-8,3d,2.0
2026-10-08T13:37:06,,,none,0
2026-10-08T13:37:14,,,none,0
2026-10-08T13:37:23,45656,other-process-8,3d,2.0
2026-10-08T13:37:31,45656,other-process-8,3d,1.0
2026-10-08T13:37:40,,,none,0
2026-10-08T13:37:48,45656,other-process-8,3d,1.0
2026-10-08T13:37:57,4,System,copy,16.0
2026-10-08T13:38:05,25572,python,3d,96.3
2026-10-08T13:38:05,4,System,copy,3.8
2026-10-08T13:38:14,25572,python,3d,95.2
2026-10-08T13:38:14,4,System,copy,1.4
2026-10-08T13:38:23,25572,python,3d,117.1
2026-10-08T13:38:23,4,System,copy,3.7
2026-10-08T13:38:32,25572,python,3d,106.5
2026-10-08T13:38:32,4,System,copy,3.7
2026-10-08T13:38:40,25572,python,3d,98.2
2026-10-08T13:38:49,25572,python,3d,102.7
2026-10-08T13:38:58,25572,python,3d,100.0
2026-10-08T13:39:06,25572,python,3d,28.4
2026-10-08T13:39:06,4,System,copy,2.6
2026-10-08T13:39:15,25572,python,3d,102.9
2026-10-08T13:39:15,4,System,copy,1.5
2026-10-08T13:39:24,25572,python,3d,97.2
2026-10-08T13:39:24,4,System,copy,3.8
2026-10-08T13:39:33,25572,python,3d,95.3
2026-10-08T13:39:33,4,System,copy,3.7
2026-10-08T13:39:41,25572,python,3d,101.2
2026-10-08T13:39:41,4,System,copy,3.7
2026-10-08T13:39:50,25572,python,3d,139.8
2026-10-08T13:39:50,4,System,copy,5.9
2026-10-08T13:39:59,25572,python,3d,100.7
2026-10-08T13:39:59,4,System,copy,3.8
2026-10-08T13:40:08,25572,python,3d,6.2
2026-10-08T13:40:16,25572,python,3d,65.4
2026-10-08T13:40:16,4,System,copy,3.9
2026-10-08T13:40:25,,,none,0
2026-10-08T13:40:34,35396,python,3d,102.6
2026-10-08T13:40:42,35396,python,3d,61.9
2026-10-08T13:40:51,35396,python,3d,97.7
2026-10-08T13:41:00,35396,python,3d,98.6
2026-10-08T13:41:00,4,System,copy,3.8
2026-10-08T13:41:08,,,none,0
2026-10-08T13:41:17,35396,python,3d,99.9
2026-10-08T13:41:17,4,System,copy,2.2
2026-10-08T13:41:26,35396,python,3d,65.4
2026-10-08T13:41:34,35396,python,3d,101.8
2026-10-08T13:41:43,35396,python,3d,98.2
2026-10-08T13:41:43,4,System,copy,3.8
2026-10-08T13:41:52,35396,python,3d,97.9
2026-10-08T13:42:00,35396,python,3d,93.5
2026-10-08T13:42:00,4,System,copy,2.4
2026-10-08T13:42:09,35396,python,3d,124.1
2026-10-08T13:42:09,4,System,copy,3.8
2026-10-08T13:42:17,35396,python,3d,100.6
2026-10-08T13:42:17,4,System,copy,2.9
2026-10-08T13:42:26,35396,python,3d,102.4
2026-10-08T13:42:26,4,System,copy,7.6
2026-10-08T13:42:35,,,none,0
2026-10-08T13:42:43,35396,python,3d,101.2
2026-10-08T13:42:43,4,System,copy,5.3
2026-10-08T13:42:52,,,none,0
2026-10-08T13:43:01,45256,python,3d,102.2
2026-10-08T13:43:01,4,System,copy,3.7
2026-10-08T13:43:09,45256,python,3d,100.3
2026-10-08T13:43:18,45256,python,3d,126.5
2026-10-08T13:43:18,4,System,copy,3.8
2026-10-08T13:43:27,45256,python,3d,103.6
2026-10-08T13:43:27,4,System,copy,1.4
2026-10-08T13:43:35,45256,python,3d,98.6
2026-10-08T13:43:44,,,none,0
2026-10-08T13:43:52,45256,python,3d,95.5
2026-10-08T13:44:01,45256,python,3d,100.2
2026-10-08T13:44:01,4,System,copy,3.7
2026-10-08T13:44:10,45256,python,3d,99.4
2026-10-08T13:44:10,4,System,copy,3.8
2026-10-08T13:44:18,45256,python,3d,95.2
2026-10-08T13:44:18,4,System,copy,3.8
2026-10-08T13:44:27,45256,python,3d,98.8
2026-10-08T13:44:36,45256,python,3d,96.1
2026-10-08T13:44:44,45256,python,3d,83.9
2026-10-08T13:44:53,,,none,0
2026-10-08T13:45:01,45256,python,3d,98.2
2026-10-08T13:45:01,4,System,copy,7.6
2026-10-08T13:45:10,45256,python,3d,102.4
2026-10-08T13:45:10,4,System,copy,3.7
2026-10-08T13:45:18,45256,python,3d,98.0
2026-10-08T13:45:18,4,System,copy,1.5
2026-10-08T13:45:27,,,none,0
2026-10-08T13:45:36,38020,python,3d,99.0
2026-10-08T13:45:36,4,System,copy,1.6
2026-10-08T13:45:44,38020,python,3d,80.0
2026-10-08T13:45:44,4,System,copy,1.6
2026-10-08T13:45:53,38020,python,3d,87.3
2026-10-08T13:46:02,38020,python,3d,97.0
2026-10-08T13:46:10,38020,python,3d,96.0
2026-10-08T13:46:10,4,System,copy,2.1
2026-10-08T13:46:19,38020,python,3d,96.9
2026-10-08T13:46:28,36584,other-process-8,3d,1.1
2026-10-08T13:46:28,38020,python,3d,69.8
2026-10-08T13:46:28,4,System,copy,4.4
2026-10-08T13:46:36,38020,python,3d,96.5
2026-10-08T13:46:45,38020,python,3d,59.0
2026-10-08T13:46:45,4,System,copy,2.5
2026-10-08T13:46:53,38020,python,3d,97.1
2026-10-08T13:46:53,4,System,copy,3.7
2026-10-08T13:47:02,38020,python,3d,103.1
2026-10-08T13:47:11,,,none,0
2026-10-08T13:47:19,38020,python,3d,97.0
2026-10-08T13:47:19,4,System,copy,3.6
2026-10-08T13:47:28,38020,python,3d,111.4
2026-10-08T13:47:28,4,System,copy,3.7
2026-10-08T13:47:36,38020,python,3d,41.8
2026-10-08T13:47:36,4,System,copy,2.7
2026-10-08T13:47:45,38020,python,3d,42.5
2026-10-08T13:47:53,38020,python,3d,96.6
2026-10-08T13:47:53,4,System,copy,3.8
2026-10-08T13:48:02,38020,python,3d,100.2
2026-10-08T13:48:11,38020,python,3d,1.8
2026-10-08T13:48:19,40572,python,3d,101.9
2026-10-08T13:48:28,40572,python,3d,108.5
2026-10-08T13:48:36,40572,python,3d,103.2
2026-10-08T13:48:36,4,System,copy,3.8
2026-10-08T13:48:45,40572,python,3d,80.9
2026-10-08T13:48:45,4,System,copy,1.5
2026-10-08T13:48:54,40572,python,3d,99.9
2026-10-08T13:49:02,40572,python,3d,96.6
2026-10-08T13:49:11,40572,python,3d,102.4
2026-10-08T13:49:19,40572,python,3d,130.6
2026-10-08T13:49:28,40572,python,3d,98.5
2026-10-08T13:49:36,40572,python,3d,61.6
2026-10-08T13:49:45,40572,python,3d,98.0
2026-10-08T13:49:54,40572,python,3d,99.2
2026-10-08T13:50:02,40572,python,3d,98.8
2026-10-08T13:50:11,40572,python,3d,97.3
2026-10-08T13:50:19,40572,python,3d,122.4
2026-10-08T13:50:28,40572,python,3d,101.9
2026-10-08T13:50:36,40572,python,3d,71.3
2026-10-08T13:50:45,40572,python,3d,103.2
2026-10-08T13:50:54,40572,python,3d,101.0
2026-10-08T13:51:02,40572,python,3d,95.4
2026-10-08T13:51:02,4,System,copy,3.7
2026-10-08T13:51:11,40572,python,3d,99.6
2026-10-08T13:51:20,40572,python,3d,99.0
2026-10-08T13:51:20,4,System,copy,2.6
2026-10-08T13:51:28,40572,python,3d,98.2
2026-10-08T13:51:37,40572,python,3d,63.8
2026-10-08T13:51:45,40572,python,3d,91.3
2026-10-08T13:51:54,40572,python,3d,95.9
2026-10-08T13:51:54,4,System,copy,3.8
2026-10-08T13:52:03,40572,python,3d,104.5
2026-10-08T13:52:11,40572,python,3d,100.1
2026-10-08T13:52:20,40572,python,3d,143.7
2026-10-08T13:52:29,40572,python,3d,103.1
2026-10-08T13:52:37,40572,python,3d,98.2
2026-10-08T13:52:46,40572,python,3d,78.4
2026-10-08T13:52:54,40572,python,3d,98.9
2026-10-08T13:53:03,40572,python,3d,99.7
2026-10-08T13:53:12,40572,python,3d,100.2
2026-10-08T13:53:12,4,System,copy,3.8
2026-10-08T13:53:20,40572,python,3d,99.0
2026-10-08T13:53:29,40572,python,3d,101.2
2026-10-08T13:53:37,40572,python,3d,99.9
2026-10-08T13:53:46,40572,python,3d,89.9
2026-10-08T13:53:46,4,System,copy,3.9
2026-10-08T13:53:54,40572,python,3d,99.8
2026-10-08T13:53:54,4,System,copy,3.7
2026-10-08T13:54:03,40572,python,3d,41.6
2026-10-08T13:54:03,4,System,copy,2.6
2026-10-08T13:54:12,40572,python,3d,98.0
2026-10-08T13:54:12,4,System,copy,3.9
2026-10-08T13:54:20,,,none,0
2026-10-08T13:54:28,,,none,0
2026-10-08T13:54:37,,,none,0
2026-10-08T13:54:45,,,none,0
2026-10-08T13:54:53,,,none,0
2026-10-08T13:55:02,,,none,0
2026-10-08T13:55:10,,,none,0
2026-10-08T13:55:18,,,none,0
2026-10-08T13:55:26,,,none,0
2026-10-08T13:55:35,,,none,0
2026-10-08T13:55:43,,,none,0
2026-10-08T13:55:51,,,none,0
2026-10-08T13:56:00,,,none,0
2026-10-08T13:56:08,,,none,0
2026-10-08T13:56:16,,,none,0
2026-10-08T13:56:25,,,none,0
2026-10-08T13:56:33,,,none,0
2026-10-08T13:56:41,,,none,0
2026-10-08T13:56:49,,,none,0
2026-10-08T13:56:57,,,none,0
2026-10-08T13:57:06,,,none,0
2026-10-08T13:57:14,,,none,0
2026-10-08T13:57:22,,,none,0
2026-10-08T13:57:30,,,none,0
2026-10-08T13:57:38,,,none,0
2026-10-08T13:57:46,,,none,0
2026-10-08T13:57:54,,,none,0
2026-10-08T13:58:03,,,none,0
2026-10-08T13:58:11,,,none,0
2026-10-08T13:58:19,,,none,0
2026-10-08T13:58:27,,,none,0
2026-10-08T13:58:35,,,none,0
2026-10-08T13:58:43,,,none,0
2026-10-08T13:58:51,,,none,0
2026-10-08T13:59:00,,,none,0
2026-10-08T13:59:08,,,none,0
2026-10-08T13:59:16,,,none,0
2026-10-08T13:59:24,,,none,0
2026-10-08T13:59:32,,,none,0
2026-10-08T13:59:40,,,none,0
2026-10-08T13:59:48,,,none,0
2026-10-08T13:59:56,,,none,0
2026-10-08T14:00:05,,,none,0
2026-10-08T14:00:13,,,none,0
2026-10-08T14:00:21,,,none,0
2026-10-08T14:00:29,,,none,0
2026-10-08T14:00:37,,,none,0
2026-10-08T14:00:45,,,none,0
2026-10-08T14:00:53,,,none,0
2026-10-08T14:01:01,,,none,0
2026-10-08T14:01:10,,,none,0
2026-10-08T14:01:18,,,none,0
2026-10-08T14:01:26,,,none,0
2026-10-08T14:01:34,,,none,0
2026-10-08T14:01:42,,,none,0
2026-10-08T14:01:50,,,none,0
2026-10-08T14:01:58,,,none,0
2026-10-08T14:02:06,,,none,0
2026-10-08T14:02:15,,,none,0
2026-10-08T14:02:23,,,none,0
2026-10-08T14:02:31,,,none,0
2026-10-08T14:02:39,,,none,0
2026-10-08T14:02:47,,,none,0
2026-10-08T14:02:55,,,none,0
2026-10-08T14:03:03,,,none,0
2026-10-08T14:03:11,,,none,0
2026-10-08T14:03:19,,,none,0
2026-10-08T14:03:28,,,none,0
2026-10-08T14:03:36,,,none,0
2026-10-08T14:03:44,,,none,0
2026-10-08T14:03:52,,,none,0
2026-10-08T14:04:00,,,none,0
2026-10-08T14:04:08,,,none,0
2026-10-08T14:04:16,,,none,0
2026-10-08T14:04:24,,,none,0
2026-10-08T14:04:33,,,none,0
2026-10-08T14:04:41,,,none,0
2026-10-08T14:04:49,,,none,0
2026-10-08T14:04:57,,,none,0
2026-10-08T14:05:05,,,none,0
2026-10-08T14:05:13,,,none,0
2026-10-08T14:05:21,,,none,0
2026-10-08T14:05:30,,,none,0
2026-10-08T14:05:38,,,none,0
2026-10-08T14:05:46,,,none,0
2026-10-08T14:05:54,,,none,0
2026-10-08T14:06:02,,,none,0
2026-10-08T14:06:10,,,none,0
2026-10-08T14:06:18,,,none,0
2026-10-08T14:06:26,,,none,0
2026-10-08T14:06:35,,,none,0
2026-10-08T14:06:43,,,none,0
2026-10-08T14:06:51,,,none,0
2026-10-08T14:06:59,,,none,0
2026-10-08T14:07:07,,,none,0
2026-10-08T14:07:15,,,none,0
2026-10-08T14:07:24,,,none,0
2026-10-08T14:07:32,,,none,0
2026-10-08T14:07:40,,,none,0
2026-10-08T14:07:48,,,none,0
2026-10-08T14:07:56,,,none,0
2026-10-08T14:08:04,,,none,0
2026-10-08T14:08:12,,,none,0
2026-10-08T14:08:21,,,none,0
2026-10-08T14:08:29,,,none,0
2026-10-08T14:08:37,,,none,0
2026-10-08T14:08:45,,,none,0
2026-10-08T14:08:53,,,none,0
2026-10-08T14:09:01,,,none,0
2026-10-08T14:09:09,,,none,0
2026-10-08T14:09:17,,,none,0
2026-10-08T14:09:26,,,none,0
2026-10-08T14:09:34,,,none,0
2026-10-08T14:09:42,,,none,0
2026-10-08T14:09:50,,,none,0
2026-10-08T14:09:58,,,none,0
2026-10-08T14:10:06,,,none,0
2026-10-08T14:10:14,,,none,0
2026-10-08T14:10:22,,,none,0
2026-10-08T14:10:31,,,none,0
2026-10-08T14:10:39,,,none,0
2026-10-08T14:10:47,,,none,0
2026-10-08T14:10:55,,,none,0
2026-10-08T14:11:03,,,none,0
2026-10-08T14:11:11,,,none,0
2026-10-08T14:11:19,,,none,0
2026-10-08T14:11:27,,,none,0
2026-10-08T14:11:36,,,none,0
2026-10-08T14:11:44,,,none,0
2026-10-08T14:11:52,,,none,0
2026-10-08T14:12:00,,,none,0
2026-10-08T14:12:08,,,none,0
2026-10-08T14:12:16,,,none,0
2026-10-08T14:12:24,,,none,0
2026-10-08T14:12:32,,,none,0
2026-10-08T14:12:40,,,none,0
2026-10-08T14:12:49,,,none,0
2026-10-08T14:12:57,,,none,0
2026-10-08T14:13:05,,,none,0
2026-10-08T14:13:13,,,none,0
2026-10-08T14:13:21,,,none,0
2026-10-08T14:13:29,,,none,0
2026-10-08T14:13:37,,,none,0
2026-10-08T14:13:45,,,none,0
2026-10-08T14:13:54,,,none,0
2026-10-08T14:14:02,,,none,0
2026-10-08T14:14:10,,,none,0
2026-10-08T14:14:18,,,none,0
2026-10-08T14:14:26,,,none,0
2026-10-08T14:14:34,,,none,0
2026-10-08T14:14:42,,,none,0
2026-10-08T14:14:50,,,none,0
2026-10-08T14:14:59,,,none,0
2026-10-08T14:15:07,,,none,0
2026-10-08T14:15:15,2420,dwm,3d,1.2
2026-10-08T14:15:15,44684,other-process-2,3d,1.2
2026-10-08T14:15:15,4,System,copy,3.9
2026-10-08T14:15:23,2420,dwm,3d,4.9
2026-10-08T14:15:23,41064,other-process-1,3d,9.3
2026-10-08T14:15:23,4,System,copy,1.5
2026-10-08T14:15:32,2420,dwm,3d,6.0
2026-10-08T14:15:32,41064,other-process-1,3d,9.9
2026-10-08T14:15:32,4,System,copy,1.4
2026-10-08T14:15:40,41064,other-process-1,3d,4.4
2026-10-08T14:15:49,41064,other-process-1,3d,3.9
2026-10-08T14:15:57,41064,other-process-1,3d,4.8
2026-10-08T14:16:05,41064,other-process-1,3d,2.0
2026-10-08T14:16:13,41064,other-process-1,3d,6.2
2026-10-08T14:16:21,41064,other-process-1,3d,11.6
2026-10-08T14:16:30,41064,other-process-1,3d,4.9
2026-10-08T14:16:38,41064,other-process-1,3d,7.4
2026-10-08T14:16:46,41064,other-process-1,3d,3.3
2026-10-08T14:16:54,41064,other-process-1,3d,2.5
2026-10-08T14:17:02,41064,other-process-1,3d,2.9
2026-10-08T14:17:10,41064,other-process-1,3d,1.7
2026-10-08T14:17:19,41064,other-process-1,3d,2.9
2026-10-08T14:17:27,41064,other-process-1,3d,3.9
2026-10-08T14:17:35,41064,other-process-1,3d,1.6
2026-10-08T14:17:43,16820,python,3d,115.2
2026-10-08T14:17:52,16820,python,3d,98.0
2026-10-08T14:18:00,16820,python,3d,93.3
2026-10-08T14:18:08,16820,python,3d,100.7
2026-10-08T14:18:17,16820,python,3d,102.6
2026-10-08T14:18:17,4,System,copy,3.7
2026-10-08T14:18:25,16820,python,3d,97.9
2026-10-08T14:18:25,4,System,copy,3.8
2026-10-08T14:18:33,16820,python,3d,88.5
2026-10-08T14:18:42,16820,python,3d,98.3
2026-10-08T14:18:50,16820,python,3d,100.2
2026-10-08T14:18:58,16820,python,3d,103.0
2026-10-08T14:19:07,16820,python,3d,101.9
2026-10-08T14:19:15,,,none,0
2026-10-08T14:19:23,16820,python,3d,96.3
2026-10-08T14:19:32,16820,python,3d,109.9
2026-10-08T14:19:40,16820,python,3d,97.2
2026-10-08T14:19:48,16820,python,3d,91.2
2026-10-08T14:19:57,16820,python,3d,99.6
2026-10-08T14:20:05,16820,python,3d,98.4
2026-10-08T14:20:13,16820,python,3d,98.0
2026-10-08T14:20:13,4,System,copy,3.8
2026-10-08T14:20:22,16820,python,3d,64.8
2026-10-08T14:20:22,4,System,copy,3.7
2026-10-08T14:20:30,16820,python,3d,102.5
2026-10-08T14:20:38,16820,python,3d,93.1
2026-10-08T14:20:38,4,System,copy,4.1
2026-10-08T14:20:47,16820,python,3d,105.3
2026-10-08T14:20:55,16820,python,3d,97.5
2026-10-08T14:21:03,16820,python,3d,98.4
2026-10-08T14:21:12,16820,python,3d,101.6
2026-10-08T14:21:20,16820,python,3d,99.0
2026-10-08T14:21:28,16820,python,3d,98.6
2026-10-08T14:21:28,4,System,copy,3.8
2026-10-08T14:21:37,16820,python,3d,81.8
2026-10-08T14:21:45,16820,python,3d,103.8
2026-10-08T14:21:53,16820,python,3d,98.9
2026-10-08T14:22:02,16820,python,3d,61.2
2026-10-08T14:22:02,4,System,copy,4.1
2026-10-08T14:22:10,16820,python,3d,102.4
2026-10-08T14:22:19,16820,python,3d,104.2
2026-10-08T14:22:27,16820,python,3d,98.8
2026-10-08T14:22:35,16820,python,3d,95.0
2026-10-08T14:22:44,16820,python,3d,65.9
2026-10-08T14:22:52,16820,python,3d,80.1
2026-10-08T14:22:52,4,System,copy,1.5
2026-10-08T14:23:00,,,none,0
2026-10-08T14:23:09,16820,python,3d,100.6
2026-10-08T14:23:17,16820,python,3d,109.7
2026-10-08T14:23:17,4,System,copy,3.8
2026-10-08T14:23:25,16820,python,3d,82.0
2026-10-08T14:23:25,4,System,copy,3.8
2026-10-08T14:23:34,,,none,0
2026-10-08T14:23:42,4,System,copy,3.1
2026-10-08T14:23:42,7112,python,3d,93.2
2026-10-08T14:23:50,7112,python,3d,132.1
2026-10-08T14:23:59,4,System,copy,1.5
2026-10-08T14:23:59,7112,python,3d,103.9
2026-10-08T14:24:07,4,System,copy,3.8
2026-10-08T14:24:07,7112,python,3d,96.2
2026-10-08T14:24:15,7112,python,3d,39.3
2026-10-08T14:24:24,4,System,copy,1.4
2026-10-08T14:24:24,7112,python,3d,100.6
2026-10-08T14:24:32,7112,python,3d,97.5
2026-10-08T14:24:40,7112,python,3d,94.1
2026-10-08T14:24:49,34212,python,3d,84.0
2026-10-08T14:24:49,4,System,copy,3.1
2026-10-08T14:24:57,34212,python,3d,100.1
2026-10-08T14:25:06,34212,python,3d,98.7
2026-10-08T14:25:14,,,none,0
2026-10-08T14:25:23,,,none,0
2026-10-08T14:25:31,41064,other-process-1,3d,2.3
2026-10-08T14:25:39,41064,other-process-1,3d,2.6
2026-10-08T14:25:48,41064,other-process-1,3d,2.9
2026-10-08T14:25:56,41064,other-process-1,3d,1.0
2026-10-08T14:26:04,,,none,0
2026-10-08T14:26:12,41064,other-process-1,3d,2.0
2026-10-08T14:26:21,41064,other-process-1,3d,2.9
2026-10-08T14:26:29,,,none,0
2026-10-08T14:26:37,,,none,0
2026-10-08T14:26:46,41064,other-process-1,3d,1.9
2026-10-08T14:26:54,41064,other-process-1,3d,1.9
2026-10-08T14:27:02,41064,other-process-1,3d,1.9
2026-10-08T14:27:11,41064,other-process-1,3d,2.0
2026-10-08T14:27:19,,,none,0
2026-10-08T14:27:27,15388,python,3d,100.9
2026-10-08T14:27:27,4,System,copy,3.0
2026-10-08T14:27:36,15388,python,3d,104.5
2026-10-08T14:27:44,15388,python,3d,97.9
2026-10-08T14:27:53,15388,python,3d,86.9
2026-10-08T14:28:01,15388,python,3d,96.8
2026-10-08T14:28:10,15388,python,3d,102.5
2026-10-08T14:28:10,4,System,copy,2.9
2026-10-08T14:28:18,15388,python,3d,101.6
2026-10-08T14:28:18,4,System,copy,3.0
2026-10-08T14:28:27,15388,python,3d,100.6
2026-10-08T14:28:35,15388,python,3d,98.3
2026-10-08T14:28:44,15388,python,3d,97.5
2026-10-08T14:28:52,15388,python,3d,97.9
2026-10-08T14:28:52,4,System,copy,3.0
2026-10-08T14:29:01,,,none,0
2026-10-08T14:29:09,15388,python,3d,103.1
2026-10-08T14:29:09,4,System,copy,3.0
2026-10-08T14:29:18,15388,python,3d,104.6
2026-10-08T14:29:18,4,System,copy,2.9
2026-10-08T14:29:27,15388,python,3d,98.0
2026-10-08T14:29:27,4,System,copy,3.0
2026-10-08T14:29:35,15388,python,3d,97.7
2026-10-08T14:29:35,4,System,copy,3.1
2026-10-08T14:29:44,15388,python,3d,103.6
2026-10-08T14:29:52,15388,python,3d,100.5
2026-10-08T14:29:52,4,System,copy,3.1
2026-10-08T14:30:01,,,none,0
2026-10-08T14:30:09,15388,python,3d,92.6
2026-10-08T14:30:09,4,System,copy,2.9
2026-10-08T14:30:18,15388,python,3d,75.8
2026-10-08T14:30:18,4,System,copy,5.9
2026-10-08T14:30:26,15388,python,3d,103.4
2026-10-08T14:30:26,4,System,copy,2.9
2026-10-08T14:30:35,15388,python,3d,104.8
2026-10-08T14:30:35,4,System,copy,3.0
2026-10-08T14:30:43,,,none,0
2026-10-08T14:30:52,15388,python,3d,96.1
2026-10-08T14:30:52,4,System,copy,3.0
2026-10-08T14:31:00,15388,python,3d,99.4
2026-10-08T14:31:00,4,System,copy,3.0
2026-10-08T14:31:09,15388,python,3d,99.3
2026-10-08T14:31:09,4,System,copy,3.5
2026-10-08T14:31:17,15388,python,3d,98.5
2026-10-08T14:31:17,4,System,copy,3.0
2026-10-08T14:31:26,,,none,0
2026-10-08T14:31:34,15388,python,3d,94.5
2026-10-08T14:31:34,4,System,copy,5.8
2026-10-08T14:31:43,15388,python,3d,137.2
2026-10-08T14:31:43,4,System,copy,3.1
2026-10-08T14:31:51,15388,python,3d,100.0
2026-10-08T14:31:51,4,System,copy,3.0
2026-10-08T14:32:00,15388,python,3d,60.9
2026-10-08T14:32:00,4,System,copy,5.9
2026-10-08T14:32:08,,,none,0
2026-10-08T14:32:17,4,System,copy,18.5
2026-10-08T14:32:25,20068,python,3d,103.5
2026-10-08T14:32:25,4,System,copy,2.9
2026-10-08T14:32:34,20068,python,3d,114.4
2026-10-08T14:32:42,20068,python,3d,98.3
2026-10-08T14:32:51,20068,python,3d,89.2
2026-10-08T14:32:51,4,System,copy,2.9
2026-10-08T14:32:59,20068,python,3d,103.5
2026-10-08T14:32:59,4,System,copy,2.9
2026-10-08T14:33:08,20068,python,3d,102.7
2026-10-08T14:33:16,20068,python,3d,99.6
2026-10-08T14:33:25,20068,python,3d,107.6
2026-10-08T14:33:33,20068,python,3d,101.8
2026-10-08T14:33:42,20068,python,3d,84.6
2026-10-08T14:33:50,20068,python,3d,9.3
2026-10-08T14:33:59,20068,python,3d,99.1
2026-10-08T14:34:08,20068,python,3d,100.2
2026-10-08T14:34:16,,,none,0
2026-10-08T14:34:25,20068,python,3d,100.3
2026-10-08T14:34:33,20068,python,3d,84.7
2026-10-08T14:34:33,4,System,copy,2.9
2026-10-08T14:34:42,20068,python,3d,100.8
2026-10-08T14:34:42,4,System,copy,3.0
2026-10-08T14:34:50,20068,python,3d,99.3
2026-10-08T14:34:50,4,System,copy,2.9
2026-10-08T14:34:59,20068,python,3d,101.4
2026-10-08T14:34:59,4,System,copy,2.9
2026-10-08T14:35:07,,,none,0
2026-10-08T14:35:16,20068,python,3d,101.6
2026-10-08T14:35:24,20068,python,3d,98.1
2026-10-08T14:35:24,4,System,copy,3.1
2026-10-08T14:35:33,20068,python,3d,14.5
2026-10-08T14:35:41,20068,python,3d,99.2
2026-10-08T14:35:41,4,System,copy,2.9
2026-10-08T14:35:50,20068,python,3d,104.9
2026-10-08T14:35:50,4,System,copy,3.0
2026-10-08T14:35:58,20068,python,3d,73.8
2026-10-08T14:35:58,4,System,copy,3.0
2026-10-08T14:36:07,20068,python,3d,59.3
2026-10-08T14:36:07,4,System,copy,2.9
2026-10-08T14:36:15,20068,python,3d,99.0
2026-10-08T14:36:15,4,System,copy,6.0
2026-10-08T14:36:24,20068,python,3d,103.8
2026-10-08T14:36:24,4,System,copy,2.9
2026-10-08T14:36:32,,,none,0
2026-10-08T14:36:41,20068,python,3d,145.7
2026-10-08T14:36:41,4,System,copy,3.0
2026-10-08T14:36:49,20068,python,3d,100.0
2026-10-08T14:36:49,4,System,copy,3.0
2026-10-08T14:36:58,20068,python,3d,57.5
2026-10-08T14:36:58,4,System,copy,3.0
2026-10-08T14:37:06,,,none,0
2026-10-08T14:37:15,20068,python,3d,96.1
2026-10-08T14:37:15,4,System,copy,2.9
2026-10-08T14:37:23,20068,python,3d,97.9
2026-10-08T14:37:23,4,System,copy,2.9
2026-10-08T14:37:32,20068,python,3d,102.1
2026-10-08T14:37:32,4,System,copy,3.1
2026-10-08T14:37:41,20068,python,3d,103.8
2026-10-08T14:37:41,4,System,copy,3.0
2026-10-08T14:37:49,41064,other-process-1,3d,3.4
2026-10-08T14:37:58,,,none,0
2026-10-08T14:38:06,,,none,0
2026-10-08T14:38:14,,,none,0
2026-10-08T14:38:23,,,none,0
2026-10-08T14:38:31,32144,python,3d,67.6
2026-10-08T14:38:40,32144,python,3d,102.4
2026-10-08T14:38:40,4,System,copy,3.7
2026-10-08T14:38:48,32144,python,3d,96.6
2026-10-08T14:38:48,4,System,copy,3.8
2026-10-08T14:38:57,32144,python,3d,37.1
2026-10-08T14:39:05,32144,python,3d,123.5
2026-10-08T14:39:14,32144,python,3d,100.5
2026-10-08T14:39:22,32144,python,3d,72.4
2026-10-08T14:39:31,32144,python,3d,98.5
2026-10-08T14:39:39,32144,python,3d,100.6
2026-10-08T14:39:48,32144,python,3d,97.9
2026-10-08T14:39:56,32144,python,3d,112.4
2026-10-08T14:40:05,32144,python,3d,102.6
2026-10-08T14:40:13,32144,python,3d,75.9
2026-10-08T14:40:22,32144,python,3d,102.9
2026-10-08T14:40:30,32144,python,3d,100.7
2026-10-08T14:40:39,32144,python,3d,97.1
2026-10-08T14:40:47,32144,python,3d,126.8
2026-10-08T14:40:47,4,System,copy,3.2
2026-10-08T14:40:56,32144,python,3d,98.6
2026-10-08T14:41:05,32144,python,3d,75.1
2026-10-08T14:41:13,32144,python,3d,98.1
2026-10-08T14:41:22,32144,python,3d,99.8
2026-10-08T14:41:30,32144,python,3d,96.1
2026-10-08T14:41:39,32144,python,3d,93.6
2026-10-08T14:41:39,41064,other-process-1,3d,1.2
2026-10-08T14:41:47,32144,python,3d,102.7
2026-10-08T14:41:56,32144,python,3d,95.9
2026-10-08T14:42:04,32144,python,3d,93.9
2026-10-08T14:42:04,41064,other-process-1,3d,1.0
2026-10-08T14:42:13,32144,python,3d,100.1
2026-10-08T14:42:13,4,System,copy,3.8
2026-10-08T14:42:22,32144,python,3d,101.0
2026-10-08T14:42:30,32144,python,3d,97.9
2026-10-08T14:42:39,32144,python,3d,103.7
2026-10-08T14:42:48,32144,python,3d,110.9
2026-10-08T14:42:48,4,System,copy,4.6
2026-10-08T14:42:56,32144,python,3d,103.2
2026-10-08T14:42:56,41064,other-process-1,3d,1.1
2026-10-08T14:43:05,32144,python,3d,98.0
2026-10-08T14:43:14,32144,python,3d,95.6
2026-10-08T14:43:23,32144,python,3d,74.8
2026-10-08T14:43:31,32144,python,3d,98.6
2026-10-08T14:43:40,32144,python,3d,93.4
2026-10-08T14:43:40,4,System,copy,3.8
2026-10-08T14:43:48,32144,python,3d,100.9
2026-10-08T14:43:57,32144,python,3d,102.9
2026-10-08T14:43:57,4,System,copy,2.2
2026-10-08T14:44:05,32144,python,3d,98.8
2026-10-08T14:44:05,4,System,copy,1.6
2026-10-08T14:44:14,32144,python,3d,96.9
2026-10-08T14:44:22,32144,python,3d,103.1
2026-10-08T14:44:22,4,System,copy,3.8
2026-10-08T14:44:31,,,none,0
2026-10-08T14:44:39,41064,other-process-1,3d,1.7
2026-10-08T14:44:48,41064,other-process-1,3d,1.9
2026-10-08T14:44:56,41064,other-process-1,3d,3.2
2026-10-08T14:45:04,41064,other-process-1,3d,1.9
2026-10-08T14:45:13,41064,other-process-1,3d,2.3
2026-10-08T14:45:21,41064,other-process-1,3d,1.2
2026-10-08T14:45:29,41064,other-process-1,3d,1.3
2026-10-08T14:45:38,41064,other-process-1,3d,1.9
2026-10-08T14:45:46,41064,other-process-1,3d,2.5
2026-10-08T14:45:55,41064,other-process-1,3d,1.3
2026-10-08T14:46:03,41064,other-process-1,3d,1.8
2026-10-08T14:46:11,41064,other-process-1,3d,2.0
2026-10-08T14:46:20,41064,other-process-1,3d,2.0
2026-10-08T14:46:28,41064,other-process-1,3d,2.9
2026-10-08T14:46:36,41064,other-process-1,3d,2.0
2026-10-08T14:46:45,2420,dwm,3d,1.0
2026-10-08T14:46:45,41064,other-process-1,3d,6.3
2026-10-08T14:46:53,41064,other-process-1,3d,4.6
2026-10-08T14:47:02,,,none,0
2026-10-08T14:47:10,41064,other-process-1,3d,2.0
2026-10-08T14:47:18,,,none,0
2026-10-08T14:47:26,41064,other-process-1,3d,1.2
2026-10-08T14:47:35,,,none,0
2026-10-08T14:47:43,41064,other-process-1,3d,2.7
2026-10-08T14:47:51,,,none,0
2026-10-08T14:48:00,41064,other-process-1,3d,1.8
2026-10-08T14:48:08,41064,other-process-1,3d,1.8
2026-10-08T14:48:16,41064,other-process-1,3d,2.0
2026-10-08T14:48:25,41064,other-process-1,3d,1.2
2026-10-08T14:48:33,41064,other-process-1,3d,1.7
2026-10-08T14:48:41,41064,other-process-1,3d,1.6
2026-10-08T14:48:49,41064,other-process-1,3d,1.9
2026-10-08T14:48:58,41064,other-process-1,3d,1.5
2026-10-08T14:49:06,,,none,0
2026-10-08T14:49:14,41064,other-process-1,3d,1.2
2026-10-08T14:49:23,,,none,0
2026-10-08T14:49:31,,,none,0
2026-10-08T14:49:39,,,none,0
2026-10-08T14:49:48,,,none,0
2026-10-08T14:49:56,41064,other-process-1,3d,1.1
2026-10-08T14:50:04,,,none,0
2026-10-08T14:50:13,,,none,0
2026-10-08T14:50:21,41064,other-process-1,3d,1.5
2026-10-08T14:50:29,41064,other-process-1,3d,2.1
2026-10-08T14:50:38,41064,other-process-1,3d,2.0
2026-10-08T14:50:46,,,none,0
2026-10-08T14:50:54,41064,other-process-1,3d,2.4
2026-10-08T14:51:03,41064,other-process-1,3d,1.1
2026-10-08T14:51:11,41064,other-process-1,3d,2.0
2026-10-08T14:51:19,,,none,0
2026-10-08T14:51:28,41064,other-process-1,3d,1.2
2026-10-08T14:51:36,41064,other-process-1,3d,1.3
2026-10-08T14:51:44,,,none,0
2026-10-08T14:51:52,41064,other-process-1,3d,1.9
2026-10-08T14:52:01,41064,other-process-1,3d,1.4
2026-10-08T14:52:09,41064,other-process-1,3d,1.9
2026-10-08T14:52:17,,,none,0
2026-10-08T14:52:26,41064,other-process-1,3d,1.0
2026-10-08T14:52:34,41064,other-process-1,3d,1.8
2026-10-08T14:52:42,41064,other-process-1,3d,1.1
2026-10-08T14:52:51,,,none,0
2026-10-08T14:52:59,41064,other-process-1,3d,1.0
2026-10-08T14:53:07,,,none,0
2026-10-08T14:53:15,41064,other-process-1,3d,2.2
2026-10-08T14:53:24,41064,other-process-1,3d,1.7
2026-10-08T14:53:32,41064,other-process-1,3d,1.6
2026-10-08T14:53:40,,,none,0
2026-10-08T14:53:49,41064,other-process-1,3d,1.3
2026-10-08T14:53:57,41064,other-process-1,3d,2.3
2026-10-08T14:54:05,2420,dwm,3d,3.6
2026-10-08T14:54:05,41064,other-process-1,3d,6.1
2026-10-08T14:54:05,44684,other-process-2,3d,1.3
2026-10-08T14:54:14,2420,dwm,3d,1.5
2026-10-08T14:54:14,41064,other-process-1,3d,5.7
2026-10-08T14:54:22,41064,other-process-1,3d,2.0
2026-10-08T14:54:30,41064,other-process-1,3d,2.0
2026-10-08T14:54:39,2420,dwm,3d,1.2
2026-10-08T14:54:39,41064,other-process-1,3d,12.2
2026-10-08T14:54:47,41064,other-process-1,3d,6.5
2026-10-08T14:54:56,41064,other-process-1,3d,1.4
2026-10-08T14:55:04,41064,other-process-1,3d,5.0
2026-10-08T14:55:12,41064,other-process-1,3d,4.1
2026-10-08T14:55:21,41064,other-process-1,3d,7.9
2026-10-08T14:55:29,2420,dwm,3d,5.1
2026-10-08T14:55:29,41064,other-process-1,3d,11.5
2026-10-08T14:55:38,41064,other-process-1,3d,1.9
2026-10-08T14:55:48,2420,dwm,3d,2.1
2026-10-08T14:55:48,41064,other-process-1,3d,16.1
2026-10-08T14:55:48,4,System,copy,1.0
2026-10-08T14:55:58,41064,other-process-1,3d,12.9
2026-10-08T14:56:08,2420,dwm,3d,1.2
2026-10-08T14:56:08,41064,other-process-1,3d,17.8
2026-10-08T14:56:18,2420,dwm,3d,1.9
2026-10-08T14:56:18,41064,other-process-1,3d,14.8
2026-10-08T14:56:29,41064,other-process-1,3d,18.6
2026-10-08T14:56:40,2420,dwm,3d,1.1
2026-10-08T14:56:40,41064,other-process-1,3d,17.9
2026-10-08T14:56:50,2420,dwm,3d,1.1
2026-10-08T14:56:50,41064,other-process-1,3d,15.7
2026-10-08T14:57:01,41064,other-process-1,3d,15.7
2026-10-08T14:57:11,2420,dwm,3d,2.7
2026-10-08T14:57:11,41064,other-process-1,3d,16.0
2026-10-08T14:57:11,4,System,copy,1.0
2026-10-08T14:57:21,41064,other-process-1,3d,22.5
2026-10-08T14:57:32,2420,dwm,3d,1.7
2026-10-08T14:57:32,41064,other-process-1,3d,14.7
2026-10-08T14:57:42,2420,dwm,3d,1.1
2026-10-08T14:57:42,41064,other-process-1,3d,20.2
2026-10-08T14:57:53,2420,dwm,3d,2.1
2026-10-08T14:57:53,41064,other-process-1,3d,16.1
2026-10-08T14:58:03,41064,other-process-1,3d,15.9
2026-10-08T14:58:14,2420,dwm,3d,3.1
2026-10-08T14:58:14,41064,other-process-1,3d,17.4
2026-10-08T14:58:24,41064,other-process-1,3d,16.6
2026-10-08T14:58:35,41064,other-process-1,3d,19.7
2026-10-08T14:58:46,2420,dwm,3d,3.5
2026-10-08T14:58:46,41064,other-process-1,3d,16.7
2026-10-08T14:58:56,41064,other-process-1,3d,7.6
2026-10-08T14:59:06,41064,other-process-1,3d,1.4
2026-10-08T14:59:15,41064,other-process-1,3d,1.9
2026-10-08T14:59:23,,,none,0
2026-10-08T14:59:31,,,none,0
2026-10-08T14:59:40,41064,other-process-1,3d,1.8
2026-10-08T14:59:48,,,none,0
2026-10-08T14:59:57,41064,other-process-1,3d,1.9
2026-10-08T15:00:05,41064,other-process-1,3d,2.0
2026-10-08T15:00:14,41064,other-process-1,3d,1.9
2026-10-08T15:00:22,,,none,0
2026-10-08T15:00:31,41064,other-process-1,3d,1.9
2026-10-08T15:00:39,,,none,0
2026-10-08T15:00:47,,,none,0
2026-10-08T15:00:56,41064,other-process-1,3d,1.9
2026-10-08T15:01:04,41064,other-process-1,3d,1.6
2026-10-08T15:01:13,41064,other-process-1,3d,1.9
2026-10-08T15:01:21,,,none,0
2026-10-08T15:01:30,41064,other-process-1,3d,2.8
2026-10-08T15:01:38,41064,other-process-1,3d,2.0
2026-10-08T15:01:47,,,none,0
2026-10-08T15:01:55,41064,other-process-1,3d,8.3
2026-10-08T15:02:04,41064,other-process-1,3d,1.9
2026-10-08T15:02:12,41064,other-process-1,3d,1.5
2026-10-08T15:02:21,41064,other-process-1,3d,1.0
2026-10-08T15:02:29,,,none,0
2026-10-08T15:02:38,41064,other-process-1,3d,3.1
2026-10-08T15:02:46,,,none,0
2026-10-08T15:02:54,,,none,0
2026-10-08T15:03:03,,,none,0
2026-10-08T15:03:11,41064,other-process-1,3d,1.4
2026-10-08T15:03:20,41064,other-process-1,3d,6.3
2026-10-08T15:03:28,,,none,0
2026-10-08T15:03:37,,,none,0
2026-10-08T15:03:45,,,none,0
2026-10-08T15:03:54,,,none,0
2026-10-08T15:04:02,,,none,0
2026-10-08T15:04:11,,,none,0
2026-10-08T15:04:19,,,none,0
2026-10-08T15:04:28,,,none,0
2026-10-08T15:04:36,,,none,0
2026-10-08T15:04:44,,,none,0
2026-10-08T15:04:53,,,none,0
2026-10-08T15:05:01,4,System,copy,1.0
2026-10-08T15:05:10,,,none,0
2026-10-08T15:05:18,2420,dwm,3d,5.1
2026-10-08T15:05:18,38124,other-process-7,3d,2.7
2026-10-08T15:05:18,41064,other-process-1,3d,15.5
2026-10-08T15:05:18,4,System,copy,3.7
2026-10-08T15:05:29,41064,other-process-1,3d,21.1
2026-10-08T15:05:40,41064,other-process-1,3d,18.4
2026-10-08T15:05:51,2420,dwm,3d,2.3
2026-10-08T15:05:51,41064,other-process-1,3d,17.2
2026-10-08T15:06:01,2420,dwm,3d,2.2
2026-10-08T15:06:01,38124,other-process-7,3d,1.6
2026-10-08T15:06:01,41064,other-process-1,3d,16.8
2026-10-08T15:06:12,41064,other-process-1,3d,20.3
2026-10-08T15:06:22,41064,other-process-1,3d,19.2
2026-10-08T15:06:33,2420,dwm,3d,2.3
2026-10-08T15:06:33,41064,other-process-1,3d,25.3
2026-10-08T15:06:43,41064,other-process-1,3d,21.4
2026-10-08T15:06:54,2420,dwm,3d,3.3
2026-10-08T15:06:54,41064,other-process-1,3d,15.7
2026-10-08T15:06:54,4,System,copy,1.2
2026-10-08T15:07:04,41064,other-process-1,3d,19.0
2026-10-08T15:07:14,2420,dwm,3d,1.4
2026-10-08T15:07:14,41064,other-process-1,3d,21.5
2026-10-08T15:07:25,41064,other-process-1,3d,17.7
2026-10-08T15:07:35,41064,other-process-1,3d,17.9
2026-10-08T15:07:46,2420,dwm,3d,2.7
2026-10-08T15:07:46,38124,other-process-7,3d,1.0
2026-10-08T15:07:46,41064,other-process-1,3d,14.9
2026-10-08T15:07:46,4,System,copy,1.4
2026-10-08T15:07:56,41064,other-process-1,3d,12.1
2026-10-08T15:08:07,41064,other-process-1,3d,14.4
2026-10-08T15:08:17,41064,other-process-1,3d,20.6
2026-10-08T15:08:17,4,System,copy,1.3
2026-10-08T15:08:28,38124,other-process-7,3d,1.3
2026-10-08T15:08:28,41064,other-process-1,3d,16.4
2026-10-08T15:08:38,2420,dwm,3d,2.8
2026-10-08T15:08:38,41064,other-process-1,3d,19.5
2026-10-08T15:08:48,41064,other-process-1,3d,19.4
2026-10-08T15:08:58,2420,dwm,3d,3.1
2026-10-08T15:08:58,41064,other-process-1,3d,18.3
2026-10-08T15:09:09,41064,other-process-1,3d,22.2
2026-10-08T15:09:19,2420,dwm,3d,1.3
2026-10-08T15:09:19,41064,other-process-1,3d,13.8
2026-10-08T15:09:29,2420,dwm,3d,1.1
2026-10-08T15:09:29,41064,other-process-1,3d,20.3
2026-10-08T15:09:40,41064,other-process-1,3d,19.8
2026-10-08T15:09:50,2420,dwm,3d,2.3
2026-10-08T15:09:50,41064,other-process-1,3d,13.6
2026-10-08T15:09:50,4,System,copy,1.3
2026-10-08T15:10:00,41064,other-process-1,3d,19.9
2026-10-08T15:10:10,2420,dwm,3d,4.1
2026-10-08T15:10:10,41064,other-process-1,3d,13.6
2026-10-08T15:10:21,41064,other-process-1,3d,21.5
2026-10-08T15:10:31,2420,dwm,3d,2.3
2026-10-08T15:10:31,41064,other-process-1,3d,15.4
2026-10-08T15:10:42,2420,dwm,3d,1.9
2026-10-08T15:10:42,41064,other-process-1,3d,13.5
2026-10-08T15:10:53,41064,other-process-1,3d,23.3
2026-10-08T15:11:03,2420,dwm,3d,3.1
2026-10-08T15:11:03,38124,other-process-7,3d,1.2
2026-10-08T15:11:03,41064,other-process-1,3d,14.0
2026-10-08T15:11:14,2420,dwm,3d,2.3
2026-10-08T15:11:14,41064,other-process-1,3d,18.9
2026-10-08T15:11:25,41064,other-process-1,3d,21.9
2026-10-08T15:11:35,2420,dwm,3d,4.3
2026-10-08T15:11:35,38124,other-process-7,3d,1.7
2026-10-08T15:11:35,41064,other-process-1,3d,14.2
2026-10-08T15:11:35,4,System,copy,1.1
2026-10-08T15:11:46,41064,other-process-1,3d,20.4
2026-10-08T15:11:56,2420,dwm,3d,1.4
2026-10-08T15:11:56,41064,other-process-1,3d,16.8
2026-10-08T15:12:07,2420,dwm,3d,2.0
2026-10-08T15:12:07,38124,other-process-7,3d,1.0
2026-10-08T15:12:07,41064,other-process-1,3d,19.3
2026-10-08T15:12:07,4,System,copy,1.6
2026-10-08T15:12:17,41064,other-process-1,3d,13.8
2026-10-08T15:12:28,2420,dwm,3d,1.4
2026-10-08T15:12:28,41064,other-process-1,3d,22.4
2026-10-08T15:12:38,2420,dwm,3d,2.4
2026-10-08T15:12:38,41064,other-process-1,3d,15.8
2026-10-08T15:12:49,41064,other-process-1,3d,13.1
2026-10-08T15:13:00,2420,dwm,3d,3.4
2026-10-08T15:13:00,41064,other-process-1,3d,17.2
2026-10-08T15:13:00,4,System,copy,1.2
2026-10-08T15:13:10,41064,other-process-1,3d,5.2
2026-10-08T15:13:21,2420,dwm,3d,6.8
2026-10-08T15:13:21,41064,other-process-1,3d,10.8
2026-10-08T15:13:31,2420,dwm,3d,1.8
2026-10-08T15:13:31,41064,other-process-1,3d,16.7
2026-10-08T15:13:42,2420,dwm,3d,2.4
2026-10-08T15:13:42,38124,other-process-7,3d,1.4
2026-10-08T15:13:42,41064,other-process-1,3d,15.1
2026-10-08T15:13:53,2420,dwm,3d,1.2
2026-10-08T15:13:53,41064,other-process-1,3d,19.4
2026-10-08T15:13:53,4,System,copy,1.9
2026-10-08T15:14:04,41064,other-process-1,3d,19.6
2026-10-08T15:14:14,2420,dwm,3d,2.1
2026-10-08T15:14:14,41064,other-process-1,3d,14.2
2026-10-08T15:14:25,2420,dwm,3d,2.4
2026-10-08T15:14:25,38124,other-process-7,3d,1.4
2026-10-08T15:14:25,41064,other-process-1,3d,14.0
2026-10-08T15:14:36,41064,other-process-1,3d,19.0
2026-10-08T15:14:46,41064,other-process-1,3d,20.9
2026-10-08T15:14:57,41064,other-process-1,3d,17.8
2026-10-08T15:15:07,41064,other-process-1,3d,17.4
2026-10-08T15:15:18,2420,dwm,3d,2.6
2026-10-08T15:15:18,41064,other-process-1,3d,14.2
2026-10-08T15:15:28,41064,other-process-1,3d,19.8
2026-10-08T15:15:39,41064,other-process-1,3d,17.6
2026-10-08T15:15:49,41064,other-process-1,3d,19.1
2026-10-08T15:16:00,41064,other-process-1,3d,21.1
2026-10-08T15:16:10,2420,dwm,3d,2.8
2026-10-08T15:16:10,41064,other-process-1,3d,16.3
2026-10-08T15:16:21,2420,dwm,3d,2.3
2026-10-08T15:16:21,41064,other-process-1,3d,17.6
2026-10-08T15:16:31,41064,other-process-1,3d,19.4
2026-10-08T15:16:41,41064,other-process-1,3d,17.1
2026-10-08T15:16:52,41064,other-process-1,3d,17.0
2026-10-08T15:17:02,41064,other-process-1,3d,13.7
2026-10-08T15:17:13,38124,other-process-7,3d,1.2
2026-10-08T15:17:13,41064,other-process-1,3d,16.3
2026-10-08T15:17:23,41064,other-process-1,3d,18.7
2026-10-08T15:17:34,2420,dwm,3d,2.9
2026-10-08T15:17:34,41064,other-process-1,3d,16.4
2026-10-08T15:17:45,41064,other-process-1,3d,13.0
2026-10-08T15:17:55,2420,dwm,3d,2.5
2026-10-08T15:17:55,41064,other-process-1,3d,17.2
2026-10-08T15:18:05,41064,other-process-1,3d,17.4
2026-10-08T15:18:16,41064,other-process-1,3d,17.6
2026-10-08T15:18:26,2420,dwm,3d,2.8
2026-10-08T15:18:26,41064,other-process-1,3d,19.9
2026-10-08T15:18:37,41064,other-process-1,3d,18.2
2026-10-08T15:18:47,2420,dwm,3d,3.0
2026-10-08T15:18:47,38124,other-process-7,3d,1.3
2026-10-08T15:18:47,41064,other-process-1,3d,12.4
2026-10-08T15:18:57,38124,other-process-7,3d,1.1
2026-10-08T15:18:57,41064,other-process-1,3d,14.4
2026-10-08T15:19:08,41064,other-process-1,3d,19.9
2026-10-08T15:19:18,2420,dwm,3d,2.5
2026-10-08T15:19:18,41064,other-process-1,3d,14.9
2026-10-08T15:19:18,4,System,copy,1.0
2026-10-08T15:19:28,41064,other-process-1,3d,21.2
2026-10-08T15:19:39,2420,dwm,3d,3.0
2026-10-08T15:19:39,38124,other-process-7,3d,1.1
2026-10-08T15:19:39,41064,other-process-1,3d,14.5
2026-10-08T15:19:49,41064,other-process-1,3d,15.6
2026-10-08T15:20:00,41064,other-process-1,3d,17.9
2026-10-08T15:20:10,2420,dwm,3d,1.7
2026-10-08T15:20:10,41064,other-process-1,3d,16.0
2026-10-08T15:20:20,38124,other-process-7,3d,1.2
2026-10-08T15:20:20,41064,other-process-1,3d,16.5
2026-10-08T15:20:31,41064,other-process-1,3d,18.5
2026-10-08T15:20:41,2420,dwm,3d,1.1
2026-10-08T15:20:41,41064,other-process-1,3d,19.7
2026-10-08T15:20:52,2420,dwm,3d,1.6
2026-10-08T15:20:52,41064,other-process-1,3d,15.3
2026-10-08T15:21:02,2420,dwm,3d,2.8
2026-10-08T15:21:02,41064,other-process-1,3d,11.8
2026-10-08T15:21:13,41064,other-process-1,3d,17.5
2026-10-08T15:21:23,2420,dwm,3d,1.9
2026-10-08T15:21:23,41064,other-process-1,3d,19.3
2026-10-08T15:21:34,2420,dwm,3d,4.9
2026-10-08T15:21:34,41064,other-process-1,3d,9.5
2026-10-08T15:21:45,2420,dwm,3d,3.1
2026-10-08T15:21:45,38124,other-process-7,3d,1.7
2026-10-08T15:21:45,41064,other-process-1,3d,17.7
2026-10-08T15:21:55,2420,dwm,3d,4.0
2026-10-08T15:21:55,41064,other-process-1,3d,14.6
2026-10-08T15:22:06,41064,other-process-1,3d,15.8
2026-10-08T15:22:16,2420,dwm,3d,3.9
2026-10-08T15:22:16,41064,other-process-1,3d,21.8
2026-10-08T15:22:27,,,none,0
2026-10-08T15:22:37,,,none,0
2026-10-08T15:22:47,,,none,0
2026-10-08T15:22:57,,,none,0
2026-10-08T15:23:07,,,none,0
2026-10-08T15:23:17,,,none,0
2026-10-08T15:23:28,,,none,0
2026-10-08T15:23:38,38124,other-process-7,3d,2.2
2026-10-08T15:23:38,4,System,copy,3.0
2026-10-08T15:23:48,,,none,0
2026-10-08T15:23:58,,,none,0
2026-10-08T15:24:08,,,none,0
2026-10-08T15:24:18,,,none,0
2026-10-08T15:24:28,,,none,0
2026-10-08T15:24:39,,,none,0
2026-10-08T15:24:49,,,none,0
2026-10-08T15:24:59,,,none,0
2026-10-08T15:25:09,,,none,0
2026-10-08T15:25:19,,,none,0
2026-10-08T15:25:30,,,none,0
2026-10-08T15:25:40,,,none,0
2026-10-08T15:25:50,,,none,0
2026-10-08T15:26:00,,,none,0
2026-10-08T15:26:10,,,none,0
2026-10-08T15:26:20,,,none,0
2026-10-08T15:26:30,,,none,0
2026-10-08T15:26:40,,,none,0
2026-10-08T15:26:50,,,none,0
2026-10-08T15:27:01,,,none,0
2026-10-08T15:27:11,,,none,0
2026-10-08T15:27:21,,,none,0
2026-10-08T15:27:31,,,none,0
2026-10-08T15:27:41,,,none,0
2026-10-08T15:27:51,,,none,0
2026-10-08T15:28:01,,,none,0
2026-10-08T15:28:11,,,none,0
2026-10-08T15:28:21,,,none,0
2026-10-08T15:28:31,,,none,0
2026-10-08T15:28:41,,,none,0
2026-10-08T15:28:52,,,none,0
2026-10-08T15:29:02,,,none,0
2026-10-08T15:29:12,,,none,0
2026-10-08T15:29:22,,,none,0
2026-10-08T15:29:32,,,none,0
2026-10-08T15:29:42,,,none,0
2026-10-08T15:29:52,,,none,0
2026-10-08T15:30:02,,,none,0
2026-10-08T15:30:12,,,none,0
2026-10-08T15:30:22,,,none,0
2026-10-08T15:30:33,,,none,0
2026-10-08T15:30:43,,,none,0
2026-10-08T15:30:53,,,none,0
2026-10-08T15:31:03,,,none,0
2026-10-08T15:31:13,,,none,0
2026-10-08T15:31:23,,,none,0
2026-10-08T15:31:33,,,none,0
2026-10-08T15:31:44,,,none,0
2026-10-08T15:31:54,,,none,0
2026-10-08T15:32:04,,,none,0
2026-10-08T15:32:14,,,none,0
2026-10-08T15:32:24,,,none,0
2026-10-08T15:32:34,,,none,0
2026-10-08T15:32:44,,,none,0
2026-10-08T15:32:55,,,none,0
2026-10-08T15:33:05,,,none,0
2026-10-08T15:33:15,,,none,0
2026-10-08T15:33:25,,,none,0
2026-10-08T15:33:35,,,none,0
2026-10-08T15:33:45,,,none,0
2026-10-08T15:33:55,,,none,0
2026-10-08T15:34:05,,,none,0
2026-10-08T15:34:15,,,none,0
2026-10-08T15:34:25,,,none,0
2026-10-08T15:34:35,,,none,0
2026-10-08T15:34:45,,,none,0
2026-10-08T15:34:55,,,none,0
2026-10-08T15:35:06,,,none,0
2026-10-08T15:35:16,,,none,0
2026-10-08T15:35:26,,,none,0
2026-10-08T15:35:36,,,none,0
2026-10-08T15:35:46,,,none,0
2026-10-08T15:35:56,,,none,0
2026-10-08T15:36:06,,,none,0
2026-10-08T15:36:16,,,none,0
2026-10-08T15:36:26,,,none,0
2026-10-08T15:36:36,,,none,0
2026-10-08T15:36:46,,,none,0
2026-10-08T15:36:56,,,none,0
2026-10-08T15:37:06,,,none,0
2026-10-08T15:37:17,,,none,0
2026-10-08T15:37:27,,,none,0
2026-10-08T15:37:37,,,none,0
2026-10-08T15:37:47,,,none,0
2026-10-08T15:37:57,,,none,0
2026-10-08T15:38:07,,,none,0
2026-10-08T15:38:17,,,none,0
2026-10-08T15:38:27,,,none,0
2026-10-08T15:38:37,,,none,0
2026-10-08T15:38:48,,,none,0
2026-10-08T15:38:58,,,none,0
2026-10-08T15:39:08,,,none,0
2026-10-08T15:39:18,,,none,0
2026-10-08T15:39:28,,,none,0
2026-10-08T15:39:38,,,none,0
2026-10-08T15:39:49,,,none,0
2026-10-08T15:39:59,,,none,0
2026-10-08T15:40:09,,,none,0
2026-10-08T15:40:19,,,none,0
2026-10-08T15:40:29,,,none,0
2026-10-08T15:40:39,,,none,0
2026-10-08T15:40:49,,,none,0
2026-10-08T15:40:59,,,none,0
2026-10-08T15:41:09,,,none,0
2026-10-08T15:41:19,,,none,0
2026-10-08T15:41:29,,,none,0
2026-10-08T15:41:39,,,none,0
2026-10-08T15:41:49,,,none,0
2026-10-08T15:41:59,,,none,0
2026-10-08T15:42:09,,,none,0
2026-10-08T15:42:19,,,none,0
2026-10-08T15:42:29,,,none,0
2026-10-08T15:42:39,,,none,0
2026-10-08T15:42:49,,,none,0
2026-10-08T15:42:59,,,none,0
2026-10-08T15:43:09,,,none,0
2026-10-08T15:43:19,,,none,0
2026-10-08T15:43:29,,,none,0
2026-10-08T15:43:38,,,none,0
2026-10-08T15:43:48,,,none,0
2026-10-08T15:43:58,,,none,0
2026-10-08T15:44:08,,,none,0
2026-10-08T15:44:18,,,none,0
2026-10-08T15:44:28,,,none,0
2026-10-08T15:44:38,,,none,0
2026-10-08T15:44:48,,,none,0
2026-10-08T15:44:58,,,none,0
2026-10-08T15:45:08,,,none,0
2026-10-08T15:45:18,,,none,0
2026-10-08T15:45:28,,,none,0
2026-10-08T15:45:38,,,none,0
2026-10-08T15:45:48,,,none,0
2026-10-08T15:45:58,,,none,0
2026-10-08T15:46:08,,,none,0
2026-10-08T15:46:18,,,none,0
2026-10-08T15:46:27,,,none,0
2026-10-08T15:46:38,,,none,0
2026-10-08T15:46:48,,,none,0
2026-10-08T15:46:57,,,none,0
2026-10-08T15:47:07,,,none,0
2026-10-08T15:47:17,,,none,0
2026-10-08T15:47:27,,,none,0
2026-10-08T15:47:37,,,none,0
2026-10-08T15:47:47,,,none,0
2026-10-08T15:47:57,,,none,0
2026-10-08T15:48:07,,,none,0
2026-10-08T15:48:17,,,none,0
2026-10-08T15:48:27,,,none,0
2026-10-08T15:48:37,,,none,0
2026-10-08T15:48:47,,,none,0
2026-10-08T15:48:57,,,none,0
2026-10-08T15:49:07,,,none,0
2026-10-08T15:49:17,,,none,0
2026-10-08T15:49:27,,,none,0
2026-10-08T15:49:37,,,none,0
2026-10-08T15:49:47,,,none,0
2026-10-08T15:49:57,,,none,0
2026-10-08T15:50:07,,,none,0
2026-10-08T15:50:17,,,none,0
2026-10-08T15:50:27,,,none,0
2026-10-08T15:50:37,,,none,0
2026-10-08T15:50:46,,,none,0
2026-10-08T15:50:56,,,none,0
2026-10-08T15:51:06,,,none,0
2026-10-08T15:51:16,,,none,0
2026-10-08T15:51:26,,,none,0
2026-10-08T15:51:36,,,none,0
2026-10-08T15:51:46,,,none,0
2026-10-08T15:51:56,,,none,0
2026-10-08T15:52:06,,,none,0
2026-10-08T15:52:16,,,none,0
2026-10-08T15:52:26,,,none,0
2026-10-08T15:52:35,,,none,0
2026-10-08T15:52:45,,,none,0
2026-10-08T15:52:55,,,none,0
2026-10-08T15:53:05,,,none,0
2026-10-08T15:53:15,,,none,0
2026-10-08T15:53:25,,,none,0
2026-10-08T15:53:35,,,none,0
2026-10-08T15:53:45,,,none,0
2026-10-08T15:53:55,,,none,0
2026-10-08T15:54:05,,,none,0
2026-10-08T15:54:15,,,none,0
2026-10-08T15:54:25,,,none,0
2026-10-08T15:54:35,,,none,0
2026-10-08T15:54:45,,,none,0
2026-10-08T15:54:55,,,none,0
2026-10-08T15:55:05,,,none,0
2026-10-08T15:55:15,,,none,0
2026-10-08T15:55:25,,,none,0
2026-10-08T15:55:35,,,none,0
2026-10-08T15:55:45,,,none,0
2026-10-08T15:55:55,,,none,0
2026-10-08T15:56:05,,,none,0
2026-10-08T15:56:15,,,none,0
2026-10-08T15:56:25,,,none,0
2026-10-08T15:56:35,,,none,0
2026-10-08T15:56:45,,,none,0
2026-10-08T15:56:55,,,none,0
2026-10-08T15:57:05,,,none,0
2026-10-08T15:57:15,,,none,0
2026-10-08T15:57:25,,,none,0
2026-10-08T15:57:35,,,none,0
2026-10-08T15:57:45,,,none,0
2026-10-08T15:57:55,,,none,0
2026-10-08T15:58:05,,,none,0
2026-10-08T15:58:15,,,none,0
2026-10-08T15:58:25,,,none,0
2026-10-08T15:58:35,,,none,0
2026-10-08T15:58:45,,,none,0
2026-10-08T15:58:55,,,none,0
2026-10-08T15:59:05,,,none,0
2026-10-08T15:59:15,,,none,0
2026-10-08T15:59:24,,,none,0
2026-10-08T15:59:34,,,none,0
2026-10-08T15:59:44,,,none,0
2026-10-08T15:59:54,,,none,0
2026-10-08T16:00:04,,,none,0
2026-10-08T16:00:14,,,none,0
2026-10-08T16:00:24,,,none,0
2026-10-08T16:00:34,,,none,0
2026-10-08T16:00:44,,,none,0
2026-10-08T16:00:54,,,none,0
2026-10-08T16:01:04,,,none,0
2026-10-08T16:01:14,,,none,0
2026-10-08T16:01:24,,,none,0
2026-10-08T16:01:34,,,none,0
2026-10-08T16:01:44,,,none,0
2026-10-08T16:01:54,,,none,0
2026-10-08T16:02:04,,,none,0
2026-10-08T16:02:14,,,none,0
2026-10-08T16:02:24,,,none,0
2026-10-08T16:02:33,,,none,0
2026-10-08T16:02:43,,,none,0
2026-10-08T16:02:53,,,none,0
2026-10-08T16:03:03,,,none,0
2026-10-08T16:03:13,,,none,0
2026-10-08T16:03:23,,,none,0
2026-10-08T16:03:33,,,none,0
2026-10-08T16:03:43,,,none,0
2026-10-08T16:03:53,,,none,0
2026-10-08T16:04:03,,,none,0
2026-10-08T16:04:13,,,none,0
2026-10-08T16:04:23,,,none,0
2026-10-08T16:04:33,,,none,0
2026-10-08T16:04:43,,,none,0
2026-10-08T16:04:53,,,none,0
2026-10-08T16:05:03,,,none,0
2026-10-08T16:05:13,,,none,0
2026-10-08T16:05:23,,,none,0
2026-10-08T16:05:33,,,none,0
2026-10-08T16:05:43,,,none,0
2026-10-08T16:05:52,,,none,0
2026-10-08T16:06:02,,,none,0
2026-10-08T16:06:12,,,none,0
2026-10-08T16:06:22,,,none,0
2026-10-08T16:06:32,,,none,0
2026-10-08T16:06:43,,,none,0
2026-10-08T16:06:52,,,none,0
2026-10-08T16:07:02,,,none,0
2026-10-08T16:07:12,,,none,0
2026-10-08T16:07:22,,,none,0
2026-10-08T16:07:32,,,none,0
2026-10-08T16:07:42,,,none,0
2026-10-08T16:07:52,,,none,0
2026-10-08T16:08:02,,,none,0
2026-10-08T16:08:12,,,none,0
2026-10-08T16:08:22,,,none,0
2026-10-08T16:08:32,,,none,0
2026-10-08T16:08:42,,,none,0
2026-10-08T16:08:51,,,none,0
2026-10-08T16:09:01,,,none,0
2026-10-08T16:09:11,,,none,0
2026-10-08T16:09:21,,,none,0
2026-10-08T16:09:31,,,none,0
2026-10-08T16:09:41,,,none,0
2026-10-08T16:09:51,,,none,0
2026-10-08T16:10:01,,,none,0
2026-10-08T16:10:11,,,none,0
2026-10-08T16:10:21,,,none,0
2026-10-08T16:10:31,,,none,0
2026-10-08T16:10:41,,,none,0
2026-10-08T16:10:51,,,none,0
2026-10-08T16:11:01,,,none,0
2026-10-08T16:11:11,,,none,0
2026-10-08T16:11:21,,,none,0
2026-10-08T16:11:31,,,none,0
2026-10-08T16:11:41,,,none,0
2026-10-08T16:11:51,,,none,0
2026-10-08T16:12:01,,,none,0
2026-10-08T16:12:11,,,none,0
2026-10-08T16:12:20,,,none,0
2026-10-08T16:12:30,,,none,0
2026-10-08T16:12:40,,,none,0
2026-10-08T16:12:50,,,none,0
2026-10-08T16:13:00,,,none,0
2026-10-08T16:13:10,,,none,0
2026-10-08T16:13:20,,,none,0
2026-10-08T16:13:30,,,none,0
2026-10-08T16:13:40,,,none,0
2026-10-08T16:13:50,,,none,0
2026-10-08T16:14:00,,,none,0
2026-10-08T16:14:10,,,none,0
2026-10-08T16:14:20,,,none,0
2026-10-08T16:14:30,,,none,0
2026-10-08T16:14:40,,,none,0
2026-10-08T16:14:50,,,none,0
2026-10-08T16:15:00,,,none,0
2026-10-08T16:15:09,,,none,0
2026-10-08T16:15:19,,,none,0
2026-10-08T16:15:29,,,none,0
2026-10-08T16:15:39,,,none,0
2026-10-08T16:15:49,,,none,0
2026-10-08T16:15:59,,,none,0
2026-10-08T16:16:09,,,none,0
2026-10-08T16:16:19,,,none,0
2026-10-08T16:16:29,,,none,0
2026-10-08T16:16:39,,,none,0
2026-10-08T16:16:49,,,none,0
2026-10-08T16:16:59,,,none,0
2026-10-08T16:17:09,,,none,0
2026-10-08T16:17:18,,,none,0
2026-10-08T16:17:28,,,none,0
2026-10-08T16:17:38,,,none,0
2026-10-08T16:17:48,,,none,0
2026-10-08T16:17:58,,,none,0
2026-10-08T16:18:08,,,none,0
2026-10-08T16:18:18,,,none,0
2026-10-08T16:18:28,,,none,0
2026-10-08T16:18:38,,,none,0
2026-10-08T16:18:48,,,none,0
2026-10-08T16:18:58,,,none,0
2026-10-08T16:19:08,,,none,0
2026-10-08T16:19:18,,,none,0
2026-10-08T16:19:28,,,none,0
2026-10-08T16:19:38,,,none,0
2026-10-08T16:19:48,,,none,0
2026-10-08T16:19:58,,,none,0
2026-10-08T16:20:08,,,none,0
2026-10-08T16:20:18,,,none,0
2026-10-08T16:20:28,,,none,0
2026-10-08T16:20:38,,,none,0
2026-10-08T16:20:47,,,none,0
2026-10-08T16:20:57,,,none,0
2026-10-08T16:21:07,,,none,0
2026-10-08T16:21:17,,,none,0
2026-10-08T16:21:27,,,none,0
2026-10-08T16:21:37,,,none,0
2026-10-08T16:21:47,,,none,0
2026-10-08T16:21:57,,,none,0
2026-10-08T16:22:07,,,none,0
2026-10-08T16:22:17,,,none,0
2026-10-08T16:22:27,,,none,0
2026-10-08T16:22:37,,,none,0
2026-10-08T16:22:47,,,none,0
2026-10-08T16:22:57,,,none,0
2026-10-08T16:23:07,,,none,0
2026-10-08T16:23:17,,,none,0
2026-10-08T16:23:27,,,none,0
2026-10-08T16:23:37,,,none,0
2026-10-08T16:23:46,,,none,0
2026-10-08T16:23:56,,,none,0
2026-10-08T16:24:06,,,none,0
2026-10-08T16:24:16,,,none,0
2026-10-08T16:24:26,,,none,0
2026-10-08T16:24:36,,,none,0
2026-10-08T16:24:46,,,none,0
2026-10-08T16:24:56,,,none,0
2026-10-08T16:25:06,,,none,0
2026-10-08T16:25:16,,,none,0
2026-10-08T16:25:26,,,none,0
2026-10-08T16:25:36,,,none,0
2026-10-08T16:25:46,,,none,0
2026-10-08T16:25:56,,,none,0
2026-10-08T16:26:06,,,none,0
2026-10-08T16:26:16,,,none,0
2026-10-08T16:26:26,,,none,0
2026-10-08T16:26:36,,,none,0
2026-10-08T16:26:46,,,none,0
2026-10-08T16:26:56,,,none,0
2026-10-08T16:27:06,,,none,0
2026-10-08T16:27:16,,,none,0
2026-10-08T16:27:26,,,none,0
2026-10-08T16:27:35,,,none,0
2026-10-08T16:27:45,,,none,0
2026-10-08T16:27:55,,,none,0
2026-10-08T16:28:05,,,none,0
2026-10-08T16:28:15,,,none,0
2026-10-08T16:28:25,,,none,0
2026-10-08T16:28:35,,,none,0
2026-10-08T16:28:45,,,none,0
2026-10-08T16:28:55,,,none,0
2026-10-08T16:29:05,,,none,0
2026-10-08T16:29:15,,,none,0
2026-10-08T16:29:25,,,none,0
2026-10-08T16:29:35,,,none,0
2026-10-08T16:29:45,,,none,0
2026-10-08T16:29:55,,,none,0
2026-10-08T16:30:05,,,none,0
2026-10-08T16:30:15,,,none,0
2026-10-08T16:30:25,,,none,0
2026-10-08T16:30:35,,,none,0
2026-10-08T16:30:44,,,none,0
2026-10-08T16:30:54,,,none,0
2026-10-08T16:31:04,,,none,0
2026-10-08T16:31:14,,,none,0
2026-10-08T16:31:24,,,none,0
2026-10-08T16:31:34,,,none,0
2026-10-08T16:31:44,,,none,0
2026-10-08T16:31:54,,,none,0
2026-10-08T16:32:04,,,none,0
2026-10-08T16:32:14,,,none,0
2026-10-08T16:32:24,,,none,0
2026-10-08T16:32:33,,,none,0
2026-10-08T16:32:43,,,none,0
2026-10-08T16:32:53,,,none,0
2026-10-08T16:33:03,,,none,0
2026-10-08T16:33:13,,,none,0
2026-10-08T16:33:23,,,none,0
2026-10-08T16:33:33,,,none,0
2026-10-08T16:33:43,,,none,0
2026-10-08T16:33:53,,,none,0
2026-10-08T16:34:03,,,none,0
2026-10-08T16:34:13,,,none,0
2026-10-08T16:34:23,,,none,0
2026-10-08T16:34:33,,,none,0
2026-10-08T16:34:43,,,none,0
2026-10-08T16:34:53,,,none,0
2026-10-08T16:35:03,,,none,0
2026-10-08T16:35:13,,,none,0
2026-10-08T16:35:23,,,none,0
2026-10-08T16:35:33,,,none,0
2026-10-08T16:35:43,,,none,0
2026-10-08T16:35:53,,,none,0
2026-10-08T16:36:03,,,none,0
2026-10-08T16:36:12,,,none,0
2026-10-08T16:36:22,,,none,0
2026-10-08T16:36:32,,,none,0
2026-10-08T16:36:42,,,none,0
2026-10-08T16:36:52,,,none,0
2026-10-08T16:37:02,,,none,0
2026-10-08T16:37:12,,,none,0
2026-10-08T16:37:22,,,none,0
2026-10-08T16:37:32,,,none,0
2026-10-08T16:37:42,,,none,0
2026-10-08T16:37:52,,,none,0
2026-10-08T16:38:02,,,none,0
2026-10-08T16:38:12,,,none,0
2026-10-08T16:38:22,,,none,0
2026-10-08T16:38:32,,,none,0
2026-10-08T16:38:42,,,none,0
2026-10-08T16:38:52,,,none,0
2026-10-08T16:39:02,,,none,0
2026-10-08T16:39:11,,,none,0
2026-10-08T16:39:21,,,none,0
2026-10-08T16:39:31,,,none,0
2026-10-08T16:39:42,,,none,0
2026-10-08T16:39:52,,,none,0
2026-10-08T16:40:02,,,none,0
2026-10-08T16:40:12,,,none,0
2026-10-08T16:40:22,,,none,0
2026-10-08T16:40:32,,,none,0
2026-10-08T16:40:42,,,none,0
2026-10-08T16:40:52,,,none,0
2026-10-08T16:41:02,,,none,0
2026-10-08T16:41:12,,,none,0
2026-10-08T16:41:22,,,none,0
2026-10-08T16:41:32,,,none,0
2026-10-08T16:41:42,,,none,0
2026-10-08T16:41:51,,,none,0
2026-10-08T16:42:01,,,none,0
2026-10-08T16:42:11,,,none,0
2026-10-08T16:42:21,,,none,0
2026-10-08T16:42:31,,,none,0
2026-10-08T16:42:41,,,none,0
2026-10-08T16:42:51,,,none,0
2026-10-08T16:43:01,,,none,0
2026-10-08T16:43:11,,,none,0
2026-10-08T16:43:21,,,none,0
2026-10-08T16:43:31,,,none,0
2026-10-08T16:43:41,,,none,0
2026-10-08T16:43:51,,,none,0
2026-10-08T16:44:01,,,none,0
2026-10-08T16:44:11,,,none,0
2026-10-08T16:44:21,,,none,0
2026-10-08T16:44:31,,,none,0
2026-10-08T16:44:41,,,none,0
2026-10-08T16:44:51,,,none,0
2026-10-08T16:45:01,,,none,0
2026-10-08T16:45:11,,,none,0
2026-10-08T16:45:21,,,none,0
2026-10-08T16:45:31,,,none,0
2026-10-08T16:45:41,,,none,0
2026-10-08T16:45:51,,,none,0
2026-10-08T16:46:00,,,none,0
2026-10-08T16:46:10,,,none,0
2026-10-08T16:46:20,,,none,0
2026-10-08T16:46:30,,,none,0
2026-10-08T16:46:40,,,none,0
2026-10-08T16:46:50,,,none,0
2026-10-08T16:47:00,,,none,0
2026-10-08T16:47:10,,,none,0
2026-10-08T16:47:20,,,none,0
2026-10-08T16:47:30,,,none,0
2026-10-08T16:47:40,,,none,0
2026-10-08T16:47:50,,,none,0
2026-10-08T16:48:00,,,none,0
2026-10-08T16:48:10,,,none,0
2026-10-08T16:48:20,,,none,0
2026-10-08T16:48:29,,,none,0
2026-10-08T16:48:39,,,none,0
2026-10-08T16:48:49,,,none,0
2026-10-08T16:48:59,,,none,0
2026-10-08T16:49:09,,,none,0
2026-10-08T16:49:19,,,none,0
2026-10-08T16:49:29,,,none,0
2026-10-08T16:49:39,,,none,0
2026-10-08T16:49:49,,,none,0
2026-10-08T16:49:59,,,none,0
2026-10-08T16:50:09,,,none,0
2026-10-08T16:50:19,,,none,0
2026-10-08T16:50:29,,,none,0
2026-10-08T16:50:39,,,none,0
2026-10-08T16:50:49,,,none,0
2026-10-08T16:50:59,,,none,0
2026-10-08T16:51:09,,,none,0
2026-10-08T16:51:19,,,none,0
2026-10-08T16:51:29,,,none,0
2026-10-08T16:51:39,,,none,0
2026-10-08T16:51:49,,,none,0
2026-10-08T16:51:58,,,none,0
2026-10-08T16:52:08,,,none,0
2026-10-08T16:52:18,,,none,0
2026-10-08T16:52:28,,,none,0
2026-10-08T16:52:38,,,none,0
2026-10-08T16:52:48,,,none,0
2026-10-08T16:52:58,,,none,0
2026-10-08T16:53:08,,,none,0
2026-10-08T16:53:18,,,none,0
2026-10-08T16:53:28,,,none,0
2026-10-08T16:53:38,,,none,0
2026-10-08T16:53:48,,,none,0
2026-10-08T16:53:58,,,none,0
2026-10-08T16:54:08,,,none,0
2026-10-08T16:54:18,,,none,0
2026-10-08T16:54:28,,,none,0
2026-10-08T16:54:38,,,none,0
2026-10-08T16:54:47,,,none,0
2026-10-08T16:54:57,,,none,0
2026-10-08T16:55:07,,,none,0
2026-10-08T16:55:17,,,none,0
2026-10-08T16:55:27,,,none,0
2026-10-08T16:55:37,,,none,0
2026-10-08T16:55:47,,,none,0
2026-10-08T16:55:57,,,none,0
2026-10-08T16:56:07,,,none,0
2026-10-08T16:56:17,,,none,0
2026-10-08T16:56:27,,,none,0
2026-10-08T16:56:37,,,none,0
2026-10-08T16:56:47,,,none,0
2026-10-08T16:56:56,,,none,0
2026-10-08T16:57:06,,,none,0
2026-10-08T16:57:16,,,none,0
2026-10-08T16:57:26,,,none,0
2026-10-08T16:57:36,,,none,0
2026-10-08T16:57:46,,,none,0
2026-10-08T16:57:56,,,none,0
2026-10-08T16:58:06,,,none,0
2026-10-08T16:58:16,,,none,0
2026-10-08T16:58:26,,,none,0
2026-10-08T16:58:36,,,none,0
2026-10-08T16:58:46,,,none,0
2026-10-08T16:58:56,,,none,0
2026-10-08T16:59:06,,,none,0
2026-10-08T16:59:16,,,none,0
2026-10-08T16:59:26,,,none,0
2026-10-08T16:59:36,,,none,0
2026-10-08T16:59:46,,,none,0
2026-10-08T16:59:56,,,none,0
2026-10-08T17:00:06,,,none,0
2026-10-08T17:00:16,,,none,0
2026-10-08T17:00:26,,,none,0
2026-10-08T17:00:36,,,none,0
2026-10-08T17:00:46,,,none,0
2026-10-08T17:00:55,,,none,0
2026-10-08T17:01:05,,,none,0
2026-10-08T17:01:15,,,none,0
2026-10-08T17:01:25,,,none,0
2026-10-08T17:01:35,,,none,0
2026-10-08T17:01:45,,,none,0
2026-10-08T17:01:55,,,none,0
2026-10-08T17:02:05,,,none,0
2026-10-08T17:02:15,,,none,0
2026-10-08T17:02:25,,,none,0
2026-10-08T17:02:35,,,none,0
2026-10-08T17:02:45,,,none,0
2026-10-08T17:02:55,,,none,0
2026-10-08T17:03:05,,,none,0
2026-10-08T17:03:15,,,none,0
2026-10-08T17:03:25,,,none,0
2026-10-08T17:03:35,,,none,0
2026-10-08T17:03:44,,,none,0
2026-10-08T17:03:54,,,none,0
2026-10-08T17:04:04,,,none,0
2026-10-08T17:04:14,,,none,0
2026-10-08T17:04:24,,,none,0
2026-10-08T17:04:34,,,none,0
2026-10-08T17:04:44,,,none,0
2026-10-08T17:04:54,,,none,0
2026-10-08T17:05:04,,,none,0
2026-10-08T17:05:14,,,none,0
2026-10-08T17:05:24,,,none,0
2026-10-08T17:05:34,,,none,0
2026-10-08T17:05:44,,,none,0
2026-10-08T17:05:54,,,none,0
2026-10-08T17:06:04,,,none,0
2026-10-08T17:06:14,,,none,0
2026-10-08T17:06:24,,,none,0
2026-10-08T17:06:34,,,none,0
2026-10-08T17:06:44,,,none,0
2026-10-08T17:06:53,,,none,0
2026-10-08T17:07:03,,,none,0
2026-10-08T17:07:13,,,none,0
2026-10-08T17:07:23,,,none,0
2026-10-08T17:07:33,,,none,0
2026-10-08T17:07:44,,,none,0
2026-10-08T17:07:54,,,none,0
2026-10-08T17:08:04,,,none,0
2026-10-08T17:08:14,,,none,0
2026-10-08T17:08:24,,,none,0
2026-10-08T17:08:34,,,none,0
2026-10-08T17:08:44,,,none,0
2026-10-08T17:08:54,,,none,0
2026-10-08T17:09:04,,,none,0
2026-10-08T17:09:14,,,none,0
2026-10-08T17:09:24,,,none,0
2026-10-08T17:09:34,,,none,0
2026-10-08T17:09:44,,,none,0
2026-10-08T17:09:54,,,none,0
2026-10-08T17:10:04,,,none,0
2026-10-08T17:10:14,,,none,0
2026-10-08T17:10:24,,,none,0
2026-10-08T17:10:34,,,none,0
2026-10-08T17:10:43,,,none,0
2026-10-08T17:10:53,,,none,0
2026-10-08T17:11:03,,,none,0
2026-10-08T17:11:13,,,none,0
2026-10-08T17:11:23,,,none,0
2026-10-08T17:11:34,,,none,0
2026-10-08T17:11:44,,,none,0
2026-10-08T17:11:54,,,none,0
2026-10-08T17:12:04,,,none,0
2026-10-08T17:12:14,,,none,0
2026-10-08T17:12:24,,,none,0
2026-10-08T17:12:34,,,none,0
2026-10-08T17:12:44,,,none,0
2026-10-08T17:12:54,,,none,0
2026-10-08T17:13:04,,,none,0
2026-10-08T17:13:14,,,none,0
2026-10-08T17:13:24,,,none,0
2026-10-08T17:13:34,,,none,0
2026-10-08T17:13:44,,,none,0
2026-10-08T17:13:55,,,none,0
2026-10-08T17:14:05,,,none,0
2026-10-08T17:14:15,,,none,0
2026-10-08T17:14:25,,,none,0
2026-10-08T17:14:35,,,none,0
2026-10-08T17:14:45,,,none,0
2026-10-08T17:14:55,,,none,0
2026-10-08T17:15:05,,,none,0
2026-10-08T17:15:15,,,none,0
2026-10-08T17:15:26,,,none,0
2026-10-08T17:15:36,,,none,0
2026-10-08T17:15:46,,,none,0
2026-10-08T17:15:56,,,none,0
2026-10-08T17:16:06,,,none,0
2026-10-08T17:16:16,,,none,0
2026-10-08T17:16:26,,,none,0
2026-10-08T17:16:36,,,none,0
2026-10-08T17:16:46,,,none,0
2026-10-08T17:16:56,,,none,0
2026-10-08T17:17:06,,,none,0
2026-10-08T17:17:16,,,none,0
2026-10-08T17:17:27,,,none,0
2026-10-08T17:17:37,,,none,0
2026-10-08T17:17:47,,,none,0
2026-10-08T17:17:57,,,none,0
2026-10-08T17:18:07,,,none,0
2026-10-08T17:18:17,,,none,0
2026-10-08T17:18:27,,,none,0
2026-10-08T17:18:37,,,none,0
2026-10-08T17:18:47,,,none,0
2026-10-08T17:18:57,,,none,0
2026-10-08T17:19:07,,,none,0
2026-10-08T17:19:17,,,none,0
2026-10-08T17:19:28,,,none,0
2026-10-08T17:19:38,,,none,0
2026-10-08T17:19:48,,,none,0
2026-10-08T17:19:58,,,none,0
2026-10-08T17:20:08,,,none,0
2026-10-08T17:20:18,,,none,0
2026-10-08T17:20:28,,,none,0
2026-10-08T17:20:38,,,none,0
2026-10-08T17:20:48,,,none,0
2026-10-08T17:20:58,,,none,0
2026-10-08T17:21:08,,,none,0
2026-10-08T17:21:18,,,none,0
2026-10-08T17:21:28,,,none,0
2026-10-08T17:21:39,,,none,0
2026-10-08T17:21:49,,,none,0
2026-10-08T17:21:59,,,none,0
2026-10-08T17:22:09,,,none,0
2026-10-08T17:22:19,,,none,0
2026-10-08T17:22:29,,,none,0
2026-10-08T17:22:39,,,none,0
2026-10-08T17:22:49,,,none,0
2026-10-08T17:22:59,,,none,0
2026-10-08T17:23:09,,,none,0
2026-10-08T17:23:19,,,none,0
2026-10-08T17:23:30,,,none,0
2026-10-08T17:23:40,,,none,0
2026-10-08T17:23:50,,,none,0
2026-10-08T17:24:00,,,none,0
2026-10-08T17:24:10,,,none,0
2026-10-08T17:24:20,,,none,0
2026-10-08T17:24:30,,,none,0
2026-10-08T17:24:40,,,none,0
2026-10-08T17:24:50,,,none,0
2026-10-08T17:25:00,,,none,0
2026-10-08T17:25:10,,,none,0
2026-10-08T17:25:21,,,none,0
2026-10-08T17:25:31,,,none,0
2026-10-08T17:25:41,,,none,0
2026-10-08T17:25:51,,,none,0
2026-10-08T17:26:01,,,none,0
2026-10-08T17:26:11,,,none,0
2026-10-08T17:26:21,,,none,0
2026-10-08T17:26:31,,,none,0
2026-10-08T17:26:41,,,none,0
2026-10-08T17:26:51,,,none,0
2026-10-08T17:27:01,,,none,0
2026-10-08T17:27:11,,,none,0
2026-10-08T17:27:22,,,none,0
2026-10-08T17:27:32,,,none,0
2026-10-08T17:27:42,,,none,0
2026-10-08T17:27:52,,,none,0
2026-10-08T17:28:02,,,none,0
2026-10-08T17:28:12,,,none,0
2026-10-08T17:28:22,,,none,0
2026-10-08T17:28:32,,,none,0
2026-10-08T17:28:42,,,none,0
2026-10-08T17:28:52,,,none,0
2026-10-08T17:29:02,,,none,0
2026-10-08T17:29:12,,,none,0
2026-10-08T17:29:22,,,none,0
2026-10-08T17:29:32,,,none,0
2026-10-08T17:29:43,,,none,0
2026-10-08T17:29:53,,,none,0
2026-10-08T17:30:03,,,none,0
2026-10-08T17:30:13,,,none,0
2026-10-08T17:30:23,,,none,0
2026-10-08T17:30:33,,,none,0
2026-10-08T17:30:43,2420,dwm,3d,2.0
2026-10-08T17:30:43,41064,other-process-1,3d,22.6
2026-10-08T17:30:43,4,System,copy,1.7
2026-10-08T17:30:54,41064,other-process-1,3d,2.1
2026-10-08T17:31:02,2420,dwm,3d,1.2
2026-10-08T17:31:02,38124,other-process-7,3d,1.9
2026-10-08T17:31:02,41064,other-process-1,3d,6.8
2026-10-08T17:31:02,44684,other-process-2,3d,1.7
2026-10-08T17:31:02,4,System,copy,3.9
2026-10-08T17:31:11,2420,dwm,3d,3.9
2026-10-08T17:31:11,38124,other-process-7,3d,2.5
2026-10-08T17:31:11,41064,other-process-1,3d,16.6
2026-10-08T17:31:11,4,System,copy,2.1
2026-10-08T17:31:21,2420,dwm,3d,1.8
2026-10-08T17:31:21,38124,other-process-7,3d,2.3
2026-10-08T17:31:21,41064,other-process-1,3d,20.2
2026-10-08T17:31:21,4,System,copy,1.3
2026-10-08T17:31:32,41064,other-process-1,3d,16.2
2026-10-08T17:31:32,4,System,copy,1.1
2026-10-08T17:31:42,41064,other-process-1,3d,18.7
2026-10-08T17:31:42,4,System,copy,1.4
2026-10-08T17:31:53,2420,dwm,3d,3.3
2026-10-08T17:31:53,38124,other-process-7,3d,1.1
2026-10-08T17:31:53,41064,other-process-1,3d,10.2
2026-10-08T17:31:53,4,System,copy,2.1
2026-10-08T17:32:03,38124,other-process-7,3d,1.0
2026-10-08T17:32:03,41064,other-process-1,3d,16.8
2026-10-08T17:32:14,2420,dwm,3d,1.4
2026-10-08T17:32:14,41064,other-process-1,3d,14.3
2026-10-08T17:32:24,2420,dwm,3d,1.3
2026-10-08T17:32:24,38124,other-process-7,3d,1.5
2026-10-08T17:32:24,41064,other-process-1,3d,19.9
2026-10-08T17:32:24,4,System,copy,1.2
2026-10-08T17:32:35,41064,other-process-1,3d,20.4
2026-10-08T17:32:45,2420,dwm,3d,2.8
2026-10-08T17:32:45,38124,other-process-7,3d,1.4
2026-10-08T17:32:45,41064,other-process-1,3d,17.0
2026-10-08T17:32:45,4,System,copy,1.5
2026-10-08T17:32:56,41064,other-process-1,3d,21.4
2026-10-08T17:33:06,2420,dwm,3d,1.4
2026-10-08T17:33:06,41064,other-process-1,3d,16.4
2026-10-08T17:33:06,4,System,copy,1.2
2026-10-08T17:33:16,2420,dwm,3d,1.1
2026-10-08T17:33:16,41064,other-process-1,3d,23.4
2026-10-08T17:33:27,,,none,0
2026-10-08T17:33:36,41064,other-process-1,3d,16.2
2026-10-08T17:33:47,41064,other-process-1,3d,20.8
2026-10-08T17:33:57,2420,dwm,3d,2.7
2026-10-08T17:33:57,41064,other-process-1,3d,16.8
2026-10-08T17:34:08,41064,other-process-1,3d,16.8
2026-10-08T17:34:18,2420,dwm,3d,1.4
2026-10-08T17:34:18,41064,other-process-1,3d,14.9
2026-10-08T17:34:28,41064,other-process-1,3d,19.1
2026-10-08T17:34:39,41064,other-process-1,3d,16.8
2026-10-08T17:34:49,2420,dwm,3d,2.2
2026-10-08T17:34:49,41064,other-process-1,3d,18.1
2026-10-08T17:34:59,2420,dwm,3d,3.4
2026-10-08T17:34:59,38124,other-process-7,3d,1.3
2026-10-08T17:34:59,41064,other-process-1,3d,14.6
2026-10-08T17:34:59,4,System,copy,2.2
2026-10-08T17:35:10,2420,dwm,3d,1.0
2026-10-08T17:35:10,41064,other-process-1,3d,18.9
2026-10-08T17:35:20,2420,dwm,3d,1.2
2026-10-08T17:35:20,41064,other-process-1,3d,19.7
2026-10-08T17:35:31,41064,other-process-1,3d,17.8
2026-10-08T17:35:42,2420,dwm,3d,1.4
2026-10-08T17:35:42,41064,other-process-1,3d,13.5
2026-10-08T17:35:52,,,none,0
2026-10-08T17:36:03,,,none,0
2026-10-08T17:36:13,2420,dwm,3d,1.8
2026-10-08T17:36:13,41064,other-process-1,3d,12.4
2026-10-08T17:36:24,41064,other-process-1,3d,16.0
2026-10-08T17:36:34,41064,other-process-1,3d,16.2
2026-10-08T17:36:45,2420,dwm,3d,2.5
2026-10-08T17:36:45,41064,other-process-1,3d,20.0
2026-10-08T17:36:45,4,System,copy,1.5
2026-10-08T17:36:56,41064,other-process-1,3d,21.8
2026-10-08T17:37:06,41064,other-process-1,3d,20.7
2026-10-08T17:37:17,2420,dwm,3d,2.0
2026-10-08T17:37:17,41064,other-process-1,3d,10.9
2026-10-08T17:37:27,41064,other-process-1,3d,22.7
2026-10-08T17:37:38,41064,other-process-1,3d,16.8
2026-10-08T17:37:49,41064,other-process-1,3d,4.6
2026-10-08T17:37:59,41064,other-process-1,3d,15.9
2026-10-08T17:38:10,41064,other-process-1,3d,15.4
2026-10-08T17:38:20,2420,dwm,3d,1.5
2026-10-08T17:38:20,41064,other-process-1,3d,16.2
2026-10-08T17:38:31,41064,other-process-1,3d,20.3
2026-10-08T17:38:42,41064,other-process-1,3d,15.9
2026-10-08T17:38:42,4,System,copy,1.4
2026-10-08T17:38:52,2420,dwm,3d,1.7
2026-10-08T17:38:52,41064,other-process-1,3d,16.3
2026-10-08T17:39:03,41064,other-process-1,3d,16.9
2026-10-08T17:39:14,2420,dwm,3d,1.5
2026-10-08T17:39:14,41064,other-process-1,3d,14.6
2026-10-08T17:39:24,2420,dwm,3d,1.1
2026-10-08T17:39:24,41064,other-process-1,3d,18.5
2026-10-08T17:39:35,2420,dwm,3d,2.0
2026-10-08T17:39:35,41064,other-process-1,3d,18.6
2026-10-08T17:39:45,2420,dwm,3d,1.4
2026-10-08T17:39:45,41064,other-process-1,3d,17.2
2026-10-08T17:39:56,41064,other-process-1,3d,20.6
2026-10-08T17:40:07,41064,other-process-1,3d,20.9
2026-10-08T17:40:17,41064,other-process-1,3d,21.2
2026-10-08T17:40:28,2420,dwm,3d,3.9
2026-10-08T17:40:28,38124,other-process-7,3d,1.1
2026-10-08T17:40:28,41064,other-process-1,3d,18.2
2026-10-08T17:40:28,4,System,copy,1.4
2026-10-08T17:40:39,41064,other-process-1,3d,3.3
2026-10-08T17:40:47,,,none,0
2026-10-08T17:40:56,,,none,0
2026-10-08T17:41:05,,,none,0
2026-10-08T17:41:13,,,none,0
2026-10-08T17:41:22,,,none,0
2026-10-08T17:41:30,,,none,0
2026-10-08T17:41:39,,,none,0
2026-10-08T17:41:47,,,none,0
2026-10-08T17:41:56,,,none,0
2026-10-08T17:42:04,,,none,0
2026-10-08T17:42:13,,,none,0
2026-10-08T17:42:21,,,none,0
2026-10-08T17:42:30,,,none,0
2026-10-08T17:42:38,,,none,0
2026-10-08T17:42:47,,,none,0
2026-10-08T17:42:55,,,none,0
2026-10-08T17:43:04,,,none,0
2026-10-08T17:43:12,41064,other-process-1,3d,2.5
2026-10-08T17:43:21,2420,dwm,3d,2.3
2026-10-08T17:43:21,41064,other-process-1,3d,15.8
2026-10-08T17:43:31,41064,other-process-1,3d,18.8
2026-10-08T17:43:42,2420,dwm,3d,4.1
2026-10-08T17:43:42,38124,other-process-7,3d,1.4
2026-10-08T17:43:42,41064,other-process-1,3d,12.5
2026-10-08T17:43:42,4,System,copy,2.2
2026-10-08T17:43:52,41064,other-process-1,3d,13.9
2026-10-08T17:44:03,2420,dwm,3d,2.5
2026-10-08T17:44:03,41064,other-process-1,3d,17.8
2026-10-08T17:44:13,41064,other-process-1,3d,17.4
2026-10-08T17:44:24,2420,dwm,3d,1.5
2026-10-08T17:44:24,41064,other-process-1,3d,19.0
2026-10-08T17:44:34,41064,other-process-1,3d,20.1
2026-10-08T17:44:45,41064,other-process-1,3d,12.9
2026-10-08T17:44:55,41064,other-process-1,3d,3.6
2026-10-08T17:45:06,,,none,0
2026-10-08T17:45:16,,,none,0
2026-10-08T17:45:26,,,none,0
2026-10-08T17:45:37,,,none,0
2026-10-08T17:45:47,,,none,0
2026-10-08T17:45:57,,,none,0
2026-10-08T17:46:07,,,none,0
2026-10-08T17:46:17,,,none,0
2026-10-08T17:46:27,,,none,0
2026-10-08T17:46:38,,,none,0
2026-10-08T17:46:48,,,none,0
2026-10-08T17:46:58,,,none,0
2026-10-08T17:47:08,,,none,0
2026-10-08T17:47:18,,,none,0
2026-10-08T17:47:28,,,none,0
2026-10-08T17:47:39,,,none,0
2026-10-08T17:47:49,,,none,0
2026-10-08T17:47:59,,,none,0
2026-10-08T17:48:09,,,none,0
2026-10-08T17:48:19,,,none,0
2026-10-08T17:48:29,,,none,0
2026-10-08T17:48:40,,,none,0
2026-10-08T17:48:50,,,none,0
2026-10-08T17:49:00,,,none,0
2026-10-08T17:49:10,,,none,0
2026-10-08T17:49:20,,,none,0
2026-10-08T17:49:30,,,none,0
2026-10-08T17:49:41,,,none,0
2026-10-08T17:49:51,,,none,0
2026-10-08T17:50:01,,,none,0
2026-10-08T17:50:11,,,none,0
2026-10-08T17:50:21,,,none,0
2026-10-08T17:50:32,,,none,0
2026-10-08T17:50:42,,,none,0
2026-10-08T17:50:52,,,none,0
2026-10-08T17:51:03,,,none,0
2026-10-08T17:51:13,,,none,0
2026-10-08T17:51:23,,,none,0
2026-10-08T17:51:33,,,none,0
2026-10-08T17:51:44,,,none,0
2026-10-08T17:51:54,,,none,0
2026-10-08T17:52:04,,,none,0
2026-10-08T17:52:15,,,none,0
2026-10-08T17:52:25,,,none,0
2026-10-08T17:52:35,,,none,0
2026-10-08T17:52:45,,,none,0
2026-10-08T17:52:55,,,none,0
2026-10-08T17:53:05,,,none,0
2026-10-08T17:53:16,,,none,0
2026-10-08T17:53:26,,,none,0
2026-10-08T17:53:36,,,none,0
2026-10-08T17:53:46,,,none,0
2026-10-08T17:53:56,,,none,0
2026-10-08T17:54:07,,,none,0
2026-10-08T17:54:17,,,none,0
2026-10-08T17:54:27,,,none,0
2026-10-08T17:54:37,,,none,0
2026-10-08T17:54:47,,,none,0
2026-10-08T17:54:58,,,none,0
2026-10-08T17:55:08,,,none,0
2026-10-08T17:55:18,,,none,0
2026-10-08T17:55:28,,,none,0
2026-10-08T17:55:38,,,none,0
2026-10-08T17:55:49,,,none,0
2026-10-08T17:55:59,,,none,0
2026-10-08T17:56:09,,,none,0
2026-10-08T17:56:19,,,none,0
2026-10-08T17:56:29,,,none,0
2026-10-08T17:56:40,,,none,0
2026-10-08T17:56:50,,,none,0
2026-10-08T17:57:00,,,none,0
2026-10-08T17:57:10,,,none,0
2026-10-08T17:57:20,41064,other-process-1,3d,2.2
2026-10-08T17:57:29,41064,other-process-1,3d,3.9
2026-10-08T17:57:38,41064,other-process-1,3d,1.3
2026-10-08T17:57:46,41064,other-process-1,3d,2.1
2026-10-08T17:57:55,41064,other-process-1,3d,2.4
2026-10-08T17:58:03,41064,other-process-1,3d,7.5
2026-10-08T17:58:12,41064,other-process-1,3d,2.1
2026-10-08T17:58:20,41064,other-process-1,3d,4.0
2026-10-08T17:58:29,41064,other-process-1,3d,2.0
2026-10-08T17:58:38,41064,other-process-1,3d,2.9
2026-10-08T17:58:46,41064,other-process-1,3d,1.6
2026-10-08T17:58:55,41064,other-process-1,3d,5.6
2026-10-08T17:59:03,41064,other-process-1,3d,3.7
2026-10-08T17:59:12,41064,other-process-1,3d,4.7
2026-10-08T17:59:21,41064,other-process-1,3d,4.2
